══════════════════════════════════════════
[33m      AC_Args       [0m
────────────────────┬─────────────────────
   init_noise_std   │ 1.0                 
 actor_hidden_dims  │ [512, 256, 128]     
 critic_hidden_dims │ [512, 256, 128]     
     activation     │ elu                 
adaptation_module_branch_hidden_dims│ [256, 128]          
    use_decoder     │ False               
════════════════════╧═════════════════════
[33m      PPO_Args      [0m
────────────────────┬─────────────────────
  value_loss_coef   │ 1.0                 
use_clipped_value_loss│ True                
     clip_param     │ 0.2                 
    entropy_coef    │ 0.01                
num_learning_epochs │ 10                  
  num_mini_batches  │ 4                   
   learning_rate    │ 0.0005              
adaptation_module_learning_rate│ 0.001               
num_adaptation_module_substeps│ 1                   
      schedule      │ adaptive            
       gamma        │ 0.99                
        lam         │ 0.95                
     desired_kl     │ 0.01                
   max_grad_norm    │ 1.0                 
selective_adaptation_module_loss│ False               
════════════════════╧═════════════════════
[33m     RunnerArgs     [0m
────────────────────┬─────────────────────
algorithm_class_name│ RMA                 
 num_steps_per_env  │ 24                  
   max_iterations   │ 1500                
   save_interval    │ 100                 
save_video_interval │ 100                 
      log_freq      │ 10                  
        glob        │ <module 'glob' from '/home/ammar/anaconda3/envs/uni-o4/lib/python3.8/glob.py'>
       resume       │ True                
      load_run      │ -1                  
     checkpoint     │ -1                  
 resume_curriculum  │ False               
════════════════════╧═════════════════════
[33m        Cfg         [0m
────────────────────┬─────────────────────
        env         │ {'num_envs': 4096, 'num_observations': 58, 'num_scalar_observations': 58, 'num_privileged_obs': 0, 'privileged_future_horizon': 1, 'num_actions': 12, 'num_observation_history': 5, 'env_spacing': 3.0, 'send_timeouts': True, 'episode_length_s': 20, 'observe_vel': False, 'observe_only_ang_vel': False, 'observe_only_lin_vel': False, 'observe_yaw': False, 'observe_contact_states': False, 'observe_command': True, 'observe_height_command': False, 'observe_gait_commands': True, 'observe_timing_parameter': False, 'observe_clock_inputs': True, 'observe_two_prev_actions': False, 'observe_imu': False, 'record_video': True, 'recording_width_px': 360, 'recording_height_px': 240, 'recording_mode': 'COLOR', 'num_recording_envs': 1, 'debug_viz': False, 'all_agents_share': False, 'priv_observe_friction': True, 'priv_observe_friction_indep': False, 'priv_observe_ground_friction': False, 'priv_observe_ground_friction_per_foot': False, 'priv_observe_restitution': True, 'priv_observe_base_mass': False, 'priv_observe_com_displacement': False, 'priv_observe_motor_strength': False, 'priv_observe_motor_offset': False, 'priv_observe_joint_friction': True, 'priv_observe_Kp_factor': False, 'priv_observe_Kd_factor': False, 'priv_observe_contact_forces': False, 'priv_observe_contact_states': False, 'priv_observe_body_velocity': False, 'priv_observe_foot_height': False, 'priv_observe_body_height': False, 'priv_observe_gravity': False, 'priv_observe_terrain_type': False, 'priv_observe_clock_inputs': False, 'priv_observe_doubletime_clock_inputs': False, 'priv_observe_halftime_clock_inputs': False, 'priv_observe_desired_contact_states': False, 'priv_observe_dummy_variable': False, 'priv_observe_motion': False, 'priv_observe_gravity_transformed_motion': False, 'priv_observe_foot_displacement': False, 'priv_observe_gravity_transformed_foot_displacement': False, 'max_episode_length': 1001.0}
      terrain       │ {'mesh_type': 'trimesh', 'horizontal_scale': 0.1, 'vertical_scale': 0.005, 'border_size': 0.0, 'curriculum': False, 'static_friction': 1.0, 'dynamic_friction': 1.0, 'restitution': 0.0, 'terrain_noise_magnitude': 0.0, 'terrain_smoothness': 0.005, 'measure_heights': False, 'measured_points_x': [-0.8, -0.7, -0.6, -0.5, -0.4, -0.3, -0.2, -0.1, 0.0, 0.1, 0.2, 0.3, 0.4, 0.5, 0.6, 0.7, 0.8], 'measured_points_y': [-0.5, -0.4, -0.3, -0.2, -0.1, 0.0, 0.1, 0.2, 0.3, 0.4, 0.5], 'selected': False, 'terrain_kwargs': None, 'min_init_terrain_level': 0, 'max_init_terrain_level': 5, 'terrain_length': 5.0, 'terrain_width': 5.0, 'num_rows': 30, 'num_cols': 30, 'terrain_proportions': [0, 0, 0, 0, 0, 0, 0, 0, 1.0], 'slope_treshold': 0.75, 'difficulty_scale': 1.0, 'x_init_range': 0.2, 'y_init_range': 0.2, 'yaw_init_range': 3.14, 'x_init_offset': 0.0, 'y_init_offset': 0.0, 'teleport_robots': False, 'teleport_thresh': 0.3, 'max_platform_height': 0.2, 'center_robots': True, 'center_span': 4, 'proportions': [0, 0, 0, 0, 0, 0, 0, 0, 1.0], 'num_sub_terrains': 900, 'env_origins': array([[[  2.5,   2.5,   0. ],
        [  2.5,   7.5,   0. ],
        [  2.5,  12.5,   0. ],
        ...,
        [  2.5, 137.5,   0. ],
        [  2.5, 142.5,   0. ],
        [  2.5, 147.5,   0. ]],

       [[  7.5,   2.5,   0. ],
        [  7.5,   7.5,   0. ],
        [  7.5,  12.5,   0. ],
        ...,
        [  7.5, 137.5,   0. ],
        [  7.5, 142.5,   0. ],
        [  7.5, 147.5,   0. ]],

       [[ 12.5,   2.5,   0. ],
        [ 12.5,   7.5,   0. ],
        [ 12.5,  12.5,   0. ],
        ...,
        [ 12.5, 137.5,   0. ],
        [ 12.5, 142.5,   0. ],
        [ 12.5, 147.5,   0. ]],

       ...,

       [[137.5,   2.5,   0. ],
        [137.5,   7.5,   0. ],
        [137.5,  12.5,   0. ],
        ...,
        [137.5, 137.5,   0. ],
        [137.5, 142.5,   0. ],
        [137.5, 147.5,   0. ]],

       [[142.5,   2.5,   0. ],
        [142.5,   7.5,   0. ],
        [142.5,  12.5,   0. ],
        ...,
        [142.5, 137.5,   0. ],
        [142.5, 142.5,   0. ],
        [142.5, 147.5,   0. ]],

       [[147.5,   2.5,   0. ],
        [147.5,   7.5,   0. ],
        [147.5,  12.5,   0. ],
        ...,
        [147.5, 137.5,   0. ],
        [147.5, 142.5,   0. ],
        [147.5, 147.5,   0. ]]]), 'width_per_env_pixels': 50, 'length_per_env_pixels': 50, 'border': 0, 'tot_cols': 1500, 'tot_rows': 1500, 'row_indices': array([   0,    1,    2, ..., 1497, 1498, 1499]), 'col_indices': array([   0,    1,    2, ..., 1497, 1498, 1499]), 'x_offset': 0, 'rows_offset': 0, 'env_length': 5.0, 'env_width': 5.0, 'max_terrain_level': 30, 'terrain_origins': tensor([[[  2.5000,   2.5000,   0.0000],
         [  2.5000,   7.5000,   0.0000],
         [  2.5000,  12.5000,   0.0000],
         ...,
         [  2.5000, 137.5000,   0.0000],
         [  2.5000, 142.5000,   0.0000],
         [  2.5000, 147.5000,   0.0000]],

        [[  7.5000,   2.5000,   0.0000],
         [  7.5000,   7.5000,   0.0000],
         [  7.5000,  12.5000,   0.0000],
         ...,
         [  7.5000, 137.5000,   0.0000],
         [  7.5000, 142.5000,   0.0000],
         [  7.5000, 147.5000,   0.0000]],

        [[ 12.5000,   2.5000,   0.0000],
         [ 12.5000,   7.5000,   0.0000],
         [ 12.5000,  12.5000,   0.0000],
         ...,
         [ 12.5000, 137.5000,   0.0000],
         [ 12.5000, 142.5000,   0.0000],
         [ 12.5000, 147.5000,   0.0000]],

        ...,

        [[137.5000,   2.5000,   0.0000],
         [137.5000,   7.5000,   0.0000],
         [137.5000,  12.5000,   0.0000],
         ...,
         [137.5000, 137.5000,   0.0000],
         [137.5000, 142.5000,   0.0000],
         [137.5000, 147.5000,   0.0000]],

        [[142.5000,   2.5000,   0.0000],
         [142.5000,   7.5000,   0.0000],
         [142.5000,  12.5000,   0.0000],
         ...,
         [142.5000, 137.5000,   0.0000],
         [142.5000, 142.5000,   0.0000],
         [142.5000, 147.5000,   0.0000]],

        [[147.5000,   2.5000,   0.0000],
         [147.5000,   7.5000,   0.0000],
         [147.5000,  12.5000,   0.0000],
         ...,
         [147.5000, 137.5000,   0.0000],
         [147.5000, 142.5000,   0.0000],
         [147.5000, 147.5000,   0.0000]]], device='cuda:0')}
      commands      │ {'command_curriculum': True, 'max_reverse_curriculum': 1.0, 'max_forward_curriculum': 1.0, 'yaw_command_curriculum': False, 'max_yaw_curriculum': 1.0, 'exclusive_command_sampling': False, 'num_commands': 15, 'resampling_time': 10, 'subsample_gait': False, 'gait_interval_s': 10.0, 'vel_interval_s': 10.0, 'jump_interval_s': 20.0, 'jump_duration_s': 0.1, 'jump_height': 0.3, 'heading_command': False, 'global_reference': False, 'observe_accel': False, 'distributional_commands': True, 'curriculum_type': 'RewardThresholdCurriculum', 'lipschitz_threshold': 0.9, 'num_lin_vel_bins': 30, 'lin_vel_step': 0.3, 'num_ang_vel_bins': 30, 'ang_vel_step': 0.3, 'distribution_update_extension_distance': 1, 'curriculum_seed': 100, 'lin_vel_x': [-1.0, 1.0], 'lin_vel_y': [-0.6, 0.6], 'ang_vel_yaw': [-1.0, 1.0], 'body_height_cmd': [-0.25, 0.15], 'impulse_height_commands': False, 'limit_vel_x': [-2.0, 2.0], 'limit_vel_y': [-0.2, 0.2], 'limit_vel_yaw': [-2.0, 2.0], 'limit_body_height': [-0.25, 0.15], 'limit_gait_phase': [0.0, 1.0], 'limit_gait_offset': [0.0, 1.0], 'limit_gait_bound': [0.0, 1.0], 'limit_gait_frequency': [2.0, 4.0], 'limit_gait_duration': [0.5, 0.5], 'limit_footswing_height': [0.03, 0.35], 'limit_body_pitch': [-0.4, 0.4], 'limit_body_roll': [-0.0, 0.0], 'limit_aux_reward_coef': [0.0, 0.01], 'limit_compliance': [0.0, 0.01], 'limit_stance_width': [0.1, 0.45], 'limit_stance_length': [0.35, 0.45], 'num_bins_vel_x': 21, 'num_bins_vel_y': 1, 'num_bins_vel_yaw': 21, 'num_bins_body_height': 1, 'num_bins_gait_frequency': 1, 'num_bins_gait_phase': 1, 'num_bins_gait_offset': 1, 'num_bins_gait_bound': 1, 'num_bins_gait_duration': 1, 'num_bins_footswing_height': 1, 'num_bins_body_pitch': 1, 'num_bins_body_roll': 1, 'num_bins_aux_reward_coef': 1, 'num_bins_compliance': 1, 'num_bins_stance_width': 1, 'num_bins_stance_length': 1, 'heading': [-3.14, 3.14], 'gait_phase_cmd_range': [0.0, 1.0], 'gait_offset_cmd_range': [0.0, 1.0], 'gait_bound_cmd_range': [0.0, 1.0], 'gait_frequency_cmd_range': [2.0, 4.0], 'gait_duration_cmd_range': [0.5, 0.5], 'footswing_height_range': [0.03, 0.35], 'body_pitch_range': [-0.4, 0.4], 'body_roll_range': [-0.0, 0.0], 'aux_reward_coef_range': [0.0, 0.01], 'compliance_range': [0.0, 0.01], 'stance_width_range': [0.1, 0.45], 'stance_length_range': [0.35, 0.45], 'exclusive_phase_offset': False, 'binary_phases': True, 'pacing_offset': False, 'balance_gait_distribution': True, 'gaitwise_curricula': True}
curriculum_thresholds│ {'tracking_lin_vel': 1.0, 'tracking_ang_vel': 1.5, 'tracking_contacts_shaped_force': 0.9, 'tracking_contacts_shaped_vel': 0.9}
     init_state     │ {'pos': [0.0, 0.0, 0.6], 'rot': [0.0, 0.0, 0.0, 1.0], 'lin_vel': [0.0, 0.0, 0.0], 'ang_vel': [0.0, 0.0, 0.0], 'default_joint_angles': {'FL_hip_joint': 0.1, 'RL_hip_joint': 0.1, 'FR_hip_joint': -0.1, 'RR_hip_joint': -0.1, 'FL_thigh_joint': 0.8, 'RL_thigh_joint': 1.0, 'FR_thigh_joint': 0.8, 'RR_thigh_joint': 1.0, 'FL_calf_joint': -1.5, 'RL_calf_joint': -1.5, 'FR_calf_joint': -1.5, 'RR_calf_joint': -1.5}}
      control       │ {'control_type': 'P', 'stiffness': {'joint': 50.0}, 'damping': {'joint': 2.0}, 'action_scale': 0.25, 'hip_scale_reduction': 0.5, 'decimation': 4}
       asset        │ {'file': '{MINI_GYM_ROOT_DIR}/resources/robots/go1/urdf/go1.urdf', 'foot_name': 'foot', 'penalize_contacts_on': ['thigh', 'calf'], 'terminate_after_contacts_on': ['base'], 'disable_gravity': False, 'collapse_fixed_joints': True, 'fix_base_link': False, 'default_dof_drive_mode': 3, 'self_collisions': 0, 'replace_cylinder_with_capsule': True, 'flip_visual_attachments': False, 'density': 0.001, 'angular_damping': 0.0, 'linear_damping': 0.0, 'max_angular_velocity': 1000.0, 'max_linear_velocity': 1000.0, 'armature': 0.0, 'thickness': 0.01}
    domain_rand     │ {'rand_interval_s': 4, 'randomize_rigids_after_start': False, 'randomize_friction': True, 'friction_range': [0.1, 3.0], 'randomize_restitution': True, 'restitution_range': [0.0, 0.4], 'randomize_base_mass': True, 'added_mass_range': [-1.0, 3.0], 'randomize_com_displacement': False, 'com_displacement_range': [-0.15, 0.15], 'randomize_motor_strength': True, 'motor_strength_range': [0.9, 1.1], 'randomize_Kp_factor': False, 'Kp_factor_range': [0.8, 1.3], 'randomize_Kd_factor': False, 'Kd_factor_range': [0.5, 1.5], 'gravity_rand_interval_s': 8.0, 'gravity_impulse_duration': 0.99, 'randomize_gravity': False, 'gravity_range': [-1.0, 1.0], 'push_robots': False, 'push_interval_s': 15, 'max_push_vel_xy': 0.5, 'randomize_lag_timesteps': False, 'lag_timesteps': 6, 'restitution': 0.5, 'randomize_friction_indep': False, 'randomize_ground_friction': True, 'ground_friction_range': [0.0, 0.0], 'randomize_motor_offset': True, 'motor_offset_range': [-0.02, 0.02], 'tile_height_range': [-0.0, 0.0], 'tile_height_curriculum': False, 'tile_height_update_interval': 1000000, 'tile_height_curriculum_step': 0.01, 'push_interval': 751.0, 'rand_interval': 201.0, 'gravity_rand_interval': 401.0, 'gravity_rand_duration': 397.0}
      rewards       │ {'only_positive_rewards': False, 'only_positive_rewards_ji22_style': True, 'sigma_rew_neg': 0.02, 'reward_container_name': 'CoRLRewards', 'tracking_sigma': 0.25, 'tracking_sigma_lat': 0.25, 'tracking_sigma_long': 0.25, 'tracking_sigma_yaw': 0.25, 'soft_dof_pos_limit': 0.9, 'soft_dof_vel_limit': 1.0, 'soft_torque_limit': 1.0, 'base_height_target': 0.3, 'max_contact_force': 100.0, 'use_terminal_body_height': True, 'terminal_body_height': 0.05, 'use_terminal_foot_height': False, 'terminal_foot_height': -0.005, 'use_terminal_roll_pitch': True, 'terminal_body_ori': 1.6, 'kappa_gait_probs': 0.07, 'gait_force_sigma': 100.0, 'gait_vel_sigma': 10.0, 'footswing_height': 0.09}
   reward_scales    │ {'termination': -0.0, 'tracking_lin_vel': 1.0, 'tracking_ang_vel': 0.5, 'lin_vel_z': -0.02, 'ang_vel_xy': -0.001, 'orientation': 0.0, 'torques': -0.0001, 'dof_vel': -0.0001, 'dof_acc': -2.5e-07, 'base_height': 0.0, 'feet_air_time': 0.0, 'collision': -5.0, 'feet_stumble': -0.0, 'action_rate': -0.01, 'stand_still': -0.0, 'tracking_lin_vel_lat': 0.0, 'tracking_lin_vel_long': 0.0, 'tracking_contacts': 0.0, 'tracking_contacts_shaped': 0.0, 'tracking_contacts_shaped_force': 4.0, 'tracking_contacts_shaped_vel': 4.0, 'jump': 10.0, 'energy': 0.0, 'energy_expenditure': 0.0, 'survival': 0.0, 'dof_pos_limits': -10.0, 'feet_contact_forces': 0.0, 'feet_slip': -0.04, 'feet_clearance_cmd_linear': -30.0, 'dof_pos': -0.0, 'action_smoothness_1': -0.1, 'action_smoothness_2': -0.1, 'base_motion': 0.0, 'feet_impact_vel': -0.0, 'raibert_heuristic': -10.0, 'estimation_bonus': 0.0, 'feet_clearance': -0.0, 'feet_clearance_cmd': -0.0, 'orientation_control': -5.0, 'tracking_stance_width': -0.0, 'tracking_stance_length': -0.0, 'hop_symmetry': 0.0}
   normalization    │ {'clip_observations': 100.0, 'clip_actions': 10.0, 'friction_range': [0, 1], 'ground_friction_range': [0, 1], 'restitution_range': [0, 1.0], 'added_mass_range': [-1.0, 3.0], 'com_displacement_range': [-0.1, 0.1], 'motor_strength_range': [0.9, 1.1], 'motor_offset_range': [-0.05, 0.05], 'Kp_factor_range': [0.8, 1.3], 'Kd_factor_range': [0.5, 1.5], 'joint_friction_range': [0.0, 0.7], 'contact_force_range': [0.0, 50.0], 'contact_state_range': [0.0, 1.0], 'body_velocity_range': [-6.0, 6.0], 'foot_height_range': [0.0, 0.15], 'body_height_range': [0.0, 0.6], 'gravity_range': [-1.0, 1.0], 'motion': [-0.01, 0.01]}
     obs_scales     │ {'lin_vel': 2.0, 'ang_vel': 0.25, 'dof_pos': 1.0, 'dof_vel': 0.05, 'imu': 0.1, 'height_measurements': 5.0, 'friction_measurements': 1.0, 'body_height_cmd': 2.0, 'gait_phase_cmd': 1.0, 'gait_freq_cmd': 1.0, 'footswing_height_cmd': 0.15, 'body_pitch_cmd': 0.3, 'body_roll_cmd': 0.3, 'aux_reward_cmd': 1.0, 'compliance_cmd': 1.0, 'stance_width_cmd': 1.0, 'stance_length_cmd': 1.0, 'segmentation_image': 1.0, 'rgb_image': 1.0, 'depth_image': 1.0}
       noise        │ {'add_noise': True, 'noise_level': 1.0}
    noise_scales    │ {'dof_pos': 0.01, 'dof_vel': 1.5, 'lin_vel': 0.1, 'ang_vel': 0.2, 'imu': 0.1, 'gravity': 0.05, 'contact_states': 0.05, 'height_measurements': 0.1, 'friction_measurements': 0.0, 'segmentation_image': 0.0, 'rgb_image': 0.0, 'depth_image': 0.0}
       viewer       │ {'ref_env': 0, 'pos': [10, 0, 6], 'lookat': [11.0, 5, 3.0]}
        sim         │ {'dt': 0.005, 'substeps': 1, 'gravity': [0.0, 0.0, -9.81], 'up_axis': 1, 'use_gpu_pipeline': True, 'physx': {'num_threads': 10, 'solver_type': 1, 'num_position_iterations': 4, 'num_velocity_iterations': 0, 'contact_offset': 0.01, 'rest_offset': 0.0, 'bounce_threshold_velocity': 0.5, 'max_depenetration_velocity': 1.0, 'max_gpu_contact_pairs': 8388608, 'default_buffer_size_multiplier': 5, 'contact_collection': 2}}
   command_ranges   │ {'command_curriculum': True, 'max_reverse_curriculum': 1.0, 'max_forward_curriculum': 1.0, 'yaw_command_curriculum': False, 'max_yaw_curriculum': 1.0, 'exclusive_command_sampling': False, 'num_commands': 15, 'resampling_time': 10, 'subsample_gait': False, 'gait_interval_s': 10.0, 'vel_interval_s': 10.0, 'jump_interval_s': 20.0, 'jump_duration_s': 0.1, 'jump_height': 0.3, 'heading_command': False, 'global_reference': False, 'observe_accel': False, 'distributional_commands': True, 'curriculum_type': 'RewardThresholdCurriculum', 'lipschitz_threshold': 0.9, 'num_lin_vel_bins': 30, 'lin_vel_step': 0.3, 'num_ang_vel_bins': 30, 'ang_vel_step': 0.3, 'distribution_update_extension_distance': 1, 'curriculum_seed': 100, 'lin_vel_x': [-1.0, 1.0], 'lin_vel_y': [-0.6, 0.6], 'ang_vel_yaw': [-1.0, 1.0], 'body_height_cmd': [-0.25, 0.15], 'impulse_height_commands': False, 'limit_vel_x': [-2.0, 2.0], 'limit_vel_y': [-0.2, 0.2], 'limit_vel_yaw': [-2.0, 2.0], 'limit_body_height': [-0.25, 0.15], 'limit_gait_phase': [0.0, 1.0], 'limit_gait_offset': [0.0, 1.0], 'limit_gait_bound': [0.0, 1.0], 'limit_gait_frequency': [2.0, 4.0], 'limit_gait_duration': [0.5, 0.5], 'limit_footswing_height': [0.03, 0.35], 'limit_body_pitch': [-0.4, 0.4], 'limit_body_roll': [-0.0, 0.0], 'limit_aux_reward_coef': [0.0, 0.01], 'limit_compliance': [0.0, 0.01], 'limit_stance_width': [0.1, 0.45], 'limit_stance_length': [0.35, 0.45], 'num_bins_vel_x': 21, 'num_bins_vel_y': 1, 'num_bins_vel_yaw': 21, 'num_bins_body_height': 1, 'num_bins_gait_frequency': 1, 'num_bins_gait_phase': 1, 'num_bins_gait_offset': 1, 'num_bins_gait_bound': 1, 'num_bins_gait_duration': 1, 'num_bins_footswing_height': 1, 'num_bins_body_pitch': 1, 'num_bins_body_roll': 1, 'num_bins_aux_reward_coef': 1, 'num_bins_compliance': 1, 'num_bins_stance_width': 1, 'num_bins_stance_length': 1, 'heading': [-3.14, 3.14], 'gait_phase_cmd_range': [0.0, 1.0], 'gait_offset_cmd_range': [0.0, 1.0], 'gait_bound_cmd_range': [0.0, 1.0], 'gait_frequency_cmd_range': [2.0, 4.0], 'gait_duration_cmd_range': [0.5, 0.5], 'footswing_height_range': [0.03, 0.35], 'body_pitch_range': [-0.4, 0.4], 'body_roll_range': [-0.0, 0.0], 'aux_reward_coef_range': [0.0, 0.01], 'compliance_range': [0.0, 0.01], 'stance_width_range': [0.1, 0.45], 'stance_length_range': [0.35, 0.45], 'exclusive_phase_offset': False, 'binary_phases': True, 'pacing_offset': False, 'balance_gait_distribution': True, 'gaitwise_curricula': True}
════════════════════╧═════════════════════
╒═════════════════════════════════════════════════════╤════════════════════╕
│       train/episode/rew tracking lin vel/mean       │         0.         │
├─────────────────────────────────────────────────────┼────────────────────┤
│       train/episode/rew tracking ang vel/mean       │         0.         │
├─────────────────────────────────────────────────────┼────────────────────┤
│          train/episode/rew lin vel z/mean           │         0.         │
├─────────────────────────────────────────────────────┼────────────────────┤
│          train/episode/rew ang vel xy/mean          │         0.         │
├─────────────────────────────────────────────────────┼────────────────────┤
│           train/episode/rew torques/mean            │         0.         │
├─────────────────────────────────────────────────────┼────────────────────┤
│           train/episode/rew dof vel/mean            │         0.         │
├─────────────────────────────────────────────────────┼────────────────────┤
│           train/episode/rew dof acc/mean            │         0.         │
├─────────────────────────────────────────────────────┼────────────────────┤
│          train/episode/rew collision/mean           │         0.         │
├─────────────────────────────────────────────────────┼────────────────────┤
│         train/episode/rew action rate/mean          │         0.         │
├─────────────────────────────────────────────────────┼────────────────────┤
│train/episode/rew tracking contacts shaped force/mean│         0.         │
├─────────────────────────────────────────────────────┼────────────────────┤
│ train/episode/rew tracking contacts shaped vel/mean │         0.         │
├─────────────────────────────────────────────────────┼────────────────────┤
│             train/episode/rew jump/mean             │         0.         │
├─────────────────────────────────────────────────────┼────────────────────┤
│        train/episode/rew dof pos limits/mean        │         0.         │
├─────────────────────────────────────────────────────┼────────────────────┤
│          train/episode/rew feet slip/mean           │         0.         │
├─────────────────────────────────────────────────────┼────────────────────┤
│  train/episode/rew feet clearance cmd linear/mean   │         0.         │
├─────────────────────────────────────────────────────┼────────────────────┤
│     train/episode/rew action smoothness 1/mean      │         0.         │
├─────────────────────────────────────────────────────┼────────────────────┤
│     train/episode/rew action smoothness 2/mean      │         0.         │
├─────────────────────────────────────────────────────┼────────────────────┤
│      train/episode/rew raibert heuristic/mean       │         0.         │
├─────────────────────────────────────────────────────┼────────────────────┤
│     train/episode/rew orientation control/mean      │         0.         │
├─────────────────────────────────────────────────────┼────────────────────┤
│            train/episode/rew total/mean             │         0.         │
├─────────────────────────────────────────────────────┼────────────────────┤
│       train/episode/min command duration/mean       │        0.5         │
├─────────────────────────────────────────────────────┼────────────────────┤
│       train/episode/max command duration/mean       │        0.5         │
├─────────────────────────────────────────────────────┼────────────────────┤
│        train/episode/min command bound/mean         │         0.         │
├─────────────────────────────────────────────────────┼────────────────────┤
│        train/episode/max command bound/mean         │         0.         │
├─────────────────────────────────────────────────────┼────────────────────┤
│        train/episode/min command offset/mean        │         0.         │
├─────────────────────────────────────────────────────┼────────────────────┤
│        train/episode/max command offset/mean        │         0.         │
├─────────────────────────────────────────────────────┼────────────────────┤
│        train/episode/min command phase/mean         │        0.5         │
├─────────────────────────────────────────────────────┼────────────────────┤
│        train/episode/max command phase/mean         │        0.5         │
├─────────────────────────────────────────────────────┼────────────────────┤
│         train/episode/min command freq/mean         │         2.         │
├─────────────────────────────────────────────────────┼────────────────────┤
│         train/episode/max command freq/mean         │       3.998        │
├─────────────────────────────────────────────────────┼────────────────────┤
│        train/episode/min command x vel/mean         │       -1.047       │
├─────────────────────────────────────────────────────┼────────────────────┤
│        train/episode/max command x vel/mean         │       1.048        │
├─────────────────────────────────────────────────────┼────────────────────┤
│        train/episode/min command y vel/mean         │        -0.2        │
├─────────────────────────────────────────────────────┼────────────────────┤
│        train/episode/max command y vel/mean         │        0.2         │
├─────────────────────────────────────────────────────┼────────────────────┤
│       train/episode/min command yaw vel/mean        │       -1.047       │
├─────────────────────────────────────────────────────┼────────────────────┤
│       train/episode/max command yaw vel/mean        │       1.047        │
├─────────────────────────────────────────────────────┼────────────────────┤
│     train/episode/min command swing height/mean     │        0.03        │
├─────────────────────────────────────────────────────┼────────────────────┤
│     train/episode/max command swing height/mean     │        0.35        │
├─────────────────────────────────────────────────────┼────────────────────┤
│        train/episode/command area trot/mean         │       0.274        │
├─────────────────────────────────────────────────────┼────────────────────┤
│            train/episode/min action/mean            │         0.         │
├─────────────────────────────────────────────────────┼────────────────────┤
│            train/episode/max action/mean            │         0.         │
├─────────────────────────────────────────────────────┼────────────────────┤
│                  time elapsed/mean                  │       3.014        │
├─────────────────────────────────────────────────────┼────────────────────┤
│                   time iter/mean                    │       3.014        │
├─────────────────────────────────────────────────────┼────────────────────┤
│                mean value loss/mean                 │       0.007        │
├─────────────────────────────────────────────────────┼────────────────────┤
│              mean surrogate loss/mean               │       -0.007       │
├─────────────────────────────────────────────────────┼────────────────────┤
│               mean decoder loss/mean                │         0.         │
├─────────────────────────────────────────────────────┼────────────────────┤
│           mean decoder loss student/mean            │         0.         │
├─────────────────────────────────────────────────────┼────────────────────┤
│             mean decoder test loss/mean             │         0.         │
├─────────────────────────────────────────────────────┼────────────────────┤
│         mean decoder test loss student/mean         │         0.         │
├─────────────────────────────────────────────────────┼────────────────────┤
│                      timesteps                      │       98304        │
├─────────────────────────────────────────────────────┼────────────────────┤
│                     iterations                      │         0          │
╘═════════════════════════════════════════════════════╧════════════════════╛

══════════════════════════════════════════
[33m        job         [0m
────────────────────┬─────────────────────
       status       │ running             
      runTime       │ 2025-07-07 11:34:49.944033
════════════════════╧═════════════════════
╒═════════════════════════════════════════════════════╤════════════════════╕
│       train/episode/rew tracking lin vel/mean       │       0.889        │
├─────────────────────────────────────────────────────┼────────────────────┤
│       train/episode/rew tracking ang vel/mean       │       0.481        │
├─────────────────────────────────────────────────────┼────────────────────┤
│          train/episode/rew lin vel z/mean           │       -0.019       │
├─────────────────────────────────────────────────────┼────────────────────┤
│          train/episode/rew ang vel xy/mean          │       -0.019       │
├─────────────────────────────────────────────────────┼────────────────────┤
│           train/episode/rew torques/mean            │       -0.413       │
├─────────────────────────────────────────────────────┼────────────────────┤
│           train/episode/rew dof vel/mean            │       -0.03        │
├─────────────────────────────────────────────────────┼────────────────────┤
│           train/episode/rew dof acc/mean            │       -0.301       │
├─────────────────────────────────────────────────────┼────────────────────┤
│          train/episode/rew collision/mean           │       -0.565       │
├─────────────────────────────────────────────────────┼────────────────────┤
│         train/episode/rew action rate/mean          │       -0.637       │
├─────────────────────────────────────────────────────┼────────────────────┤
│train/episode/rew tracking contacts shaped force/mean│       -2.438       │
├─────────────────────────────────────────────────────┼────────────────────┤
│ train/episode/rew tracking contacts shaped vel/mean │       -1.055       │
├─────────────────────────────────────────────────────┼────────────────────┤
│             train/episode/rew jump/mean             │       -0.788       │
├─────────────────────────────────────────────────────┼────────────────────┤
│        train/episode/rew dof pos limits/mean        │         0.         │
├─────────────────────────────────────────────────────┼────────────────────┤
│          train/episode/rew feet slip/mean           │       -0.162       │
├─────────────────────────────────────────────────────┼────────────────────┤
│  train/episode/rew feet clearance cmd linear/mean   │       -3.435       │
├─────────────────────────────────────────────────────┼────────────────────┤
│     train/episode/rew action smoothness 1/mean      │       -0.296       │
├─────────────────────────────────────────────────────┼────────────────────┤
│     train/episode/rew action smoothness 2/mean      │       -0.879       │
├─────────────────────────────────────────────────────┼────────────────────┤
│      train/episode/rew raibert heuristic/mean       │       -4.627       │
├─────────────────────────────────────────────────────┼────────────────────┤
│     train/episode/rew orientation control/mean      │         0.         │
├─────────────────────────────────────────────────────┼────────────────────┤
│            train/episode/rew total/mean             │       0.029        │
├─────────────────────────────────────────────────────┼────────────────────┤
│       train/episode/min command duration/mean       │        0.5         │
├─────────────────────────────────────────────────────┼────────────────────┤
│       train/episode/max command duration/mean       │        0.5         │
├─────────────────────────────────────────────────────┼────────────────────┤
│        train/episode/min command bound/mean         │         0.         │
├─────────────────────────────────────────────────────┼────────────────────┤
│        train/episode/max command bound/mean         │         0.         │
├─────────────────────────────────────────────────────┼────────────────────┤
│        train/episode/min command offset/mean        │         0.         │
├─────────────────────────────────────────────────────┼────────────────────┤
│        train/episode/max command offset/mean        │         0.         │
├─────────────────────────────────────────────────────┼────────────────────┤
│        train/episode/min command phase/mean         │        0.5         │
├─────────────────────────────────────────────────────┼────────────────────┤
│        train/episode/max command phase/mean         │        0.5         │
├─────────────────────────────────────────────────────┼────────────────────┤
│         train/episode/min command freq/mean         │         2.         │
├─────────────────────────────────────────────────────┼────────────────────┤
│         train/episode/max command freq/mean         │       3.998        │
├─────────────────────────────────────────────────────┼────────────────────┤
│        train/episode/min command x vel/mean         │       -1.047       │
├─────────────────────────────────────────────────────┼────────────────────┤
│        train/episode/max command x vel/mean         │       1.048        │
├─────────────────────────────────────────────────────┼────────────────────┤
│        train/episode/min command y vel/mean         │        -0.2        │
├─────────────────────────────────────────────────────┼────────────────────┤
│        train/episode/max command y vel/mean         │        0.2         │
├─────────────────────────────────────────────────────┼────────────────────┤
│       train/episode/min command yaw vel/mean        │       -1.047       │
├─────────────────────────────────────────────────────┼────────────────────┤
│       train/episode/max command yaw vel/mean        │       1.047        │
├─────────────────────────────────────────────────────┼────────────────────┤
│     train/episode/min command swing height/mean     │        0.03        │
├─────────────────────────────────────────────────────┼────────────────────┤
│     train/episode/max command swing height/mean     │        0.35        │
├─────────────────────────────────────────────────────┼────────────────────┤
│        train/episode/command area trot/mean         │       0.274        │
├─────────────────────────────────────────────────────┼────────────────────┤
│            train/episode/min action/mean            │       -4.113       │
├─────────────────────────────────────────────────────┼────────────────────┤
│            train/episode/max action/mean            │       4.123        │
├─────────────────────────────────────────────────────┼────────────────────┤
│                  time elapsed/mean                  │       16.956       │
├─────────────────────────────────────────────────────┼────────────────────┤
│                   time iter/mean                    │       2.424        │
├─────────────────────────────────────────────────────┼────────────────────┤
│                mean value loss/mean                 │         0.         │
├─────────────────────────────────────────────────────┼────────────────────┤
│              mean surrogate loss/mean               │       -0.017       │
├─────────────────────────────────────────────────────┼────────────────────┤
│               mean decoder loss/mean                │         0.         │
├─────────────────────────────────────────────────────┼────────────────────┤
│           mean decoder loss student/mean            │         0.         │
├─────────────────────────────────────────────────────┼────────────────────┤
│             mean decoder test loss/mean             │         0.         │
├─────────────────────────────────────────────────────┼────────────────────┤
│         mean decoder test loss student/mean         │         0.         │
├─────────────────────────────────────────────────────┼────────────────────┤
│                      timesteps                      │      1081344       │
├─────────────────────────────────────────────────────┼────────────────────┤
│                     iterations                      │         10         │
╘═════════════════════════════════════════════════════╧════════════════════╛

══════════════════════════════════════════
[33m        job         [0m
────────────────────┬─────────────────────
       status       │ running             
      runTime       │ 2025-07-07 11:35:14.247848
════════════════════╧═════════════════════
╒═════════════════════════════════════════════════════╤════════════════════╕
│       train/episode/rew tracking lin vel/mean       │        2.13        │
├─────────────────────────────────────────────────────┼────────────────────┤
│       train/episode/rew tracking ang vel/mean       │       1.132        │
├─────────────────────────────────────────────────────┼────────────────────┤
│          train/episode/rew lin vel z/mean           │       -0.021       │
├─────────────────────────────────────────────────────┼────────────────────┤
│          train/episode/rew ang vel xy/mean          │       -0.027       │
├─────────────────────────────────────────────────────┼────────────────────┤
│           train/episode/rew torques/mean            │       -0.932       │
├─────────────────────────────────────────────────────┼────────────────────┤
│           train/episode/rew dof vel/mean            │       -0.056       │
├─────────────────────────────────────────────────────┼────────────────────┤
│           train/episode/rew dof acc/mean            │       -0.59        │
├─────────────────────────────────────────────────────┼────────────────────┤
│          train/episode/rew collision/mean           │       -0.611       │
├─────────────────────────────────────────────────────┼────────────────────┤
│         train/episode/rew action rate/mean          │       -1.448       │
├─────────────────────────────────────────────────────┼────────────────────┤
│train/episode/rew tracking contacts shaped force/mean│       -6.594       │
├─────────────────────────────────────────────────────┼────────────────────┤
│ train/episode/rew tracking contacts shaped vel/mean │       -1.78        │
├─────────────────────────────────────────────────────┼────────────────────┤
│             train/episode/rew jump/mean             │       -1.602       │
├─────────────────────────────────────────────────────┼────────────────────┤
│        train/episode/rew dof pos limits/mean        │        -0.         │
├─────────────────────────────────────────────────────┼────────────────────┤
│          train/episode/rew feet slip/mean           │       -0.489       │
├─────────────────────────────────────────────────────┼────────────────────┤
│  train/episode/rew feet clearance cmd linear/mean   │       -6.112       │
├─────────────────────────────────────────────────────┼────────────────────┤
│     train/episode/rew action smoothness 1/mean      │       -0.67        │
├─────────────────────────────────────────────────────┼────────────────────┤
│     train/episode/rew action smoothness 2/mean      │       -1.975       │
├─────────────────────────────────────────────────────┼────────────────────┤
│      train/episode/rew raibert heuristic/mean       │       -6.874       │
├─────────────────────────────────────────────────────┼────────────────────┤
│     train/episode/rew orientation control/mean      │         0.         │
├─────────────────────────────────────────────────────┼────────────────────┤
│            train/episode/rew total/mean             │       0.101        │
├─────────────────────────────────────────────────────┼────────────────────┤
│       train/episode/min command duration/mean       │        0.5         │
├─────────────────────────────────────────────────────┼────────────────────┤
│       train/episode/max command duration/mean       │        0.5         │
├─────────────────────────────────────────────────────┼────────────────────┤
│        train/episode/min command bound/mean         │         0.         │
├─────────────────────────────────────────────────────┼────────────────────┤
│        train/episode/max command bound/mean         │         0.         │
├─────────────────────────────────────────────────────┼────────────────────┤
│        train/episode/min command offset/mean        │         0.         │
├─────────────────────────────────────────────────────┼────────────────────┤
│        train/episode/max command offset/mean        │         0.         │
├─────────────────────────────────────────────────────┼────────────────────┤
│        train/episode/min command phase/mean         │        0.5         │
├─────────────────────────────────────────────────────┼────────────────────┤
│        train/episode/max command phase/mean         │        0.5         │
├─────────────────────────────────────────────────────┼────────────────────┤
│         train/episode/min command freq/mean         │         2.         │
├─────────────────────────────────────────────────────┼────────────────────┤
│         train/episode/max command freq/mean         │       3.998        │
├─────────────────────────────────────────────────────┼────────────────────┤
│        train/episode/min command x vel/mean         │       -1.047       │
├─────────────────────────────────────────────────────┼────────────────────┤
│        train/episode/max command x vel/mean         │       1.048        │
├─────────────────────────────────────────────────────┼────────────────────┤
│        train/episode/min command y vel/mean         │        -0.2        │
├─────────────────────────────────────────────────────┼────────────────────┤
│        train/episode/max command y vel/mean         │        0.2         │
├─────────────────────────────────────────────────────┼────────────────────┤
│       train/episode/min command yaw vel/mean        │       -1.047       │
├─────────────────────────────────────────────────────┼────────────────────┤
│       train/episode/max command yaw vel/mean        │       1.047        │
├─────────────────────────────────────────────────────┼────────────────────┤
│     train/episode/min command swing height/mean     │        0.03        │
├─────────────────────────────────────────────────────┼────────────────────┤
│     train/episode/max command swing height/mean     │        0.35        │
├─────────────────────────────────────────────────────┼────────────────────┤
│        train/episode/command area trot/mean         │       0.274        │
├─────────────────────────────────────────────────────┼────────────────────┤
│            train/episode/min action/mean            │       -4.162       │
├─────────────────────────────────────────────────────┼────────────────────┤
│            train/episode/max action/mean            │       4.316        │
├─────────────────────────────────────────────────────┼────────────────────┤
│                  time elapsed/mean                  │       38.912       │
├─────────────────────────────────────────────────────┼────────────────────┤
│                   time iter/mean                    │       2.099        │
├─────────────────────────────────────────────────────┼────────────────────┤
│                mean value loss/mean                 │         0.         │
├─────────────────────────────────────────────────────┼────────────────────┤
│              mean surrogate loss/mean               │       -0.027       │
├─────────────────────────────────────────────────────┼────────────────────┤
│               mean decoder loss/mean                │         0.         │
├─────────────────────────────────────────────────────┼────────────────────┤
│           mean decoder loss student/mean            │         0.         │
├─────────────────────────────────────────────────────┼────────────────────┤
│             mean decoder test loss/mean             │         0.         │
├─────────────────────────────────────────────────────┼────────────────────┤
│         mean decoder test loss student/mean         │         0.         │
├─────────────────────────────────────────────────────┼────────────────────┤
│                      timesteps                      │      2064384       │
├─────────────────────────────────────────────────────┼────────────────────┤
│                     iterations                      │         20         │
╘═════════════════════════════════════════════════════╧════════════════════╛

══════════════════════════════════════════
[33m        job         [0m
────────────────────┬─────────────────────
       status       │ running             
      runTime       │ 2025-07-07 11:35:35.239774
════════════════════╧═════════════════════
╒═════════════════════════════════════════════════════╤════════════════════╕
│       train/episode/rew tracking lin vel/mean       │       3.828        │
├─────────────────────────────────────────────────────┼────────────────────┤
│       train/episode/rew tracking ang vel/mean       │       2.057        │
├─────────────────────────────────────────────────────┼────────────────────┤
│          train/episode/rew lin vel z/mean           │       -0.022       │
├─────────────────────────────────────────────────────┼────────────────────┤
│          train/episode/rew ang vel xy/mean          │       -0.033       │
├─────────────────────────────────────────────────────┼────────────────────┤
│           train/episode/rew torques/mean            │       -1.526       │
├─────────────────────────────────────────────────────┼────────────────────┤
│           train/episode/rew dof vel/mean            │       -0.09        │
├─────────────────────────────────────────────────────┼────────────────────┤
│           train/episode/rew dof acc/mean            │       -0.945       │
├─────────────────────────────────────────────────────┼────────────────────┤
│          train/episode/rew collision/mean           │       -0.23        │
├─────────────────────────────────────────────────────┼────────────────────┤
│         train/episode/rew action rate/mean          │       -2.409       │
├─────────────────────────────────────────────────────┼────────────────────┤
│train/episode/rew tracking contacts shaped force/mean│      -11.258       │
├─────────────────────────────────────────────────────┼────────────────────┤
│ train/episode/rew tracking contacts shaped vel/mean │       -2.534       │
├─────────────────────────────────────────────────────┼────────────────────┤
│             train/episode/rew jump/mean             │       -2.535       │
├─────────────────────────────────────────────────────┼────────────────────┤
│        train/episode/rew dof pos limits/mean        │        -0.         │
├─────────────────────────────────────────────────────┼────────────────────┤
│          train/episode/rew feet slip/mean           │       -0.915       │
├─────────────────────────────────────────────────────┼────────────────────┤
│  train/episode/rew feet clearance cmd linear/mean   │       -8.23        │
├─────────────────────────────────────────────────────┼────────────────────┤
│     train/episode/rew action smoothness 1/mean      │       -1.109       │
├─────────────────────────────────────────────────────┼────────────────────┤
│     train/episode/rew action smoothness 2/mean      │       -3.243       │
├─────────────────────────────────────────────────────┼────────────────────┤
│      train/episode/rew raibert heuristic/mean       │       -9.013       │
├─────────────────────────────────────────────────────┼────────────────────┤
│     train/episode/rew orientation control/mean      │         0.         │
├─────────────────────────────────────────────────────┼────────────────────┤
│            train/episode/rew total/mean             │       0.247        │
├─────────────────────────────────────────────────────┼────────────────────┤
│       train/episode/min command duration/mean       │        0.5         │
├─────────────────────────────────────────────────────┼────────────────────┤
│       train/episode/max command duration/mean       │        0.5         │
├─────────────────────────────────────────────────────┼────────────────────┤
│        train/episode/min command bound/mean         │         0.         │
├─────────────────────────────────────────────────────┼────────────────────┤
│        train/episode/max command bound/mean         │         0.         │
├─────────────────────────────────────────────────────┼────────────────────┤
│        train/episode/min command offset/mean        │         0.         │
├─────────────────────────────────────────────────────┼────────────────────┤
│        train/episode/max command offset/mean        │         0.         │
├─────────────────────────────────────────────────────┼────────────────────┤
│        train/episode/min command phase/mean         │        0.5         │
├─────────────────────────────────────────────────────┼────────────────────┤
│        train/episode/max command phase/mean         │        0.5         │
├─────────────────────────────────────────────────────┼────────────────────┤
│         train/episode/min command freq/mean         │         2.         │
├─────────────────────────────────────────────────────┼────────────────────┤
│         train/episode/max command freq/mean         │         4.         │
├─────────────────────────────────────────────────────┼────────────────────┤
│        train/episode/min command x vel/mean         │       -1.047       │
├─────────────────────────────────────────────────────┼────────────────────┤
│        train/episode/max command x vel/mean         │       1.047        │
├─────────────────────────────────────────────────────┼────────────────────┤
│        train/episode/min command y vel/mean         │        -0.2        │
├─────────────────────────────────────────────────────┼────────────────────┤
│        train/episode/max command y vel/mean         │        0.2         │
├─────────────────────────────────────────────────────┼────────────────────┤
│       train/episode/min command yaw vel/mean        │       -1.048       │
├─────────────────────────────────────────────────────┼────────────────────┤
│       train/episode/max command yaw vel/mean        │       1.048        │
├─────────────────────────────────────────────────────┼────────────────────┤
│     train/episode/min command swing height/mean     │        0.03        │
├─────────────────────────────────────────────────────┼────────────────────┤
│     train/episode/max command swing height/mean     │        0.35        │
├─────────────────────────────────────────────────────┼────────────────────┤
│        train/episode/command area trot/mean         │       0.274        │
├─────────────────────────────────────────────────────┼────────────────────┤
│            train/episode/min action/mean            │       -4.329       │
├─────────────────────────────────────────────────────┼────────────────────┤
│            train/episode/max action/mean            │       4.433        │
├─────────────────────────────────────────────────────┼────────────────────┤
│                  time elapsed/mean                  │       59.763       │
├─────────────────────────────────────────────────────┼────────────────────┤
│                   time iter/mean                    │       2.091        │
├─────────────────────────────────────────────────────┼────────────────────┤
│                mean value loss/mean                 │         0.         │
├─────────────────────────────────────────────────────┼────────────────────┤
│              mean surrogate loss/mean               │       -0.029       │
├─────────────────────────────────────────────────────┼────────────────────┤
│               mean decoder loss/mean                │         0.         │
├─────────────────────────────────────────────────────┼────────────────────┤
│           mean decoder loss student/mean            │         0.         │
├─────────────────────────────────────────────────────┼────────────────────┤
│             mean decoder test loss/mean             │         0.         │
├─────────────────────────────────────────────────────┼────────────────────┤
│         mean decoder test loss student/mean         │         0.         │
├─────────────────────────────────────────────────────┼────────────────────┤
│                      timesteps                      │      3047424       │
├─────────────────────────────────────────────────────┼────────────────────┤
│                     iterations                      │         30         │
╘═════════════════════════════════════════════════════╧════════════════════╛

══════════════════════════════════════════
[33m        job         [0m
────────────────────┬─────────────────────
       status       │ running             
      runTime       │ 2025-07-07 11:35:56.155594
════════════════════╧═════════════════════
╒═════════════════════════════════════════════════════╤════════════════════╕
│       train/episode/rew tracking lin vel/mean       │       5.727        │
├─────────────────────────────────────────────────────┼────────────────────┤
│       train/episode/rew tracking ang vel/mean       │       2.786        │
├─────────────────────────────────────────────────────┼────────────────────┤
│          train/episode/rew lin vel z/mean           │       -0.028       │
├─────────────────────────────────────────────────────┼────────────────────┤
│          train/episode/rew ang vel xy/mean          │       -0.044       │
├─────────────────────────────────────────────────────┼────────────────────┤
│           train/episode/rew torques/mean            │       -1.927       │
├─────────────────────────────────────────────────────┼────────────────────┤
│           train/episode/rew dof vel/mean            │       -0.118       │
├─────────────────────────────────────────────────────┼────────────────────┤
│           train/episode/rew dof acc/mean            │       -1.219       │
├─────────────────────────────────────────────────────┼────────────────────┤
│          train/episode/rew collision/mean           │       -0.377       │
├─────────────────────────────────────────────────────┼────────────────────┤
│         train/episode/rew action rate/mean          │       -2.999       │
├─────────────────────────────────────────────────────┼────────────────────┤
│train/episode/rew tracking contacts shaped force/mean│      -13.481       │
├─────────────────────────────────────────────────────┼────────────────────┤
│ train/episode/rew tracking contacts shaped vel/mean │       -3.184       │
├─────────────────────────────────────────────────────┼────────────────────┤
│             train/episode/rew jump/mean             │       -2.997       │
├─────────────────────────────────────────────────────┼────────────────────┤
│        train/episode/rew dof pos limits/mean        │       -0.002       │
├─────────────────────────────────────────────────────┼────────────────────┤
│          train/episode/rew feet slip/mean           │       -1.121       │
├─────────────────────────────────────────────────────┼────────────────────┤
│  train/episode/rew feet clearance cmd linear/mean   │      -10.856       │
├─────────────────────────────────────────────────────┼────────────────────┤
│     train/episode/rew action smoothness 1/mean      │       -1.375       │
├─────────────────────────────────────────────────────┼────────────────────┤
│     train/episode/rew action smoothness 2/mean      │       -3.966       │
├─────────────────────────────────────────────────────┼────────────────────┤
│      train/episode/rew raibert heuristic/mean       │      -11.015       │
├─────────────────────────────────────────────────────┼────────────────────┤
│     train/episode/rew orientation control/mean      │         0.         │
├─────────────────────────────────────────────────────┼────────────────────┤
│            train/episode/rew total/mean             │       0.433        │
├─────────────────────────────────────────────────────┼────────────────────┤
│       train/episode/min command duration/mean       │        0.5         │
├─────────────────────────────────────────────────────┼────────────────────┤
│       train/episode/max command duration/mean       │        0.5         │
├─────────────────────────────────────────────────────┼────────────────────┤
│        train/episode/min command bound/mean         │         0.         │
├─────────────────────────────────────────────────────┼────────────────────┤
│        train/episode/max command bound/mean         │         0.         │
├─────────────────────────────────────────────────────┼────────────────────┤
│        train/episode/min command offset/mean        │         0.         │
├─────────────────────────────────────────────────────┼────────────────────┤
│        train/episode/max command offset/mean        │         0.         │
├─────────────────────────────────────────────────────┼────────────────────┤
│        train/episode/min command phase/mean         │        0.5         │
├─────────────────────────────────────────────────────┼────────────────────┤
│        train/episode/max command phase/mean         │        0.5         │
├─────────────────────────────────────────────────────┼────────────────────┤
│         train/episode/min command freq/mean         │         2.         │
├─────────────────────────────────────────────────────┼────────────────────┤
│         train/episode/max command freq/mean         │         4.         │
├─────────────────────────────────────────────────────┼────────────────────┤
│        train/episode/min command x vel/mean         │       -1.047       │
├─────────────────────────────────────────────────────┼────────────────────┤
│        train/episode/max command x vel/mean         │       1.045        │
├─────────────────────────────────────────────────────┼────────────────────┤
│        train/episode/min command y vel/mean         │        -0.2        │
├─────────────────────────────────────────────────────┼────────────────────┤
│        train/episode/max command y vel/mean         │        0.2         │
├─────────────────────────────────────────────────────┼────────────────────┤
│       train/episode/min command yaw vel/mean        │       -1.048       │
├─────────────────────────────────────────────────────┼────────────────────┤
│       train/episode/max command yaw vel/mean        │       1.048        │
├─────────────────────────────────────────────────────┼────────────────────┤
│     train/episode/min command swing height/mean     │        0.03        │
├─────────────────────────────────────────────────────┼────────────────────┤
│     train/episode/max command swing height/mean     │        0.35        │
├─────────────────────────────────────────────────────┼────────────────────┤
│        train/episode/command area trot/mean         │       0.274        │
├─────────────────────────────────────────────────────┼────────────────────┤
│            train/episode/min action/mean            │       -4.492       │
├─────────────────────────────────────────────────────┼────────────────────┤
│            train/episode/max action/mean            │       4.605        │
├─────────────────────────────────────────────────────┼────────────────────┤
│                  time elapsed/mean                  │       80.552       │
├─────────────────────────────────────────────────────┼────────────────────┤
│                   time iter/mean                    │       2.058        │
├─────────────────────────────────────────────────────┼────────────────────┤
│                mean value loss/mean                 │         0.         │
├─────────────────────────────────────────────────────┼────────────────────┤
│              mean surrogate loss/mean               │       -0.029       │
├─────────────────────────────────────────────────────┼────────────────────┤
│               mean decoder loss/mean                │         0.         │
├─────────────────────────────────────────────────────┼────────────────────┤
│           mean decoder loss student/mean            │         0.         │
├─────────────────────────────────────────────────────┼────────────────────┤
│             mean decoder test loss/mean             │         0.         │
├─────────────────────────────────────────────────────┼────────────────────┤
│         mean decoder test loss student/mean         │         0.         │
├─────────────────────────────────────────────────────┼────────────────────┤
│                      timesteps                      │      4030464       │
├─────────────────────────────────────────────────────┼────────────────────┤
│                     iterations                      │         40         │
╘═════════════════════════════════════════════════════╧════════════════════╛

══════════════════════════════════════════
[33m        job         [0m
────────────────────┬─────────────────────
       status       │ running             
      runTime       │ 2025-07-07 11:36:16.729418
════════════════════╧═════════════════════
╒═════════════════════════════════════════════════════╤════════════════════╕
│       train/episode/rew tracking lin vel/mean       │       6.826        │
├─────────────────────────────────────────────────────┼────────────────────┤
│       train/episode/rew tracking ang vel/mean       │       2.781        │
├─────────────────────────────────────────────────────┼────────────────────┤
│          train/episode/rew lin vel z/mean           │       -0.027       │
├─────────────────────────────────────────────────────┼────────────────────┤
│          train/episode/rew ang vel xy/mean          │       -0.04        │
├─────────────────────────────────────────────────────┼────────────────────┤
│           train/episode/rew torques/mean            │       -1.874       │
├─────────────────────────────────────────────────────┼────────────────────┤
│           train/episode/rew dof vel/mean            │       -0.114       │
├─────────────────────────────────────────────────────┼────────────────────┤
│           train/episode/rew dof acc/mean            │       -1.146       │
├─────────────────────────────────────────────────────┼────────────────────┤
│          train/episode/rew collision/mean           │       -0.237       │
├─────────────────────────────────────────────────────┼────────────────────┤
│         train/episode/rew action rate/mean          │       -2.686       │
├─────────────────────────────────────────────────────┼────────────────────┤
│train/episode/rew tracking contacts shaped force/mean│      -11.788       │
├─────────────────────────────────────────────────────┼────────────────────┤
│ train/episode/rew tracking contacts shaped vel/mean │       -2.749       │
├─────────────────────────────────────────────────────┼────────────────────┤
│             train/episode/rew jump/mean             │       -3.342       │
├─────────────────────────────────────────────────────┼────────────────────┤
│        train/episode/rew dof pos limits/mean        │       -0.001       │
├─────────────────────────────────────────────────────┼────────────────────┤
│          train/episode/rew feet slip/mean           │       -0.978       │
├─────────────────────────────────────────────────────┼────────────────────┤
│  train/episode/rew feet clearance cmd linear/mean   │       -9.68        │
├─────────────────────────────────────────────────────┼────────────────────┤
│     train/episode/rew action smoothness 1/mean      │       -1.226       │
├─────────────────────────────────────────────────────┼────────────────────┤
│     train/episode/rew action smoothness 2/mean      │       -3.468       │
├─────────────────────────────────────────────────────┼────────────────────┤
│      train/episode/rew raibert heuristic/mean       │       -8.393       │
├─────────────────────────────────────────────────────┼────────────────────┤
│     train/episode/rew orientation control/mean      │         0.         │
├─────────────────────────────────────────────────────┼────────────────────┤
│            train/episode/rew total/mean             │       0.625        │
├─────────────────────────────────────────────────────┼────────────────────┤
│       train/episode/min command duration/mean       │        0.5         │
├─────────────────────────────────────────────────────┼────────────────────┤
│       train/episode/max command duration/mean       │        0.5         │
├─────────────────────────────────────────────────────┼────────────────────┤
│        train/episode/min command bound/mean         │         0.         │
├─────────────────────────────────────────────────────┼────────────────────┤
│        train/episode/max command bound/mean         │         0.         │
├─────────────────────────────────────────────────────┼────────────────────┤
│        train/episode/min command offset/mean        │         0.         │
├─────────────────────────────────────────────────────┼────────────────────┤
│        train/episode/max command offset/mean        │         0.         │
├─────────────────────────────────────────────────────┼────────────────────┤
│        train/episode/min command phase/mean         │        0.5         │
├─────────────────────────────────────────────────────┼────────────────────┤
│        train/episode/max command phase/mean         │        0.5         │
├─────────────────────────────────────────────────────┼────────────────────┤
│         train/episode/min command freq/mean         │         2.         │
├─────────────────────────────────────────────────────┼────────────────────┤
│         train/episode/max command freq/mean         │       3.999        │
├─────────────────────────────────────────────────────┼────────────────────┤
│        train/episode/min command x vel/mean         │       -1.047       │
├─────────────────────────────────────────────────────┼────────────────────┤
│        train/episode/max command x vel/mean         │       1.046        │
├─────────────────────────────────────────────────────┼────────────────────┤
│        train/episode/min command y vel/mean         │        -0.2        │
├─────────────────────────────────────────────────────┼────────────────────┤
│        train/episode/max command y vel/mean         │        0.2         │
├─────────────────────────────────────────────────────┼────────────────────┤
│       train/episode/min command yaw vel/mean        │       -1.047       │
├─────────────────────────────────────────────────────┼────────────────────┤
│       train/episode/max command yaw vel/mean        │       1.048        │
├─────────────────────────────────────────────────────┼────────────────────┤
│     train/episode/min command swing height/mean     │        0.03        │
├─────────────────────────────────────────────────────┼────────────────────┤
│     train/episode/max command swing height/mean     │        0.35        │
├─────────────────────────────────────────────────────┼────────────────────┤
│        train/episode/command area trot/mean         │       0.274        │
├─────────────────────────────────────────────────────┼────────────────────┤
│            train/episode/min action/mean            │       -4.705       │
├─────────────────────────────────────────────────────┼────────────────────┤
│            train/episode/max action/mean            │       4.698        │
├─────────────────────────────────────────────────────┼────────────────────┤
│                  time elapsed/mean                  │      103.224       │
├─────────────────────────────────────────────────────┼────────────────────┤
│                   time iter/mean                    │        2.37        │
├─────────────────────────────────────────────────────┼────────────────────┤
│                mean value loss/mean                 │         0.         │
├─────────────────────────────────────────────────────┼────────────────────┤
│              mean surrogate loss/mean               │       -0.028       │
├─────────────────────────────────────────────────────┼────────────────────┤
│               mean decoder loss/mean                │         0.         │
├─────────────────────────────────────────────────────┼────────────────────┤
│           mean decoder loss student/mean            │         0.         │
├─────────────────────────────────────────────────────┼────────────────────┤
│             mean decoder test loss/mean             │         0.         │
├─────────────────────────────────────────────────────┼────────────────────┤
│         mean decoder test loss student/mean         │         0.         │
├─────────────────────────────────────────────────────┼────────────────────┤
│                      timesteps                      │      5013504       │
├─────────────────────────────────────────────────────┼────────────────────┤
│                     iterations                      │         50         │
╘═════════════════════════════════════════════════════╧════════════════════╛

══════════════════════════════════════════
[33m        job         [0m
────────────────────┬─────────────────────
       status       │ running             
      runTime       │ 2025-07-07 11:36:40.430205
════════════════════╧═════════════════════
╒═════════════════════════════════════════════════════╤════════════════════╕
│       train/episode/rew tracking lin vel/mean       │       8.399        │
├─────────────────────────────────────────────────────┼────────────────────┤
│       train/episode/rew tracking ang vel/mean       │       3.164        │
├─────────────────────────────────────────────────────┼────────────────────┤
│          train/episode/rew lin vel z/mean           │       -0.03        │
├─────────────────────────────────────────────────────┼────────────────────┤
│          train/episode/rew ang vel xy/mean          │       -0.043       │
├─────────────────────────────────────────────────────┼────────────────────┤
│           train/episode/rew torques/mean            │       -2.095       │
├─────────────────────────────────────────────────────┼────────────────────┤
│           train/episode/rew dof vel/mean            │       -0.127       │
├─────────────────────────────────────────────────────┼────────────────────┤
│           train/episode/rew dof acc/mean            │       -1.223       │
├─────────────────────────────────────────────────────┼────────────────────┤
│          train/episode/rew collision/mean           │       -0.223       │
├─────────────────────────────────────────────────────┼────────────────────┤
│         train/episode/rew action rate/mean          │       -2.711       │
├─────────────────────────────────────────────────────┼────────────────────┤
│train/episode/rew tracking contacts shaped force/mean│       -11.46       │
├─────────────────────────────────────────────────────┼────────────────────┤
│ train/episode/rew tracking contacts shaped vel/mean │       -2.706       │
├─────────────────────────────────────────────────────┼────────────────────┤
│             train/episode/rew jump/mean             │       -3.789       │
├─────────────────────────────────────────────────────┼────────────────────┤
│        train/episode/rew dof pos limits/mean        │       -0.002       │
├─────────────────────────────────────────────────────┼────────────────────┤
│          train/episode/rew feet slip/mean           │       -0.941       │
├─────────────────────────────────────────────────────┼────────────────────┤
│  train/episode/rew feet clearance cmd linear/mean   │      -10.392       │
├─────────────────────────────────────────────────────┼────────────────────┤
│     train/episode/rew action smoothness 1/mean      │       -1.229       │
├─────────────────────────────────────────────────────┼────────────────────┤
│     train/episode/rew action smoothness 2/mean      │       -3.373       │
├─────────────────────────────────────────────────────┼────────────────────┤
│      train/episode/rew raibert heuristic/mean       │       -7.771       │
├─────────────────────────────────────────────────────┼────────────────────┤
│     train/episode/rew orientation control/mean      │         0.         │
├─────────────────────────────────────────────────────┼────────────────────┤
│            train/episode/rew total/mean             │       0.961        │
├─────────────────────────────────────────────────────┼────────────────────┤
│       train/episode/min command duration/mean       │        0.5         │
├─────────────────────────────────────────────────────┼────────────────────┤
│       train/episode/max command duration/mean       │        0.5         │
├─────────────────────────────────────────────────────┼────────────────────┤
│        train/episode/min command bound/mean         │         0.         │
├─────────────────────────────────────────────────────┼────────────────────┤
│        train/episode/max command bound/mean         │         0.         │
├─────────────────────────────────────────────────────┼────────────────────┤
│        train/episode/min command offset/mean        │         0.         │
├─────────────────────────────────────────────────────┼────────────────────┤
│        train/episode/max command offset/mean        │         0.         │
├─────────────────────────────────────────────────────┼────────────────────┤
│        train/episode/min command phase/mean         │        0.5         │
├─────────────────────────────────────────────────────┼────────────────────┤
│        train/episode/max command phase/mean         │        0.5         │
├─────────────────────────────────────────────────────┼────────────────────┤
│         train/episode/min command freq/mean         │         2.         │
├─────────────────────────────────────────────────────┼────────────────────┤
│         train/episode/max command freq/mean         │       3.999        │
├─────────────────────────────────────────────────────┼────────────────────┤
│        train/episode/min command x vel/mean         │       -1.047       │
├─────────────────────────────────────────────────────┼────────────────────┤
│        train/episode/max command x vel/mean         │       1.047        │
├─────────────────────────────────────────────────────┼────────────────────┤
│        train/episode/min command y vel/mean         │        -0.2        │
├─────────────────────────────────────────────────────┼────────────────────┤
│        train/episode/max command y vel/mean         │        0.2         │
├─────────────────────────────────────────────────────┼────────────────────┤
│       train/episode/min command yaw vel/mean        │       -1.047       │
├─────────────────────────────────────────────────────┼────────────────────┤
│       train/episode/max command yaw vel/mean        │       1.048        │
├─────────────────────────────────────────────────────┼────────────────────┤
│     train/episode/min command swing height/mean     │        0.03        │
├─────────────────────────────────────────────────────┼────────────────────┤
│     train/episode/max command swing height/mean     │        0.35        │
├─────────────────────────────────────────────────────┼────────────────────┤
│        train/episode/command area trot/mean         │       0.274        │
├─────────────────────────────────────────────────────┼────────────────────┤
│            train/episode/min action/mean            │       -4.774       │
├─────────────────────────────────────────────────────┼────────────────────┤
│            train/episode/max action/mean            │       4.699        │
├─────────────────────────────────────────────────────┼────────────────────┤
│                  time elapsed/mean                  │      124.971       │
├─────────────────────────────────────────────────────┼────────────────────┤
│                   time iter/mean                    │        2.08        │
├─────────────────────────────────────────────────────┼────────────────────┤
│                mean value loss/mean                 │         0.         │
├─────────────────────────────────────────────────────┼────────────────────┤
│              mean surrogate loss/mean               │       -0.026       │
├─────────────────────────────────────────────────────┼────────────────────┤
│               mean decoder loss/mean                │         0.         │
├─────────────────────────────────────────────────────┼────────────────────┤
│           mean decoder loss student/mean            │         0.         │
├─────────────────────────────────────────────────────┼────────────────────┤
│             mean decoder test loss/mean             │         0.         │
├─────────────────────────────────────────────────────┼────────────────────┤
│         mean decoder test loss student/mean         │         0.         │
├─────────────────────────────────────────────────────┼────────────────────┤
│                      timesteps                      │      5996544       │
├─────────────────────────────────────────────────────┼────────────────────┤
│                     iterations                      │         60         │
╘═════════════════════════════════════════════════════╧════════════════════╛

══════════════════════════════════════════
[33m        job         [0m
────────────────────┬─────────────────────
       status       │ running             
      runTime       │ 2025-07-07 11:37:01.231183
════════════════════╧═════════════════════
╒═════════════════════════════════════════════════════╤════════════════════╕
│       train/episode/rew tracking lin vel/mean       │       11.309       │
├─────────────────────────────────────────────────────┼────────────────────┤
│       train/episode/rew tracking ang vel/mean       │       4.084        │
├─────────────────────────────────────────────────────┼────────────────────┤
│          train/episode/rew lin vel z/mean           │       -0.036       │
├─────────────────────────────────────────────────────┼────────────────────┤
│          train/episode/rew ang vel xy/mean          │       -0.049       │
├─────────────────────────────────────────────────────┼────────────────────┤
│           train/episode/rew torques/mean            │       -2.448       │
├─────────────────────────────────────────────────────┼────────────────────┤
│           train/episode/rew dof vel/mean            │       -0.159       │
├─────────────────────────────────────────────────────┼────────────────────┤
│           train/episode/rew dof acc/mean            │       -1.477       │
├─────────────────────────────────────────────────────┼────────────────────┤
│          train/episode/rew collision/mean           │       -0.203       │
├─────────────────────────────────────────────────────┼────────────────────┤
│         train/episode/rew action rate/mean          │       -3.055       │
├─────────────────────────────────────────────────────┼────────────────────┤
│train/episode/rew tracking contacts shaped force/mean│      -12.022       │
├─────────────────────────────────────────────────────┼────────────────────┤
│ train/episode/rew tracking contacts shaped vel/mean │       -3.035       │
├─────────────────────────────────────────────────────┼────────────────────┤
│             train/episode/rew jump/mean             │       -4.889       │
├─────────────────────────────────────────────────────┼────────────────────┤
│        train/episode/rew dof pos limits/mean        │       -0.001       │
├─────────────────────────────────────────────────────┼────────────────────┤
│          train/episode/rew feet slip/mean           │       -1.065       │
├─────────────────────────────────────────────────────┼────────────────────┤
│  train/episode/rew feet clearance cmd linear/mean   │      -10.621       │
├─────────────────────────────────────────────────────┼────────────────────┤
│     train/episode/rew action smoothness 1/mean      │       -1.379       │
├─────────────────────────────────────────────────────┼────────────────────┤
│     train/episode/rew action smoothness 2/mean      │       -3.673       │
├─────────────────────────────────────────────────────┼────────────────────┤
│      train/episode/rew raibert heuristic/mean       │       -8.001       │
├─────────────────────────────────────────────────────┼────────────────────┤
│     train/episode/rew orientation control/mean      │         0.         │
├─────────────────────────────────────────────────────┼────────────────────┤
│            train/episode/rew total/mean             │        1.6         │
├─────────────────────────────────────────────────────┼────────────────────┤
│       train/episode/min command duration/mean       │        0.5         │
├─────────────────────────────────────────────────────┼────────────────────┤
│       train/episode/max command duration/mean       │        0.5         │
├─────────────────────────────────────────────────────┼────────────────────┤
│        train/episode/min command bound/mean         │         0.         │
├─────────────────────────────────────────────────────┼────────────────────┤
│        train/episode/max command bound/mean         │         0.         │
├─────────────────────────────────────────────────────┼────────────────────┤
│        train/episode/min command offset/mean        │         0.         │
├─────────────────────────────────────────────────────┼────────────────────┤
│        train/episode/max command offset/mean        │         0.         │
├─────────────────────────────────────────────────────┼────────────────────┤
│        train/episode/min command phase/mean         │        0.5         │
├─────────────────────────────────────────────────────┼────────────────────┤
│        train/episode/max command phase/mean         │        0.5         │
├─────────────────────────────────────────────────────┼────────────────────┤
│         train/episode/min command freq/mean         │         2.         │
├─────────────────────────────────────────────────────┼────────────────────┤
│         train/episode/max command freq/mean         │         4.         │
├─────────────────────────────────────────────────────┼────────────────────┤
│        train/episode/min command x vel/mean         │       -1.047       │
├─────────────────────────────────────────────────────┼────────────────────┤
│        train/episode/max command x vel/mean         │       1.047        │
├─────────────────────────────────────────────────────┼────────────────────┤
│        train/episode/min command y vel/mean         │        -0.2        │
├─────────────────────────────────────────────────────┼────────────────────┤
│        train/episode/max command y vel/mean         │        0.2         │
├─────────────────────────────────────────────────────┼────────────────────┤
│       train/episode/min command yaw vel/mean        │       -1.047       │
├─────────────────────────────────────────────────────┼────────────────────┤
│       train/episode/max command yaw vel/mean        │       1.047        │
├─────────────────────────────────────────────────────┼────────────────────┤
│     train/episode/min command swing height/mean     │        0.03        │
├─────────────────────────────────────────────────────┼────────────────────┤
│     train/episode/max command swing height/mean     │        0.35        │
├─────────────────────────────────────────────────────┼────────────────────┤
│        train/episode/command area trot/mean         │       0.274        │
├─────────────────────────────────────────────────────┼────────────────────┤
│            train/episode/min action/mean            │       -4.84        │
├─────────────────────────────────────────────────────┼────────────────────┤
│            train/episode/max action/mean            │       4.669        │
├─────────────────────────────────────────────────────┼────────────────────┤
│                  time elapsed/mean                  │      145.673       │
├─────────────────────────────────────────────────────┼────────────────────┤
│                   time iter/mean                    │       2.069        │
├─────────────────────────────────────────────────────┼────────────────────┤
│                mean value loss/mean                 │         0.         │
├─────────────────────────────────────────────────────┼────────────────────┤
│              mean surrogate loss/mean               │       -0.024       │
├─────────────────────────────────────────────────────┼────────────────────┤
│               mean decoder loss/mean                │         0.         │
├─────────────────────────────────────────────────────┼────────────────────┤
│           mean decoder loss student/mean            │         0.         │
├─────────────────────────────────────────────────────┼────────────────────┤
│             mean decoder test loss/mean             │         0.         │
├─────────────────────────────────────────────────────┼────────────────────┤
│         mean decoder test loss student/mean         │         0.         │
├─────────────────────────────────────────────────────┼────────────────────┤
│                      timesteps                      │      6979584       │
├─────────────────────────────────────────────────────┼────────────────────┤
│                     iterations                      │         70         │
╘═════════════════════════════════════════════════════╧════════════════════╛

══════════════════════════════════════════
[33m        job         [0m
────────────────────┬─────────────────────
       status       │ running             
      runTime       │ 2025-07-07 11:37:21.918739
════════════════════╧═════════════════════
╒═════════════════════════════════════════════════════╤════════════════════╕
│       train/episode/rew tracking lin vel/mean       │       13.175       │
├─────────────────────────────────────────────────────┼────────────────────┤
│       train/episode/rew tracking ang vel/mean       │       4.435        │
├─────────────────────────────────────────────────────┼────────────────────┤
│          train/episode/rew lin vel z/mean           │       -0.04        │
├─────────────────────────────────────────────────────┼────────────────────┤
│          train/episode/rew ang vel xy/mean          │       -0.051       │
├─────────────────────────────────────────────────────┼────────────────────┤
│           train/episode/rew torques/mean            │       -2.572       │
├─────────────────────────────────────────────────────┼────────────────────┤
│           train/episode/rew dof vel/mean            │       -0.177       │
├─────────────────────────────────────────────────────┼────────────────────┤
│           train/episode/rew dof acc/mean            │       -1.567       │
├─────────────────────────────────────────────────────┼────────────────────┤
│          train/episode/rew collision/mean           │       -0.138       │
├─────────────────────────────────────────────────────┼────────────────────┤
│         train/episode/rew action rate/mean          │       -2.992       │
├─────────────────────────────────────────────────────┼────────────────────┤
│train/episode/rew tracking contacts shaped force/mean│      -10.882       │
├─────────────────────────────────────────────────────┼────────────────────┤
│ train/episode/rew tracking contacts shaped vel/mean │       -3.157       │
├─────────────────────────────────────────────────────┼────────────────────┤
│             train/episode/rew jump/mean             │       -4.782       │
├─────────────────────────────────────────────────────┼────────────────────┤
│        train/episode/rew dof pos limits/mean        │       -0.003       │
├─────────────────────────────────────────────────────┼────────────────────┤
│          train/episode/rew feet slip/mean           │       -1.016       │
├─────────────────────────────────────────────────────┼────────────────────┤
│  train/episode/rew feet clearance cmd linear/mean   │      -11.013       │
├─────────────────────────────────────────────────────┼────────────────────┤
│     train/episode/rew action smoothness 1/mean      │       -1.345       │
├─────────────────────────────────────────────────────┼────────────────────┤
│     train/episode/rew action smoothness 2/mean      │       -3.482       │
├─────────────────────────────────────────────────────┼────────────────────┤
│      train/episode/rew raibert heuristic/mean       │       -7.479       │
├─────────────────────────────────────────────────────┼────────────────────┤
│     train/episode/rew orientation control/mean      │         0.         │
├─────────────────────────────────────────────────────┼────────────────────┤
│            train/episode/rew total/mean             │       2.214        │
├─────────────────────────────────────────────────────┼────────────────────┤
│       train/episode/min command duration/mean       │        0.5         │
├─────────────────────────────────────────────────────┼────────────────────┤
│       train/episode/max command duration/mean       │        0.5         │
├─────────────────────────────────────────────────────┼────────────────────┤
│        train/episode/min command bound/mean         │         0.         │
├─────────────────────────────────────────────────────┼────────────────────┤
│        train/episode/max command bound/mean         │         0.         │
├─────────────────────────────────────────────────────┼────────────────────┤
│        train/episode/min command offset/mean        │         0.         │
├─────────────────────────────────────────────────────┼────────────────────┤
│        train/episode/max command offset/mean        │         0.         │
├─────────────────────────────────────────────────────┼────────────────────┤
│        train/episode/min command phase/mean         │        0.5         │
├─────────────────────────────────────────────────────┼────────────────────┤
│        train/episode/max command phase/mean         │        0.5         │
├─────────────────────────────────────────────────────┼────────────────────┤
│         train/episode/min command freq/mean         │         2.         │
├─────────────────────────────────────────────────────┼────────────────────┤
│         train/episode/max command freq/mean         │         4.         │
├─────────────────────────────────────────────────────┼────────────────────┤
│        train/episode/min command x vel/mean         │       -1.047       │
├─────────────────────────────────────────────────────┼────────────────────┤
│        train/episode/max command x vel/mean         │       1.047        │
├─────────────────────────────────────────────────────┼────────────────────┤
│        train/episode/min command y vel/mean         │        -0.2        │
├─────────────────────────────────────────────────────┼────────────────────┤
│        train/episode/max command y vel/mean         │        0.2         │
├─────────────────────────────────────────────────────┼────────────────────┤
│       train/episode/min command yaw vel/mean        │       -1.047       │
├─────────────────────────────────────────────────────┼────────────────────┤
│       train/episode/max command yaw vel/mean        │       1.047        │
├─────────────────────────────────────────────────────┼────────────────────┤
│     train/episode/min command swing height/mean     │        0.03        │
├─────────────────────────────────────────────────────┼────────────────────┤
│     train/episode/max command swing height/mean     │        0.35        │
├─────────────────────────────────────────────────────┼────────────────────┤
│        train/episode/command area trot/mean         │       0.274        │
├─────────────────────────────────────────────────────┼────────────────────┤
│            train/episode/min action/mean            │       -4.801       │
├─────────────────────────────────────────────────────┼────────────────────┤
│            train/episode/max action/mean            │       4.607        │
├─────────────────────────────────────────────────────┼────────────────────┤
│                  time elapsed/mean                  │      166.162       │
├─────────────────────────────────────────────────────┼────────────────────┤
│                   time iter/mean                    │       2.026        │
├─────────────────────────────────────────────────────┼────────────────────┤
│                mean value loss/mean                 │         0.         │
├─────────────────────────────────────────────────────┼────────────────────┤
│              mean surrogate loss/mean               │       -0.022       │
├─────────────────────────────────────────────────────┼────────────────────┤
│               mean decoder loss/mean                │         0.         │
├─────────────────────────────────────────────────────┼────────────────────┤
│           mean decoder loss student/mean            │         0.         │
├─────────────────────────────────────────────────────┼────────────────────┤
│             mean decoder test loss/mean             │         0.         │
├─────────────────────────────────────────────────────┼────────────────────┤
│         mean decoder test loss student/mean         │         0.         │
├─────────────────────────────────────────────────────┼────────────────────┤
│                      timesteps                      │      7962624       │
├─────────────────────────────────────────────────────┼────────────────────┤
│                     iterations                      │         80         │
╘═════════════════════════════════════════════════════╧════════════════════╛

══════════════════════════════════════════
[33m        job         [0m
────────────────────┬─────────────────────
       status       │ running             
      runTime       │ 2025-07-07 11:37:42.176778
════════════════════╧═════════════════════
╒═════════════════════════════════════════════════════╤════════════════════╕
│       train/episode/rew tracking lin vel/mean       │       13.643       │
├─────────────────────────────────────────────────────┼────────────────────┤
│       train/episode/rew tracking ang vel/mean       │       4.466        │
├─────────────────────────────────────────────────────┼────────────────────┤
│          train/episode/rew lin vel z/mean           │       -0.04        │
├─────────────────────────────────────────────────────┼────────────────────┤
│          train/episode/rew ang vel xy/mean          │       -0.048       │
├─────────────────────────────────────────────────────┼────────────────────┤
│           train/episode/rew torques/mean            │       -2.548       │
├─────────────────────────────────────────────────────┼────────────────────┤
│           train/episode/rew dof vel/mean            │       -0.172       │
├─────────────────────────────────────────────────────┼────────────────────┤
│           train/episode/rew dof acc/mean            │       -1.451       │
├─────────────────────────────────────────────────────┼────────────────────┤
│          train/episode/rew collision/mean           │       -0.106       │
├─────────────────────────────────────────────────────┼────────────────────┤
│         train/episode/rew action rate/mean          │       -2.663       │
├─────────────────────────────────────────────────────┼────────────────────┤
│train/episode/rew tracking contacts shaped force/mean│       -9.585       │
├─────────────────────────────────────────────────────┼────────────────────┤
│ train/episode/rew tracking contacts shaped vel/mean │       -2.798       │
├─────────────────────────────────────────────────────┼────────────────────┤
│             train/episode/rew jump/mean             │       -4.465       │
├─────────────────────────────────────────────────────┼────────────────────┤
│        train/episode/rew dof pos limits/mean        │        -0.         │
├─────────────────────────────────────────────────────┼────────────────────┤
│          train/episode/rew feet slip/mean           │       -0.868       │
├─────────────────────────────────────────────────────┼────────────────────┤
│  train/episode/rew feet clearance cmd linear/mean   │      -10.704       │
├─────────────────────────────────────────────────────┼────────────────────┤
│     train/episode/rew action smoothness 1/mean      │       -1.191       │
├─────────────────────────────────────────────────────┼────────────────────┤
│     train/episode/rew action smoothness 2/mean      │       -2.986       │
├─────────────────────────────────────────────────────┼────────────────────┤
│      train/episode/rew raibert heuristic/mean       │       -6.955       │
├─────────────────────────────────────────────────────┼────────────────────┤
│     train/episode/rew orientation control/mean      │         0.         │
├─────────────────────────────────────────────────────┼────────────────────┤
│            train/episode/rew total/mean             │        2.6         │
├─────────────────────────────────────────────────────┼────────────────────┤
│       train/episode/min command duration/mean       │        0.5         │
├─────────────────────────────────────────────────────┼────────────────────┤
│       train/episode/max command duration/mean       │        0.5         │
├─────────────────────────────────────────────────────┼────────────────────┤
│        train/episode/min command bound/mean         │         0.         │
├─────────────────────────────────────────────────────┼────────────────────┤
│        train/episode/max command bound/mean         │         0.         │
├─────────────────────────────────────────────────────┼────────────────────┤
│        train/episode/min command offset/mean        │         0.         │
├─────────────────────────────────────────────────────┼────────────────────┤
│        train/episode/max command offset/mean        │         0.         │
├─────────────────────────────────────────────────────┼────────────────────┤
│        train/episode/min command phase/mean         │        0.5         │
├─────────────────────────────────────────────────────┼────────────────────┤
│        train/episode/max command phase/mean         │        0.5         │
├─────────────────────────────────────────────────────┼────────────────────┤
│         train/episode/min command freq/mean         │       2.001        │
├─────────────────────────────────────────────────────┼────────────────────┤
│         train/episode/max command freq/mean         │         4.         │
├─────────────────────────────────────────────────────┼────────────────────┤
│        train/episode/min command x vel/mean         │       -1.047       │
├─────────────────────────────────────────────────────┼────────────────────┤
│        train/episode/max command x vel/mean         │       1.047        │
├─────────────────────────────────────────────────────┼────────────────────┤
│        train/episode/min command y vel/mean         │        -0.2        │
├─────────────────────────────────────────────────────┼────────────────────┤
│        train/episode/max command y vel/mean         │        0.2         │
├─────────────────────────────────────────────────────┼────────────────────┤
│       train/episode/min command yaw vel/mean        │       -1.047       │
├─────────────────────────────────────────────────────┼────────────────────┤
│       train/episode/max command yaw vel/mean        │       1.047        │
├─────────────────────────────────────────────────────┼────────────────────┤
│     train/episode/min command swing height/mean     │        0.03        │
├─────────────────────────────────────────────────────┼────────────────────┤
│     train/episode/max command swing height/mean     │        0.35        │
├─────────────────────────────────────────────────────┼────────────────────┤
│        train/episode/command area trot/mean         │       0.274        │
├─────────────────────────────────────────────────────┼────────────────────┤
│            train/episode/min action/mean            │       -4.741       │
├─────────────────────────────────────────────────────┼────────────────────┤
│            train/episode/max action/mean            │       4.422        │
├─────────────────────────────────────────────────────┼────────────────────┤
│                  time elapsed/mean                  │      187.505       │
├─────────────────────────────────────────────────────┼────────────────────┤
│                   time iter/mean                    │       2.228        │
├─────────────────────────────────────────────────────┼────────────────────┤
│                mean value loss/mean                 │       0.001        │
├─────────────────────────────────────────────────────┼────────────────────┤
│              mean surrogate loss/mean               │       -0.021       │
├─────────────────────────────────────────────────────┼────────────────────┤
│               mean decoder loss/mean                │         0.         │
├─────────────────────────────────────────────────────┼────────────────────┤
│           mean decoder loss student/mean            │         0.         │
├─────────────────────────────────────────────────────┼────────────────────┤
│             mean decoder test loss/mean             │         0.         │
├─────────────────────────────────────────────────────┼────────────────────┤
│         mean decoder test loss student/mean         │         0.         │
├─────────────────────────────────────────────────────┼────────────────────┤
│                      timesteps                      │      8945664       │
├─────────────────────────────────────────────────────┼────────────────────┤
│                     iterations                      │         90         │
╘═════════════════════════════════════════════════════╧════════════════════╛

══════════════════════════════════════════
[33m        job         [0m
────────────────────┬─────────────────────
       status       │ running             
      runTime       │ 2025-07-07 11:38:04.455643
════════════════════╧═════════════════════
╒═════════════════════════════════════════════════════╤════════════════════╕
│       train/episode/rew tracking lin vel/mean       │       14.796       │
├─────────────────────────────────────────────────────┼────────────────────┤
│       train/episode/rew tracking ang vel/mean       │       4.731        │
├─────────────────────────────────────────────────────┼────────────────────┤
│          train/episode/rew lin vel z/mean           │       -0.039       │
├─────────────────────────────────────────────────────┼────────────────────┤
│          train/episode/rew ang vel xy/mean          │       -0.046       │
├─────────────────────────────────────────────────────┼────────────────────┤
│           train/episode/rew torques/mean            │       -2.582       │
├─────────────────────────────────────────────────────┼────────────────────┤
│           train/episode/rew dof vel/mean            │       -0.179       │
├─────────────────────────────────────────────────────┼────────────────────┤
│           train/episode/rew dof acc/mean            │       -1.418       │
├─────────────────────────────────────────────────────┼────────────────────┤
│          train/episode/rew collision/mean           │       -0.059       │
├─────────────────────────────────────────────────────┼────────────────────┤
│         train/episode/rew action rate/mean          │       -2.469       │
├─────────────────────────────────────────────────────┼────────────────────┤
│train/episode/rew tracking contacts shaped force/mean│       -8.338       │
├─────────────────────────────────────────────────────┼────────────────────┤
│ train/episode/rew tracking contacts shaped vel/mean │       -2.664       │
├─────────────────────────────────────────────────────┼────────────────────┤
│             train/episode/rew jump/mean             │       -4.893       │
├─────────────────────────────────────────────────────┼────────────────────┤
│        train/episode/rew dof pos limits/mean        │        -0.         │
├─────────────────────────────────────────────────────┼────────────────────┤
│          train/episode/rew feet slip/mean           │       -0.777       │
├─────────────────────────────────────────────────────┼────────────────────┤
│  train/episode/rew feet clearance cmd linear/mean   │       -9.712       │
├─────────────────────────────────────────────────────┼────────────────────┤
│     train/episode/rew action smoothness 1/mean      │        -1.1        │
├─────────────────────────────────────────────────────┼────────────────────┤
│     train/episode/rew action smoothness 2/mean      │       -2.651       │
├─────────────────────────────────────────────────────┼────────────────────┤
│      train/episode/rew raibert heuristic/mean       │       -6.243       │
├─────────────────────────────────────────────────────┼────────────────────┤
│     train/episode/rew orientation control/mean      │         0.         │
├─────────────────────────────────────────────────────┼────────────────────┤
│            train/episode/rew total/mean             │       3.186        │
├─────────────────────────────────────────────────────┼────────────────────┤
│       train/episode/min command duration/mean       │        0.5         │
├─────────────────────────────────────────────────────┼────────────────────┤
│       train/episode/max command duration/mean       │        0.5         │
├─────────────────────────────────────────────────────┼────────────────────┤
│        train/episode/min command bound/mean         │         0.         │
├─────────────────────────────────────────────────────┼────────────────────┤
│        train/episode/max command bound/mean         │         0.         │
├─────────────────────────────────────────────────────┼────────────────────┤
│        train/episode/min command offset/mean        │         0.         │
├─────────────────────────────────────────────────────┼────────────────────┤
│        train/episode/max command offset/mean        │         0.         │
├─────────────────────────────────────────────────────┼────────────────────┤
│        train/episode/min command phase/mean         │        0.5         │
├─────────────────────────────────────────────────────┼────────────────────┤
│        train/episode/max command phase/mean         │        0.5         │
├─────────────────────────────────────────────────────┼────────────────────┤
│         train/episode/min command freq/mean         │       2.001        │
├─────────────────────────────────────────────────────┼────────────────────┤
│         train/episode/max command freq/mean         │       3.999        │
├─────────────────────────────────────────────────────┼────────────────────┤
│        train/episode/min command x vel/mean         │       -1.048       │
├─────────────────────────────────────────────────────┼────────────────────┤
│        train/episode/max command x vel/mean         │       1.047        │
├─────────────────────────────────────────────────────┼────────────────────┤
│        train/episode/min command y vel/mean         │        -0.2        │
├─────────────────────────────────────────────────────┼────────────────────┤
│        train/episode/max command y vel/mean         │        0.2         │
├─────────────────────────────────────────────────────┼────────────────────┤
│       train/episode/min command yaw vel/mean        │       -1.047       │
├─────────────────────────────────────────────────────┼────────────────────┤
│       train/episode/max command yaw vel/mean        │       1.046        │
├─────────────────────────────────────────────────────┼────────────────────┤
│     train/episode/min command swing height/mean     │        0.03        │
├─────────────────────────────────────────────────────┼────────────────────┤
│     train/episode/max command swing height/mean     │        0.35        │
├─────────────────────────────────────────────────────┼────────────────────┤
│        train/episode/command area trot/mean         │       0.274        │
├─────────────────────────────────────────────────────┼────────────────────┤
│            train/episode/min action/mean            │       -4.747       │
├─────────────────────────────────────────────────────┼────────────────────┤
│            train/episode/max action/mean            │       4.281        │
├─────────────────────────────────────────────────────┼────────────────────┤
│                  time elapsed/mean                  │      208.816       │
├─────────────────────────────────────────────────────┼────────────────────┤
│                   time iter/mean                    │       2.047        │
├─────────────────────────────────────────────────────┼────────────────────┤
│                mean value loss/mean                 │         0.         │
├─────────────────────────────────────────────────────┼────────────────────┤
│              mean surrogate loss/mean               │       -0.018       │
├─────────────────────────────────────────────────────┼────────────────────┤
│               mean decoder loss/mean                │         0.         │
├─────────────────────────────────────────────────────┼────────────────────┤
│           mean decoder loss student/mean            │         0.         │
├─────────────────────────────────────────────────────┼────────────────────┤
│             mean decoder test loss/mean             │         0.         │
├─────────────────────────────────────────────────────┼────────────────────┤
│         mean decoder test loss student/mean         │         0.         │
├─────────────────────────────────────────────────────┼────────────────────┤
│                      timesteps                      │      9928704       │
├─────────────────────────────────────────────────────┼────────────────────┤
│                     iterations                      │        100         │
╘═════════════════════════════════════════════════════╧════════════════════╛

══════════════════════════════════════════
[33m        job         [0m
────────────────────┬─────────────────────
       status       │ running             
      runTime       │ 2025-07-07 11:38:24.927151
════════════════════╧═════════════════════
╒═════════════════════════════════════════════════════╤════════════════════╕
│       train/episode/rew tracking lin vel/mean       │       15.846       │
├─────────────────────────────────────────────────────┼────────────────────┤
│       train/episode/rew tracking ang vel/mean       │        5.22        │
├─────────────────────────────────────────────────────┼────────────────────┤
│          train/episode/rew lin vel z/mean           │       -0.041       │
├─────────────────────────────────────────────────────┼────────────────────┤
│          train/episode/rew ang vel xy/mean          │       -0.044       │
├─────────────────────────────────────────────────────┼────────────────────┤
│           train/episode/rew torques/mean            │       -2.646       │
├─────────────────────────────────────────────────────┼────────────────────┤
│           train/episode/rew dof vel/mean            │       -0.183       │
├─────────────────────────────────────────────────────┼────────────────────┤
│           train/episode/rew dof acc/mean            │       -1.385       │
├─────────────────────────────────────────────────────┼────────────────────┤
│          train/episode/rew collision/mean           │       -0.027       │
├─────────────────────────────────────────────────────┼────────────────────┤
│         train/episode/rew action rate/mean          │       -2.346       │
├─────────────────────────────────────────────────────┼────────────────────┤
│train/episode/rew tracking contacts shaped force/mean│       -7.702       │
├─────────────────────────────────────────────────────┼────────────────────┤
│ train/episode/rew tracking contacts shaped vel/mean │       -2.543       │
├─────────────────────────────────────────────────────┼────────────────────┤
│             train/episode/rew jump/mean             │       -4.959       │
├─────────────────────────────────────────────────────┼────────────────────┤
│        train/episode/rew dof pos limits/mean        │        -0.         │
├─────────────────────────────────────────────────────┼────────────────────┤
│          train/episode/rew feet slip/mean           │       -0.691       │
├─────────────────────────────────────────────────────┼────────────────────┤
│  train/episode/rew feet clearance cmd linear/mean   │       -9.294       │
├─────────────────────────────────────────────────────┼────────────────────┤
│     train/episode/rew action smoothness 1/mean      │       -1.041       │
├─────────────────────────────────────────────────────┼────────────────────┤
│     train/episode/rew action smoothness 2/mean      │       -2.432       │
├─────────────────────────────────────────────────────┼────────────────────┤
│      train/episode/rew raibert heuristic/mean       │       -5.832       │
├─────────────────────────────────────────────────────┼────────────────────┤
│     train/episode/rew orientation control/mean      │         0.         │
├─────────────────────────────────────────────────────┼────────────────────┤
│            train/episode/rew total/mean             │       3.986        │
├─────────────────────────────────────────────────────┼────────────────────┤
│       train/episode/min command duration/mean       │        0.5         │
├─────────────────────────────────────────────────────┼────────────────────┤
│       train/episode/max command duration/mean       │        0.5         │
├─────────────────────────────────────────────────────┼────────────────────┤
│        train/episode/min command bound/mean         │         0.         │
├─────────────────────────────────────────────────────┼────────────────────┤
│        train/episode/max command bound/mean         │         0.         │
├─────────────────────────────────────────────────────┼────────────────────┤
│        train/episode/min command offset/mean        │         0.         │
├─────────────────────────────────────────────────────┼────────────────────┤
│        train/episode/max command offset/mean        │         0.         │
├─────────────────────────────────────────────────────┼────────────────────┤
│        train/episode/min command phase/mean         │        0.5         │
├─────────────────────────────────────────────────────┼────────────────────┤
│        train/episode/max command phase/mean         │        0.5         │
├─────────────────────────────────────────────────────┼────────────────────┤
│         train/episode/min command freq/mean         │         2.         │
├─────────────────────────────────────────────────────┼────────────────────┤
│         train/episode/max command freq/mean         │         4.         │
├─────────────────────────────────────────────────────┼────────────────────┤
│        train/episode/min command x vel/mean         │       -1.048       │
├─────────────────────────────────────────────────────┼────────────────────┤
│        train/episode/max command x vel/mean         │       1.047        │
├─────────────────────────────────────────────────────┼────────────────────┤
│        train/episode/min command y vel/mean         │        -0.2        │
├─────────────────────────────────────────────────────┼────────────────────┤
│        train/episode/max command y vel/mean         │        0.2         │
├─────────────────────────────────────────────────────┼────────────────────┤
│       train/episode/min command yaw vel/mean        │       -1.047       │
├─────────────────────────────────────────────────────┼────────────────────┤
│       train/episode/max command yaw vel/mean        │       1.047        │
├─────────────────────────────────────────────────────┼────────────────────┤
│     train/episode/min command swing height/mean     │        0.03        │
├─────────────────────────────────────────────────────┼────────────────────┤
│     train/episode/max command swing height/mean     │        0.35        │
├─────────────────────────────────────────────────────┼────────────────────┤
│        train/episode/command area trot/mean         │       0.274        │
├─────────────────────────────────────────────────────┼────────────────────┤
│            train/episode/min action/mean            │       -4.646       │
├─────────────────────────────────────────────────────┼────────────────────┤
│            train/episode/max action/mean            │       4.103        │
├─────────────────────────────────────────────────────┼────────────────────┤
│                  time elapsed/mean                  │       229.28       │
├─────────────────────────────────────────────────────┼────────────────────┤
│                   time iter/mean                    │       2.053        │
├─────────────────────────────────────────────────────┼────────────────────┤
│                mean value loss/mean                 │       0.001        │
├─────────────────────────────────────────────────────┼────────────────────┤
│              mean surrogate loss/mean               │       -0.017       │
├─────────────────────────────────────────────────────┼────────────────────┤
│               mean decoder loss/mean                │         0.         │
├─────────────────────────────────────────────────────┼────────────────────┤
│           mean decoder loss student/mean            │         0.         │
├─────────────────────────────────────────────────────┼────────────────────┤
│             mean decoder test loss/mean             │         0.         │
├─────────────────────────────────────────────────────┼────────────────────┤
│         mean decoder test loss student/mean         │         0.         │
├─────────────────────────────────────────────────────┼────────────────────┤
│                      timesteps                      │      10911744      │
├─────────────────────────────────────────────────────┼────────────────────┤
│                     iterations                      │        110         │
╘═════════════════════════════════════════════════════╧════════════════════╛

══════════════════════════════════════════
[33m        job         [0m
────────────────────┬─────────────────────
       status       │ running             
      runTime       │ 2025-07-07 11:38:45.456533
════════════════════╧═════════════════════
╒═════════════════════════════════════════════════════╤════════════════════╕
│       train/episode/rew tracking lin vel/mean       │       15.93        │
├─────────────────────────────────────────────────────┼────────────────────┤
│       train/episode/rew tracking ang vel/mean       │       5.451        │
├─────────────────────────────────────────────────────┼────────────────────┤
│          train/episode/rew lin vel z/mean           │       -0.042       │
├─────────────────────────────────────────────────────┼────────────────────┤
│          train/episode/rew ang vel xy/mean          │       -0.04        │
├─────────────────────────────────────────────────────┼────────────────────┤
│           train/episode/rew torques/mean            │       -2.566       │
├─────────────────────────────────────────────────────┼────────────────────┤
│           train/episode/rew dof vel/mean            │       -0.181       │
├─────────────────────────────────────────────────────┼────────────────────┤
│           train/episode/rew dof acc/mean            │       -1.292       │
├─────────────────────────────────────────────────────┼────────────────────┤
│          train/episode/rew collision/mean           │       -0.031       │
├─────────────────────────────────────────────────────┼────────────────────┤
│         train/episode/rew action rate/mean          │       -2.128       │
├─────────────────────────────────────────────────────┼────────────────────┤
│train/episode/rew tracking contacts shaped force/mean│       -6.936       │
├─────────────────────────────────────────────────────┼────────────────────┤
│ train/episode/rew tracking contacts shaped vel/mean │       -2.407       │
├─────────────────────────────────────────────────────┼────────────────────┤
│             train/episode/rew jump/mean             │       -4.736       │
├─────────────────────────────────────────────────────┼────────────────────┤
│        train/episode/rew dof pos limits/mean        │       -0.001       │
├─────────────────────────────────────────────────────┼────────────────────┤
│          train/episode/rew feet slip/mean           │       -0.596       │
├─────────────────────────────────────────────────────┼────────────────────┤
│  train/episode/rew feet clearance cmd linear/mean   │       -9.118       │
├─────────────────────────────────────────────────────┼────────────────────┤
│     train/episode/rew action smoothness 1/mean      │       -0.94        │
├─────────────────────────────────────────────────────┼────────────────────┤
│     train/episode/rew action smoothness 2/mean      │       -2.133       │
├─────────────────────────────────────────────────────┼────────────────────┤
│      train/episode/rew raibert heuristic/mean       │       -5.299       │
├─────────────────────────────────────────────────────┼────────────────────┤
│     train/episode/rew orientation control/mean      │         0.         │
├─────────────────────────────────────────────────────┼────────────────────┤
│            train/episode/rew total/mean             │       4.464        │
├─────────────────────────────────────────────────────┼────────────────────┤
│       train/episode/min command duration/mean       │        0.5         │
├─────────────────────────────────────────────────────┼────────────────────┤
│       train/episode/max command duration/mean       │        0.5         │
├─────────────────────────────────────────────────────┼────────────────────┤
│        train/episode/min command bound/mean         │         0.         │
├─────────────────────────────────────────────────────┼────────────────────┤
│        train/episode/max command bound/mean         │         0.         │
├─────────────────────────────────────────────────────┼────────────────────┤
│        train/episode/min command offset/mean        │         0.         │
├─────────────────────────────────────────────────────┼────────────────────┤
│        train/episode/max command offset/mean        │         0.         │
├─────────────────────────────────────────────────────┼────────────────────┤
│        train/episode/min command phase/mean         │        0.5         │
├─────────────────────────────────────────────────────┼────────────────────┤
│        train/episode/max command phase/mean         │        0.5         │
├─────────────────────────────────────────────────────┼────────────────────┤
│         train/episode/min command freq/mean         │         2.         │
├─────────────────────────────────────────────────────┼────────────────────┤
│         train/episode/max command freq/mean         │         4.         │
├─────────────────────────────────────────────────────┼────────────────────┤
│        train/episode/min command x vel/mean         │       -1.047       │
├─────────────────────────────────────────────────────┼────────────────────┤
│        train/episode/max command x vel/mean         │       1.047        │
├─────────────────────────────────────────────────────┼────────────────────┤
│        train/episode/min command y vel/mean         │        -0.2        │
├─────────────────────────────────────────────────────┼────────────────────┤
│        train/episode/max command y vel/mean         │        0.2         │
├─────────────────────────────────────────────────────┼────────────────────┤
│       train/episode/min command yaw vel/mean        │       -1.047       │
├─────────────────────────────────────────────────────┼────────────────────┤
│       train/episode/max command yaw vel/mean        │       1.047        │
├─────────────────────────────────────────────────────┼────────────────────┤
│     train/episode/min command swing height/mean     │        0.03        │
├─────────────────────────────────────────────────────┼────────────────────┤
│     train/episode/max command swing height/mean     │        0.35        │
├─────────────────────────────────────────────────────┼────────────────────┤
│        train/episode/command area trot/mean         │       0.274        │
├─────────────────────────────────────────────────────┼────────────────────┤
│            train/episode/min action/mean            │       -4.643       │
├─────────────────────────────────────────────────────┼────────────────────┤
│            train/episode/max action/mean            │       4.077        │
├─────────────────────────────────────────────────────┼────────────────────┤
│                  time elapsed/mean                  │      249.623       │
├─────────────────────────────────────────────────────┼────────────────────┤
│                   time iter/mean                    │       2.015        │
├─────────────────────────────────────────────────────┼────────────────────┤
│                mean value loss/mean                 │       0.001        │
├─────────────────────────────────────────────────────┼────────────────────┤
│              mean surrogate loss/mean               │       -0.015       │
├─────────────────────────────────────────────────────┼────────────────────┤
│               mean decoder loss/mean                │         0.         │
├─────────────────────────────────────────────────────┼────────────────────┤
│           mean decoder loss student/mean            │         0.         │
├─────────────────────────────────────────────────────┼────────────────────┤
│             mean decoder test loss/mean             │         0.         │
├─────────────────────────────────────────────────────┼────────────────────┤
│         mean decoder test loss student/mean         │         0.         │
├─────────────────────────────────────────────────────┼────────────────────┤
│                      timesteps                      │      11894784      │
├─────────────────────────────────────────────────────┼────────────────────┤
│                     iterations                      │        120         │
╘═════════════════════════════════════════════════════╧════════════════════╛

══════════════════════════════════════════
[33m        job         [0m
────────────────────┬─────────────────────
       status       │ running             
      runTime       │ 2025-07-07 11:39:05.601065
════════════════════╧═════════════════════
╒═════════════════════════════════════════════════════╤════════════════════╕
│       train/episode/rew tracking lin vel/mean       │       16.322       │
├─────────────────────────────────────────────────────┼────────────────────┤
│       train/episode/rew tracking ang vel/mean       │       5.739        │
├─────────────────────────────────────────────────────┼────────────────────┤
│          train/episode/rew lin vel z/mean           │       -0.041       │
├─────────────────────────────────────────────────────┼────────────────────┤
│          train/episode/rew ang vel xy/mean          │       -0.037       │
├─────────────────────────────────────────────────────┼────────────────────┤
│           train/episode/rew torques/mean            │       -2.555       │
├─────────────────────────────────────────────────────┼────────────────────┤
│           train/episode/rew dof vel/mean            │       -0.177       │
├─────────────────────────────────────────────────────┼────────────────────┤
│           train/episode/rew dof acc/mean            │       -1.217       │
├─────────────────────────────────────────────────────┼────────────────────┤
│          train/episode/rew collision/mean           │       -0.019       │
├─────────────────────────────────────────────────────┼────────────────────┤
│         train/episode/rew action rate/mean          │       -1.977       │
├─────────────────────────────────────────────────────┼────────────────────┤
│train/episode/rew tracking contacts shaped force/mean│       -6.484       │
├─────────────────────────────────────────────────────┼────────────────────┤
│ train/episode/rew tracking contacts shaped vel/mean │       -2.206       │
├─────────────────────────────────────────────────────┼────────────────────┤
│             train/episode/rew jump/mean             │       -4.749       │
├─────────────────────────────────────────────────────┼────────────────────┤
│        train/episode/rew dof pos limits/mean        │        -0.         │
├─────────────────────────────────────────────────────┼────────────────────┤
│          train/episode/rew feet slip/mean           │       -0.513       │
├─────────────────────────────────────────────────────┼────────────────────┤
│  train/episode/rew feet clearance cmd linear/mean   │       -8.348       │
├─────────────────────────────────────────────────────┼────────────────────┤
│     train/episode/rew action smoothness 1/mean      │       -0.872       │
├─────────────────────────────────────────────────────┼────────────────────┤
│     train/episode/rew action smoothness 2/mean      │       -1.91        │
├─────────────────────────────────────────────────────┼────────────────────┤
│      train/episode/rew raibert heuristic/mean       │       -4.907       │
├─────────────────────────────────────────────────────┼────────────────────┤
│     train/episode/rew orientation control/mean      │         0.         │
├─────────────────────────────────────────────────────┼────────────────────┤
│            train/episode/rew total/mean             │       5.041        │
├─────────────────────────────────────────────────────┼────────────────────┤
│       train/episode/min command duration/mean       │        0.5         │
├─────────────────────────────────────────────────────┼────────────────────┤
│       train/episode/max command duration/mean       │        0.5         │
├─────────────────────────────────────────────────────┼────────────────────┤
│        train/episode/min command bound/mean         │         0.         │
├─────────────────────────────────────────────────────┼────────────────────┤
│        train/episode/max command bound/mean         │         0.         │
├─────────────────────────────────────────────────────┼────────────────────┤
│        train/episode/min command offset/mean        │         0.         │
├─────────────────────────────────────────────────────┼────────────────────┤
│        train/episode/max command offset/mean        │         0.         │
├─────────────────────────────────────────────────────┼────────────────────┤
│        train/episode/min command phase/mean         │        0.5         │
├─────────────────────────────────────────────────────┼────────────────────┤
│        train/episode/max command phase/mean         │        0.5         │
├─────────────────────────────────────────────────────┼────────────────────┤
│         train/episode/min command freq/mean         │       2.001        │
├─────────────────────────────────────────────────────┼────────────────────┤
│         train/episode/max command freq/mean         │       3.999        │
├─────────────────────────────────────────────────────┼────────────────────┤
│        train/episode/min command x vel/mean         │       -1.046       │
├─────────────────────────────────────────────────────┼────────────────────┤
│        train/episode/max command x vel/mean         │       1.047        │
├─────────────────────────────────────────────────────┼────────────────────┤
│        train/episode/min command y vel/mean         │        -0.2        │
├─────────────────────────────────────────────────────┼────────────────────┤
│        train/episode/max command y vel/mean         │        0.2         │
├─────────────────────────────────────────────────────┼────────────────────┤
│       train/episode/min command yaw vel/mean        │       -1.047       │
├─────────────────────────────────────────────────────┼────────────────────┤
│       train/episode/max command yaw vel/mean        │       1.047        │
├─────────────────────────────────────────────────────┼────────────────────┤
│     train/episode/min command swing height/mean     │        0.03        │
├─────────────────────────────────────────────────────┼────────────────────┤
│     train/episode/max command swing height/mean     │        0.35        │
├─────────────────────────────────────────────────────┼────────────────────┤
│        train/episode/command area trot/mean         │       0.274        │
├─────────────────────────────────────────────────────┼────────────────────┤
│            train/episode/min action/mean            │       -4.719       │
├─────────────────────────────────────────────────────┼────────────────────┤
│            train/episode/max action/mean            │       4.072        │
├─────────────────────────────────────────────────────┼────────────────────┤
│                  time elapsed/mean                  │      270.426       │
├─────────────────────────────────────────────────────┼────────────────────┤
│                   time iter/mean                    │        2.19        │
├─────────────────────────────────────────────────────┼────────────────────┤
│                mean value loss/mean                 │       0.001        │
├─────────────────────────────────────────────────────┼────────────────────┤
│              mean surrogate loss/mean               │       -0.015       │
├─────────────────────────────────────────────────────┼────────────────────┤
│               mean decoder loss/mean                │         0.         │
├─────────────────────────────────────────────────────┼────────────────────┤
│           mean decoder loss student/mean            │         0.         │
├─────────────────────────────────────────────────────┼────────────────────┤
│             mean decoder test loss/mean             │         0.         │
├─────────────────────────────────────────────────────┼────────────────────┤
│         mean decoder test loss student/mean         │         0.         │
├─────────────────────────────────────────────────────┼────────────────────┤
│                      timesteps                      │      12877824      │
├─────────────────────────────────────────────────────┼────────────────────┤
│                     iterations                      │        130         │
╘═════════════════════════════════════════════════════╧════════════════════╛

══════════════════════════════════════════
[33m        job         [0m
────────────────────┬─────────────────────
       status       │ running             
      runTime       │ 2025-07-07 11:39:27.498040
════════════════════╧═════════════════════
╒═════════════════════════════════════════════════════╤════════════════════╕
│       train/episode/rew tracking lin vel/mean       │       16.237       │
├─────────────────────────────────────────────────────┼────────────────────┤
│       train/episode/rew tracking ang vel/mean       │       5.978        │
├─────────────────────────────────────────────────────┼────────────────────┤
│          train/episode/rew lin vel z/mean           │       -0.041       │
├─────────────────────────────────────────────────────┼────────────────────┤
│          train/episode/rew ang vel xy/mean          │       -0.035       │
├─────────────────────────────────────────────────────┼────────────────────┤
│           train/episode/rew torques/mean            │       -2.52        │
├─────────────────────────────────────────────────────┼────────────────────┤
│           train/episode/rew dof vel/mean            │       -0.174       │
├─────────────────────────────────────────────────────┼────────────────────┤
│           train/episode/rew dof acc/mean            │       -1.145       │
├─────────────────────────────────────────────────────┼────────────────────┤
│          train/episode/rew collision/mean           │       -0.016       │
├─────────────────────────────────────────────────────┼────────────────────┤
│         train/episode/rew action rate/mean          │       -1.83        │
├─────────────────────────────────────────────────────┼────────────────────┤
│train/episode/rew tracking contacts shaped force/mean│       -6.051       │
├─────────────────────────────────────────────────────┼────────────────────┤
│ train/episode/rew tracking contacts shaped vel/mean │       -2.129       │
├─────────────────────────────────────────────────────┼────────────────────┤
│             train/episode/rew jump/mean             │       -4.933       │
├─────────────────────────────────────────────────────┼────────────────────┤
│        train/episode/rew dof pos limits/mean        │        -0.         │
├─────────────────────────────────────────────────────┼────────────────────┤
│          train/episode/rew feet slip/mean           │       -0.453       │
├─────────────────────────────────────────────────────┼────────────────────┤
│  train/episode/rew feet clearance cmd linear/mean   │       -7.76        │
├─────────────────────────────────────────────────────┼────────────────────┤
│     train/episode/rew action smoothness 1/mean      │       -0.805       │
├─────────────────────────────────────────────────────┼────────────────────┤
│     train/episode/rew action smoothness 2/mean      │       -1.715       │
├─────────────────────────────────────────────────────┼────────────────────┤
│      train/episode/rew raibert heuristic/mean       │       -4.856       │
├─────────────────────────────────────────────────────┼────────────────────┤
│     train/episode/rew orientation control/mean      │         0.         │
├─────────────────────────────────────────────────────┼────────────────────┤
│            train/episode/rew total/mean             │       5.398        │
├─────────────────────────────────────────────────────┼────────────────────┤
│       train/episode/min command duration/mean       │        0.5         │
├─────────────────────────────────────────────────────┼────────────────────┤
│       train/episode/max command duration/mean       │        0.5         │
├─────────────────────────────────────────────────────┼────────────────────┤
│        train/episode/min command bound/mean         │         0.         │
├─────────────────────────────────────────────────────┼────────────────────┤
│        train/episode/max command bound/mean         │         0.         │
├─────────────────────────────────────────────────────┼────────────────────┤
│        train/episode/min command offset/mean        │         0.         │
├─────────────────────────────────────────────────────┼────────────────────┤
│        train/episode/max command offset/mean        │         0.         │
├─────────────────────────────────────────────────────┼────────────────────┤
│        train/episode/min command phase/mean         │        0.5         │
├─────────────────────────────────────────────────────┼────────────────────┤
│        train/episode/max command phase/mean         │        0.5         │
├─────────────────────────────────────────────────────┼────────────────────┤
│         train/episode/min command freq/mean         │       2.001        │
├─────────────────────────────────────────────────────┼────────────────────┤
│         train/episode/max command freq/mean         │       3.999        │
├─────────────────────────────────────────────────────┼────────────────────┤
│        train/episode/min command x vel/mean         │       -1.046       │
├─────────────────────────────────────────────────────┼────────────────────┤
│        train/episode/max command x vel/mean         │       1.047        │
├─────────────────────────────────────────────────────┼────────────────────┤
│        train/episode/min command y vel/mean         │        -0.2        │
├─────────────────────────────────────────────────────┼────────────────────┤
│        train/episode/max command y vel/mean         │        0.2         │
├─────────────────────────────────────────────────────┼────────────────────┤
│       train/episode/min command yaw vel/mean        │       -1.047       │
├─────────────────────────────────────────────────────┼────────────────────┤
│       train/episode/max command yaw vel/mean        │       1.047        │
├─────────────────────────────────────────────────────┼────────────────────┤
│     train/episode/min command swing height/mean     │        0.03        │
├─────────────────────────────────────────────────────┼────────────────────┤
│     train/episode/max command swing height/mean     │        0.35        │
├─────────────────────────────────────────────────────┼────────────────────┤
│        train/episode/command area trot/mean         │       0.274        │
├─────────────────────────────────────────────────────┼────────────────────┤
│            train/episode/min action/mean            │       -4.862       │
├─────────────────────────────────────────────────────┼────────────────────┤
│            train/episode/max action/mean            │       4.019        │
├─────────────────────────────────────────────────────┼────────────────────┤
│                  time elapsed/mean                  │      291.922       │
├─────────────────────────────────────────────────────┼────────────────────┤
│                   time iter/mean                    │       2.063        │
├─────────────────────────────────────────────────────┼────────────────────┤
│                mean value loss/mean                 │       0.001        │
├─────────────────────────────────────────────────────┼────────────────────┤
│              mean surrogate loss/mean               │       -0.014       │
├─────────────────────────────────────────────────────┼────────────────────┤
│               mean decoder loss/mean                │         0.         │
├─────────────────────────────────────────────────────┼────────────────────┤
│           mean decoder loss student/mean            │         0.         │
├─────────────────────────────────────────────────────┼────────────────────┤
│             mean decoder test loss/mean             │         0.         │
├─────────────────────────────────────────────────────┼────────────────────┤
│         mean decoder test loss student/mean         │         0.         │
├─────────────────────────────────────────────────────┼────────────────────┤
│                      timesteps                      │      13860864      │
├─────────────────────────────────────────────────────┼────────────────────┤
│                     iterations                      │        140         │
╘═════════════════════════════════════════════════════╧════════════════════╛

══════════════════════════════════════════
[33m        job         [0m
────────────────────┬─────────────────────
       status       │ running             
      runTime       │ 2025-07-07 11:39:48.130373
════════════════════╧═════════════════════
╒═════════════════════════════════════════════════════╤════════════════════╕
│       train/episode/rew tracking lin vel/mean       │       16.972       │
├─────────────────────────────────────────────────────┼────────────────────┤
│       train/episode/rew tracking ang vel/mean       │       6.447        │
├─────────────────────────────────────────────────────┼────────────────────┤
│          train/episode/rew lin vel z/mean           │       -0.043       │
├─────────────────────────────────────────────────────┼────────────────────┤
│          train/episode/rew ang vel xy/mean          │       -0.033       │
├─────────────────────────────────────────────────────┼────────────────────┤
│           train/episode/rew torques/mean            │       -2.596       │
├─────────────────────────────────────────────────────┼────────────────────┤
│           train/episode/rew dof vel/mean            │       -0.177       │
├─────────────────────────────────────────────────────┼────────────────────┤
│           train/episode/rew dof acc/mean            │       -1.139       │
├─────────────────────────────────────────────────────┼────────────────────┤
│          train/episode/rew collision/mean           │       -0.005       │
├─────────────────────────────────────────────────────┼────────────────────┤
│         train/episode/rew action rate/mean          │       -1.811       │
├─────────────────────────────────────────────────────┼────────────────────┤
│train/episode/rew tracking contacts shaped force/mean│       -6.131       │
├─────────────────────────────────────────────────────┼────────────────────┤
│ train/episode/rew tracking contacts shaped vel/mean │       -2.055       │
├─────────────────────────────────────────────────────┼────────────────────┤
│             train/episode/rew jump/mean             │       -4.564       │
├─────────────────────────────────────────────────────┼────────────────────┤
│        train/episode/rew dof pos limits/mean        │        -0.         │
├─────────────────────────────────────────────────────┼────────────────────┤
│          train/episode/rew feet slip/mean           │       -0.426       │
├─────────────────────────────────────────────────────┼────────────────────┤
│  train/episode/rew feet clearance cmd linear/mean   │       -7.643       │
├─────────────────────────────────────────────────────┼────────────────────┤
│     train/episode/rew action smoothness 1/mean      │       -0.798       │
├─────────────────────────────────────────────────────┼────────────────────┤
│     train/episode/rew action smoothness 2/mean      │       -1.645       │
├─────────────────────────────────────────────────────┼────────────────────┤
│      train/episode/rew raibert heuristic/mean       │       -4.526       │
├─────────────────────────────────────────────────────┼────────────────────┤
│     train/episode/rew orientation control/mean      │         0.         │
├─────────────────────────────────────────────────────┼────────────────────┤
│            train/episode/rew total/mean             │        6.03        │
├─────────────────────────────────────────────────────┼────────────────────┤
│       train/episode/min command duration/mean       │        0.5         │
├─────────────────────────────────────────────────────┼────────────────────┤
│       train/episode/max command duration/mean       │        0.5         │
├─────────────────────────────────────────────────────┼────────────────────┤
│        train/episode/min command bound/mean         │         0.         │
├─────────────────────────────────────────────────────┼────────────────────┤
│        train/episode/max command bound/mean         │         0.         │
├─────────────────────────────────────────────────────┼────────────────────┤
│        train/episode/min command offset/mean        │         0.         │
├─────────────────────────────────────────────────────┼────────────────────┤
│        train/episode/max command offset/mean        │         0.         │
├─────────────────────────────────────────────────────┼────────────────────┤
│        train/episode/min command phase/mean         │        0.5         │
├─────────────────────────────────────────────────────┼────────────────────┤
│        train/episode/max command phase/mean         │        0.5         │
├─────────────────────────────────────────────────────┼────────────────────┤
│         train/episode/min command freq/mean         │       2.001        │
├─────────────────────────────────────────────────────┼────────────────────┤
│         train/episode/max command freq/mean         │         4.         │
├─────────────────────────────────────────────────────┼────────────────────┤
│        train/episode/min command x vel/mean         │       -1.046       │
├─────────────────────────────────────────────────────┼────────────────────┤
│        train/episode/max command x vel/mean         │       1.047        │
├─────────────────────────────────────────────────────┼────────────────────┤
│        train/episode/min command y vel/mean         │        -0.2        │
├─────────────────────────────────────────────────────┼────────────────────┤
│        train/episode/max command y vel/mean         │        0.2         │
├─────────────────────────────────────────────────────┼────────────────────┤
│       train/episode/min command yaw vel/mean        │       -1.046       │
├─────────────────────────────────────────────────────┼────────────────────┤
│       train/episode/max command yaw vel/mean        │       1.047        │
├─────────────────────────────────────────────────────┼────────────────────┤
│     train/episode/min command swing height/mean     │        0.03        │
├─────────────────────────────────────────────────────┼────────────────────┤
│     train/episode/max command swing height/mean     │        0.35        │
├─────────────────────────────────────────────────────┼────────────────────┤
│        train/episode/command area trot/mean         │       0.274        │
├─────────────────────────────────────────────────────┼────────────────────┤
│            train/episode/min action/mean            │       -4.829       │
├─────────────────────────────────────────────────────┼────────────────────┤
│            train/episode/max action/mean            │       3.965        │
├─────────────────────────────────────────────────────┼────────────────────┤
│                  time elapsed/mean                  │      312.432       │
├─────────────────────────────────────────────────────┼────────────────────┤
│                   time iter/mean                    │       2.052        │
├─────────────────────────────────────────────────────┼────────────────────┤
│                mean value loss/mean                 │       0.001        │
├─────────────────────────────────────────────────────┼────────────────────┤
│              mean surrogate loss/mean               │       -0.013       │
├─────────────────────────────────────────────────────┼────────────────────┤
│               mean decoder loss/mean                │         0.         │
├─────────────────────────────────────────────────────┼────────────────────┤
│           mean decoder loss student/mean            │         0.         │
├─────────────────────────────────────────────────────┼────────────────────┤
│             mean decoder test loss/mean             │         0.         │
├─────────────────────────────────────────────────────┼────────────────────┤
│         mean decoder test loss student/mean         │         0.         │
├─────────────────────────────────────────────────────┼────────────────────┤
│                      timesteps                      │      14843904      │
├─────────────────────────────────────────────────────┼────────────────────┤
│                     iterations                      │        150         │
╘═════════════════════════════════════════════════════╧════════════════════╛

══════════════════════════════════════════
[33m        job         [0m
────────────────────┬─────────────────────
       status       │ running             
      runTime       │ 2025-07-07 11:40:08.646966
════════════════════╧═════════════════════
╒═════════════════════════════════════════════════════╤════════════════════╕
│       train/episode/rew tracking lin vel/mean       │       16.968       │
├─────────────────────────────────────────────────────┼────────────────────┤
│       train/episode/rew tracking ang vel/mean       │       6.615        │
├─────────────────────────────────────────────────────┼────────────────────┤
│          train/episode/rew lin vel z/mean           │       -0.043       │
├─────────────────────────────────────────────────────┼────────────────────┤
│          train/episode/rew ang vel xy/mean          │       -0.032       │
├─────────────────────────────────────────────────────┼────────────────────┤
│           train/episode/rew torques/mean            │       -2.532       │
├─────────────────────────────────────────────────────┼────────────────────┤
│           train/episode/rew dof vel/mean            │       -0.177       │
├─────────────────────────────────────────────────────┼────────────────────┤
│           train/episode/rew dof acc/mean            │       -1.086       │
├─────────────────────────────────────────────────────┼────────────────────┤
│          train/episode/rew collision/mean           │       -0.005       │
├─────────────────────────────────────────────────────┼────────────────────┤
│         train/episode/rew action rate/mean          │       -1.702       │
├─────────────────────────────────────────────────────┼────────────────────┤
│train/episode/rew tracking contacts shaped force/mean│       -5.803       │
├─────────────────────────────────────────────────────┼────────────────────┤
│ train/episode/rew tracking contacts shaped vel/mean │       -2.025       │
├─────────────────────────────────────────────────────┼────────────────────┤
│             train/episode/rew jump/mean             │       -4.676       │
├─────────────────────────────────────────────────────┼────────────────────┤
│        train/episode/rew dof pos limits/mean        │        -0.         │
├─────────────────────────────────────────────────────┼────────────────────┤
│          train/episode/rew feet slip/mean           │       -0.387       │
├─────────────────────────────────────────────────────┼────────────────────┤
│  train/episode/rew feet clearance cmd linear/mean   │       -7.518       │
├─────────────────────────────────────────────────────┼────────────────────┤
│     train/episode/rew action smoothness 1/mean      │       -0.747       │
├─────────────────────────────────────────────────────┼────────────────────┤
│     train/episode/rew action smoothness 2/mean      │       -1.508       │
├─────────────────────────────────────────────────────┼────────────────────┤
│      train/episode/rew raibert heuristic/mean       │       -4.374       │
├─────────────────────────────────────────────────────┼────────────────────┤
│     train/episode/rew orientation control/mean      │         0.         │
├─────────────────────────────────────────────────────┼────────────────────┤
│            train/episode/rew total/mean             │       6.345        │
├─────────────────────────────────────────────────────┼────────────────────┤
│       train/episode/min command duration/mean       │        0.5         │
├─────────────────────────────────────────────────────┼────────────────────┤
│       train/episode/max command duration/mean       │        0.5         │
├─────────────────────────────────────────────────────┼────────────────────┤
│        train/episode/min command bound/mean         │         0.         │
├─────────────────────────────────────────────────────┼────────────────────┤
│        train/episode/max command bound/mean         │         0.         │
├─────────────────────────────────────────────────────┼────────────────────┤
│        train/episode/min command offset/mean        │         0.         │
├─────────────────────────────────────────────────────┼────────────────────┤
│        train/episode/max command offset/mean        │         0.         │
├─────────────────────────────────────────────────────┼────────────────────┤
│        train/episode/min command phase/mean         │        0.5         │
├─────────────────────────────────────────────────────┼────────────────────┤
│        train/episode/max command phase/mean         │        0.5         │
├─────────────────────────────────────────────────────┼────────────────────┤
│         train/episode/min command freq/mean         │       2.001        │
├─────────────────────────────────────────────────────┼────────────────────┤
│         train/episode/max command freq/mean         │         4.         │
├─────────────────────────────────────────────────────┼────────────────────┤
│        train/episode/min command x vel/mean         │       -1.047       │
├─────────────────────────────────────────────────────┼────────────────────┤
│        train/episode/max command x vel/mean         │       1.048        │
├─────────────────────────────────────────────────────┼────────────────────┤
│        train/episode/min command y vel/mean         │        -0.2        │
├─────────────────────────────────────────────────────┼────────────────────┤
│        train/episode/max command y vel/mean         │        0.2         │
├─────────────────────────────────────────────────────┼────────────────────┤
│       train/episode/min command yaw vel/mean        │       -1.046       │
├─────────────────────────────────────────────────────┼────────────────────┤
│       train/episode/max command yaw vel/mean        │       1.047        │
├─────────────────────────────────────────────────────┼────────────────────┤
│     train/episode/min command swing height/mean     │        0.03        │
├─────────────────────────────────────────────────────┼────────────────────┤
│     train/episode/max command swing height/mean     │        0.35        │
├─────────────────────────────────────────────────────┼────────────────────┤
│        train/episode/command area trot/mean         │       0.274        │
├─────────────────────────────────────────────────────┼────────────────────┤
│            train/episode/min action/mean            │       -4.957       │
├─────────────────────────────────────────────────────┼────────────────────┤
│            train/episode/max action/mean            │       4.005        │
├─────────────────────────────────────────────────────┼────────────────────┤
│                  time elapsed/mean                  │       332.98       │
├─────────────────────────────────────────────────────┼────────────────────┤
│                   time iter/mean                    │       2.048        │
├─────────────────────────────────────────────────────┼────────────────────┤
│                mean value loss/mean                 │       0.001        │
├─────────────────────────────────────────────────────┼────────────────────┤
│              mean surrogate loss/mean               │       -0.013       │
├─────────────────────────────────────────────────────┼────────────────────┤
│               mean decoder loss/mean                │         0.         │
├─────────────────────────────────────────────────────┼────────────────────┤
│           mean decoder loss student/mean            │         0.         │
├─────────────────────────────────────────────────────┼────────────────────┤
│             mean decoder test loss/mean             │         0.         │
├─────────────────────────────────────────────────────┼────────────────────┤
│         mean decoder test loss student/mean         │         0.         │
├─────────────────────────────────────────────────────┼────────────────────┤
│                      timesteps                      │      15826944      │
├─────────────────────────────────────────────────────┼────────────────────┤
│                     iterations                      │        160         │
╘═════════════════════════════════════════════════════╧════════════════════╛

══════════════════════════════════════════
[33m        job         [0m
────────────────────┬─────────────────────
       status       │ running             
      runTime       │ 2025-07-07 11:40:29.125345
════════════════════╧═════════════════════
╒═════════════════════════════════════════════════════╤════════════════════╕
│       train/episode/rew tracking lin vel/mean       │       16.813       │
├─────────────────────────────────────────────────────┼────────────────────┤
│       train/episode/rew tracking ang vel/mean       │        6.7         │
├─────────────────────────────────────────────────────┼────────────────────┤
│          train/episode/rew lin vel z/mean           │       -0.042       │
├─────────────────────────────────────────────────────┼────────────────────┤
│          train/episode/rew ang vel xy/mean          │       -0.03        │
├─────────────────────────────────────────────────────┼────────────────────┤
│           train/episode/rew torques/mean            │       -2.533       │
├─────────────────────────────────────────────────────┼────────────────────┤
│           train/episode/rew dof vel/mean            │       -0.172       │
├─────────────────────────────────────────────────────┼────────────────────┤
│           train/episode/rew dof acc/mean            │       -1.029       │
├─────────────────────────────────────────────────────┼────────────────────┤
│          train/episode/rew collision/mean           │       -0.003       │
├─────────────────────────────────────────────────────┼────────────────────┤
│         train/episode/rew action rate/mean          │       -1.607       │
├─────────────────────────────────────────────────────┼────────────────────┤
│train/episode/rew tracking contacts shaped force/mean│       -5.596       │
├─────────────────────────────────────────────────────┼────────────────────┤
│ train/episode/rew tracking contacts shaped vel/mean │       -1.925       │
├─────────────────────────────────────────────────────┼────────────────────┤
│             train/episode/rew jump/mean             │       -4.645       │
├─────────────────────────────────────────────────────┼────────────────────┤
│        train/episode/rew dof pos limits/mean        │       -0.001       │
├─────────────────────────────────────────────────────┼────────────────────┤
│          train/episode/rew feet slip/mean           │       -0.355       │
├─────────────────────────────────────────────────────┼────────────────────┤
│  train/episode/rew feet clearance cmd linear/mean   │       -6.998       │
├─────────────────────────────────────────────────────┼────────────────────┤
│     train/episode/rew action smoothness 1/mean      │       -0.707       │
├─────────────────────────────────────────────────────┼────────────────────┤
│     train/episode/rew action smoothness 2/mean      │       -1.386       │
├─────────────────────────────────────────────────────┼────────────────────┤
│      train/episode/rew raibert heuristic/mean       │       -4.385       │
├─────────────────────────────────────────────────────┼────────────────────┤
│     train/episode/rew orientation control/mean      │         0.         │
├─────────────────────────────────────────────────────┼────────────────────┤
│            train/episode/rew total/mean             │       6.477        │
├─────────────────────────────────────────────────────┼────────────────────┤
│       train/episode/min command duration/mean       │        0.5         │
├─────────────────────────────────────────────────────┼────────────────────┤
│       train/episode/max command duration/mean       │        0.5         │
├─────────────────────────────────────────────────────┼────────────────────┤
│        train/episode/min command bound/mean         │         0.         │
├─────────────────────────────────────────────────────┼────────────────────┤
│        train/episode/max command bound/mean         │         0.         │
├─────────────────────────────────────────────────────┼────────────────────┤
│        train/episode/min command offset/mean        │         0.         │
├─────────────────────────────────────────────────────┼────────────────────┤
│        train/episode/max command offset/mean        │         0.         │
├─────────────────────────────────────────────────────┼────────────────────┤
│        train/episode/min command phase/mean         │        0.5         │
├─────────────────────────────────────────────────────┼────────────────────┤
│        train/episode/max command phase/mean         │        0.5         │
├─────────────────────────────────────────────────────┼────────────────────┤
│         train/episode/min command freq/mean         │         2.         │
├─────────────────────────────────────────────────────┼────────────────────┤
│         train/episode/max command freq/mean         │         4.         │
├─────────────────────────────────────────────────────┼────────────────────┤
│        train/episode/min command x vel/mean         │       -1.047       │
├─────────────────────────────────────────────────────┼────────────────────┤
│        train/episode/max command x vel/mean         │       1.047        │
├─────────────────────────────────────────────────────┼────────────────────┤
│        train/episode/min command y vel/mean         │        -0.2        │
├─────────────────────────────────────────────────────┼────────────────────┤
│        train/episode/max command y vel/mean         │        0.2         │
├─────────────────────────────────────────────────────┼────────────────────┤
│       train/episode/min command yaw vel/mean        │       -1.047       │
├─────────────────────────────────────────────────────┼────────────────────┤
│       train/episode/max command yaw vel/mean        │       1.047        │
├─────────────────────────────────────────────────────┼────────────────────┤
│     train/episode/min command swing height/mean     │        0.03        │
├─────────────────────────────────────────────────────┼────────────────────┤
│     train/episode/max command swing height/mean     │        0.35        │
├─────────────────────────────────────────────────────┼────────────────────┤
│        train/episode/command area trot/mean         │       0.274        │
├─────────────────────────────────────────────────────┼────────────────────┤
│            train/episode/min action/mean            │       -5.062       │
├─────────────────────────────────────────────────────┼────────────────────┤
│            train/episode/max action/mean            │       4.078        │
├─────────────────────────────────────────────────────┼────────────────────┤
│                  time elapsed/mean                  │      353.682       │
├─────────────────────────────────────────────────────┼────────────────────┤
│                   time iter/mean                    │       2.173        │
├─────────────────────────────────────────────────────┼────────────────────┤
│                mean value loss/mean                 │       0.002        │
├─────────────────────────────────────────────────────┼────────────────────┤
│              mean surrogate loss/mean               │       -0.012       │
├─────────────────────────────────────────────────────┼────────────────────┤
│               mean decoder loss/mean                │         0.         │
├─────────────────────────────────────────────────────┼────────────────────┤
│           mean decoder loss student/mean            │         0.         │
├─────────────────────────────────────────────────────┼────────────────────┤
│             mean decoder test loss/mean             │         0.         │
├─────────────────────────────────────────────────────┼────────────────────┤
│         mean decoder test loss student/mean         │         0.         │
├─────────────────────────────────────────────────────┼────────────────────┤
│                      timesteps                      │      16809984      │
├─────────────────────────────────────────────────────┼────────────────────┤
│                     iterations                      │        170         │
╘═════════════════════════════════════════════════════╧════════════════════╛

══════════════════════════════════════════
[33m        job         [0m
────────────────────┬─────────────────────
       status       │ running             
      runTime       │ 2025-07-07 11:40:50.851253
════════════════════╧═════════════════════
╒═════════════════════════════════════════════════════╤════════════════════╕
│       train/episode/rew tracking lin vel/mean       │       17.322       │
├─────────────────────────────────────────────────────┼────────────────────┤
│       train/episode/rew tracking ang vel/mean       │       6.999        │
├─────────────────────────────────────────────────────┼────────────────────┤
│          train/episode/rew lin vel z/mean           │       -0.043       │
├─────────────────────────────────────────────────────┼────────────────────┤
│          train/episode/rew ang vel xy/mean          │       -0.029       │
├─────────────────────────────────────────────────────┼────────────────────┤
│           train/episode/rew torques/mean            │       -2.571       │
├─────────────────────────────────────────────────────┼────────────────────┤
│           train/episode/rew dof vel/mean            │       -0.174       │
├─────────────────────────────────────────────────────┼────────────────────┤
│           train/episode/rew dof acc/mean            │       -1.038       │
├─────────────────────────────────────────────────────┼────────────────────┤
│          train/episode/rew collision/mean           │       -0.005       │
├─────────────────────────────────────────────────────┼────────────────────┤
│         train/episode/rew action rate/mean          │       -1.599       │
├─────────────────────────────────────────────────────┼────────────────────┤
│train/episode/rew tracking contacts shaped force/mean│       -5.536       │
├─────────────────────────────────────────────────────┼────────────────────┤
│ train/episode/rew tracking contacts shaped vel/mean │       -1.931       │
├─────────────────────────────────────────────────────┼────────────────────┤
│             train/episode/rew jump/mean             │       -4.08        │
├─────────────────────────────────────────────────────┼────────────────────┤
│        train/episode/rew dof pos limits/mean        │        -0.         │
├─────────────────────────────────────────────────────┼────────────────────┤
│          train/episode/rew feet slip/mean           │       -0.337       │
├─────────────────────────────────────────────────────┼────────────────────┤
│  train/episode/rew feet clearance cmd linear/mean   │       -6.406       │
├─────────────────────────────────────────────────────┼────────────────────┤
│     train/episode/rew action smoothness 1/mean      │       -0.703       │
├─────────────────────────────────────────────────────┼────────────────────┤
│     train/episode/rew action smoothness 2/mean      │       -1.351       │
├─────────────────────────────────────────────────────┼────────────────────┤
│      train/episode/rew raibert heuristic/mean       │       -3.874       │
├─────────────────────────────────────────────────────┼────────────────────┤
│     train/episode/rew orientation control/mean      │         0.         │
├─────────────────────────────────────────────────────┼────────────────────┤
│            train/episode/rew total/mean             │       7.308        │
├─────────────────────────────────────────────────────┼────────────────────┤
│       train/episode/min command duration/mean       │        0.5         │
├─────────────────────────────────────────────────────┼────────────────────┤
│       train/episode/max command duration/mean       │        0.5         │
├─────────────────────────────────────────────────────┼────────────────────┤
│        train/episode/min command bound/mean         │         0.         │
├─────────────────────────────────────────────────────┼────────────────────┤
│        train/episode/max command bound/mean         │         0.         │
├─────────────────────────────────────────────────────┼────────────────────┤
│        train/episode/min command offset/mean        │         0.         │
├─────────────────────────────────────────────────────┼────────────────────┤
│        train/episode/max command offset/mean        │         0.         │
├─────────────────────────────────────────────────────┼────────────────────┤
│        train/episode/min command phase/mean         │        0.5         │
├─────────────────────────────────────────────────────┼────────────────────┤
│        train/episode/max command phase/mean         │        0.5         │
├─────────────────────────────────────────────────────┼────────────────────┤
│         train/episode/min command freq/mean         │       2.002        │
├─────────────────────────────────────────────────────┼────────────────────┤
│         train/episode/max command freq/mean         │         4.         │
├─────────────────────────────────────────────────────┼────────────────────┤
│        train/episode/min command x vel/mean         │       -1.047       │
├─────────────────────────────────────────────────────┼────────────────────┤
│        train/episode/max command x vel/mean         │       1.046        │
├─────────────────────────────────────────────────────┼────────────────────┤
│        train/episode/min command y vel/mean         │        -0.2        │
├─────────────────────────────────────────────────────┼────────────────────┤
│        train/episode/max command y vel/mean         │        0.2         │
├─────────────────────────────────────────────────────┼────────────────────┤
│       train/episode/min command yaw vel/mean        │       -1.048       │
├─────────────────────────────────────────────────────┼────────────────────┤
│       train/episode/max command yaw vel/mean        │       1.048        │
├─────────────────────────────────────────────────────┼────────────────────┤
│     train/episode/min command swing height/mean     │        0.03        │
├─────────────────────────────────────────────────────┼────────────────────┤
│     train/episode/max command swing height/mean     │        0.35        │
├─────────────────────────────────────────────────────┼────────────────────┤
│        train/episode/command area trot/mean         │       0.274        │
├─────────────────────────────────────────────────────┼────────────────────┤
│            train/episode/min action/mean            │       -5.075       │
├─────────────────────────────────────────────────────┼────────────────────┤
│            train/episode/max action/mean            │       3.964        │
├─────────────────────────────────────────────────────┼────────────────────┤
│                  time elapsed/mean                  │      375.484       │
├─────────────────────────────────────────────────────┼────────────────────┤
│                   time iter/mean                    │        2.09        │
├─────────────────────────────────────────────────────┼────────────────────┤
│                mean value loss/mean                 │       0.001        │
├─────────────────────────────────────────────────────┼────────────────────┤
│              mean surrogate loss/mean               │       -0.013       │
├─────────────────────────────────────────────────────┼────────────────────┤
│               mean decoder loss/mean                │         0.         │
├─────────────────────────────────────────────────────┼────────────────────┤
│           mean decoder loss student/mean            │         0.         │
├─────────────────────────────────────────────────────┼────────────────────┤
│             mean decoder test loss/mean             │         0.         │
├─────────────────────────────────────────────────────┼────────────────────┤
│         mean decoder test loss student/mean         │         0.         │
├─────────────────────────────────────────────────────┼────────────────────┤
│                      timesteps                      │      17793024      │
├─────────────────────────────────────────────────────┼────────────────────┤
│                     iterations                      │        180         │
╘═════════════════════════════════════════════════════╧════════════════════╛

══════════════════════════════════════════
[33m        job         [0m
────────────────────┬─────────────────────
       status       │ running             
      runTime       │ 2025-07-07 11:41:11.752039
════════════════════╧═════════════════════
╒═════════════════════════════════════════════════════╤════════════════════╕
│       train/episode/rew tracking lin vel/mean       │       17.414       │
├─────────────────────────────────────────────────────┼────────────────────┤
│       train/episode/rew tracking ang vel/mean       │       7.189        │
├─────────────────────────────────────────────────────┼────────────────────┤
│          train/episode/rew lin vel z/mean           │       -0.042       │
├─────────────────────────────────────────────────────┼────────────────────┤
│          train/episode/rew ang vel xy/mean          │       -0.028       │
├─────────────────────────────────────────────────────┼────────────────────┤
│           train/episode/rew torques/mean            │       -2.621       │
├─────────────────────────────────────────────────────┼────────────────────┤
│           train/episode/rew dof vel/mean            │       -0.178       │
├─────────────────────────────────────────────────────┼────────────────────┤
│           train/episode/rew dof acc/mean            │       -1.027       │
├─────────────────────────────────────────────────────┼────────────────────┤
│          train/episode/rew collision/mean           │       -0.004       │
├─────────────────────────────────────────────────────┼────────────────────┤
│         train/episode/rew action rate/mean          │       -1.57        │
├─────────────────────────────────────────────────────┼────────────────────┤
│train/episode/rew tracking contacts shaped force/mean│       -5.502       │
├─────────────────────────────────────────────────────┼────────────────────┤
│ train/episode/rew tracking contacts shaped vel/mean │       -1.892       │
├─────────────────────────────────────────────────────┼────────────────────┤
│             train/episode/rew jump/mean             │       -4.014       │
├─────────────────────────────────────────────────────┼────────────────────┤
│        train/episode/rew dof pos limits/mean        │       -0.001       │
├─────────────────────────────────────────────────────┼────────────────────┤
│          train/episode/rew feet slip/mean           │       -0.325       │
├─────────────────────────────────────────────────────┼────────────────────┤
│  train/episode/rew feet clearance cmd linear/mean   │       -6.427       │
├─────────────────────────────────────────────────────┼────────────────────┤
│     train/episode/rew action smoothness 1/mean      │       -0.691       │
├─────────────────────────────────────────────────────┼────────────────────┤
│     train/episode/rew action smoothness 2/mean      │       -1.297       │
├─────────────────────────────────────────────────────┼────────────────────┤
│      train/episode/rew raibert heuristic/mean       │       -3.821       │
├─────────────────────────────────────────────────────┼────────────────────┤
│     train/episode/rew orientation control/mean      │         0.         │
├─────────────────────────────────────────────────────┼────────────────────┤
│            train/episode/rew total/mean             │       7.484        │
├─────────────────────────────────────────────────────┼────────────────────┤
│       train/episode/min command duration/mean       │        0.5         │
├─────────────────────────────────────────────────────┼────────────────────┤
│       train/episode/max command duration/mean       │        0.5         │
├─────────────────────────────────────────────────────┼────────────────────┤
│        train/episode/min command bound/mean         │         0.         │
├─────────────────────────────────────────────────────┼────────────────────┤
│        train/episode/max command bound/mean         │         0.         │
├─────────────────────────────────────────────────────┼────────────────────┤
│        train/episode/min command offset/mean        │         0.         │
├─────────────────────────────────────────────────────┼────────────────────┤
│        train/episode/max command offset/mean        │         0.         │
├─────────────────────────────────────────────────────┼────────────────────┤
│        train/episode/min command phase/mean         │        0.5         │
├─────────────────────────────────────────────────────┼────────────────────┤
│        train/episode/max command phase/mean         │        0.5         │
├─────────────────────────────────────────────────────┼────────────────────┤
│         train/episode/min command freq/mean         │       2.002        │
├─────────────────────────────────────────────────────┼────────────────────┤
│         train/episode/max command freq/mean         │         4.         │
├─────────────────────────────────────────────────────┼────────────────────┤
│        train/episode/min command x vel/mean         │       -1.047       │
├─────────────────────────────────────────────────────┼────────────────────┤
│        train/episode/max command x vel/mean         │       1.046        │
├─────────────────────────────────────────────────────┼────────────────────┤
│        train/episode/min command y vel/mean         │        -0.2        │
├─────────────────────────────────────────────────────┼────────────────────┤
│        train/episode/max command y vel/mean         │        0.2         │
├─────────────────────────────────────────────────────┼────────────────────┤
│       train/episode/min command yaw vel/mean        │       -1.048       │
├─────────────────────────────────────────────────────┼────────────────────┤
│       train/episode/max command yaw vel/mean        │       1.047        │
├─────────────────────────────────────────────────────┼────────────────────┤
│     train/episode/min command swing height/mean     │        0.03        │
├─────────────────────────────────────────────────────┼────────────────────┤
│     train/episode/max command swing height/mean     │        0.35        │
├─────────────────────────────────────────────────────┼────────────────────┤
│        train/episode/command area trot/mean         │       0.274        │
├─────────────────────────────────────────────────────┼────────────────────┤
│            train/episode/min action/mean            │       -5.237       │
├─────────────────────────────────────────────────────┼────────────────────┤
│            train/episode/max action/mean            │       3.953        │
├─────────────────────────────────────────────────────┼────────────────────┤
│                  time elapsed/mean                  │      396.093       │
├─────────────────────────────────────────────────────┼────────────────────┤
│                   time iter/mean                    │        2.06        │
├─────────────────────────────────────────────────────┼────────────────────┤
│                mean value loss/mean                 │       0.002        │
├─────────────────────────────────────────────────────┼────────────────────┤
│              mean surrogate loss/mean               │       -0.012       │
├─────────────────────────────────────────────────────┼────────────────────┤
│               mean decoder loss/mean                │         0.         │
├─────────────────────────────────────────────────────┼────────────────────┤
│           mean decoder loss student/mean            │         0.         │
├─────────────────────────────────────────────────────┼────────────────────┤
│             mean decoder test loss/mean             │         0.         │
├─────────────────────────────────────────────────────┼────────────────────┤
│         mean decoder test loss student/mean         │         0.         │
├─────────────────────────────────────────────────────┼────────────────────┤
│                      timesteps                      │      18776064      │
├─────────────────────────────────────────────────────┼────────────────────┤
│                     iterations                      │        190         │
╘═════════════════════════════════════════════════════╧════════════════════╛

══════════════════════════════════════════
[33m        job         [0m
────────────────────┬─────────────────────
       status       │ running             
      runTime       │ 2025-07-07 11:41:32.350307
════════════════════╧═════════════════════
╒═════════════════════════════════════════════════════╤════════════════════╕
│       train/episode/rew tracking lin vel/mean       │       17.544       │
├─────────────────────────────────────────────────────┼────────────────────┤
│       train/episode/rew tracking ang vel/mean       │       7.326        │
├─────────────────────────────────────────────────────┼────────────────────┤
│          train/episode/rew lin vel z/mean           │       -0.04        │
├─────────────────────────────────────────────────────┼────────────────────┤
│          train/episode/rew ang vel xy/mean          │       -0.028       │
├─────────────────────────────────────────────────────┼────────────────────┤
│           train/episode/rew torques/mean            │        -2.6        │
├─────────────────────────────────────────────────────┼────────────────────┤
│           train/episode/rew dof vel/mean            │       -0.181       │
├─────────────────────────────────────────────────────┼────────────────────┤
│           train/episode/rew dof acc/mean            │       -1.034       │
├─────────────────────────────────────────────────────┼────────────────────┤
│          train/episode/rew collision/mean           │       -0.01        │
├─────────────────────────────────────────────────────┼────────────────────┤
│         train/episode/rew action rate/mean          │       -1.547       │
├─────────────────────────────────────────────────────┼────────────────────┤
│train/episode/rew tracking contacts shaped force/mean│       -5.279       │
├─────────────────────────────────────────────────────┼────────────────────┤
│ train/episode/rew tracking contacts shaped vel/mean │       -1.873       │
├─────────────────────────────────────────────────────┼────────────────────┤
│             train/episode/rew jump/mean             │       -4.002       │
├─────────────────────────────────────────────────────┼────────────────────┤
│        train/episode/rew dof pos limits/mean        │        -0.         │
├─────────────────────────────────────────────────────┼────────────────────┤
│          train/episode/rew feet slip/mean           │       -0.323       │
├─────────────────────────────────────────────────────┼────────────────────┤
│  train/episode/rew feet clearance cmd linear/mean   │       -5.787       │
├─────────────────────────────────────────────────────┼────────────────────┤
│     train/episode/rew action smoothness 1/mean      │       -0.683       │
├─────────────────────────────────────────────────────┼────────────────────┤
│     train/episode/rew action smoothness 2/mean      │       -1.249       │
├─────────────────────────────────────────────────────┼────────────────────┤
│      train/episode/rew raibert heuristic/mean       │       -3.619       │
├─────────────────────────────────────────────────────┼────────────────────┤
│     train/episode/rew orientation control/mean      │         0.         │
├─────────────────────────────────────────────────────┼────────────────────┤
│            train/episode/rew total/mean             │       7.796        │
├─────────────────────────────────────────────────────┼────────────────────┤
│       train/episode/min command duration/mean       │        0.5         │
├─────────────────────────────────────────────────────┼────────────────────┤
│       train/episode/max command duration/mean       │        0.5         │
├─────────────────────────────────────────────────────┼────────────────────┤
│        train/episode/min command bound/mean         │         0.         │
├─────────────────────────────────────────────────────┼────────────────────┤
│        train/episode/max command bound/mean         │         0.         │
├─────────────────────────────────────────────────────┼────────────────────┤
│        train/episode/min command offset/mean        │         0.         │
├─────────────────────────────────────────────────────┼────────────────────┤
│        train/episode/max command offset/mean        │         0.         │
├─────────────────────────────────────────────────────┼────────────────────┤
│        train/episode/min command phase/mean         │        0.5         │
├─────────────────────────────────────────────────────┼────────────────────┤
│        train/episode/max command phase/mean         │        0.5         │
├─────────────────────────────────────────────────────┼────────────────────┤
│         train/episode/min command freq/mean         │       2.001        │
├─────────────────────────────────────────────────────┼────────────────────┤
│         train/episode/max command freq/mean         │       3.999        │
├─────────────────────────────────────────────────────┼────────────────────┤
│        train/episode/min command x vel/mean         │       -1.047       │
├─────────────────────────────────────────────────────┼────────────────────┤
│        train/episode/max command x vel/mean         │       1.046        │
├─────────────────────────────────────────────────────┼────────────────────┤
│        train/episode/min command y vel/mean         │        -0.2        │
├─────────────────────────────────────────────────────┼────────────────────┤
│        train/episode/max command y vel/mean         │        0.2         │
├─────────────────────────────────────────────────────┼────────────────────┤
│       train/episode/min command yaw vel/mean        │       -1.048       │
├─────────────────────────────────────────────────────┼────────────────────┤
│       train/episode/max command yaw vel/mean        │       1.047        │
├─────────────────────────────────────────────────────┼────────────────────┤
│     train/episode/min command swing height/mean     │        0.03        │
├─────────────────────────────────────────────────────┼────────────────────┤
│     train/episode/max command swing height/mean     │        0.35        │
├─────────────────────────────────────────────────────┼────────────────────┤
│        train/episode/command area trot/mean         │       0.274        │
├─────────────────────────────────────────────────────┼────────────────────┤
│            train/episode/min action/mean            │       -5.369       │
├─────────────────────────────────────────────────────┼────────────────────┤
│            train/episode/max action/mean            │       4.024        │
├─────────────────────────────────────────────────────┼────────────────────┤
│                  time elapsed/mean                  │      416.712       │
├─────────────────────────────────────────────────────┼────────────────────┤
│                   time iter/mean                    │       2.051        │
├─────────────────────────────────────────────────────┼────────────────────┤
│                mean value loss/mean                 │       0.001        │
├─────────────────────────────────────────────────────┼────────────────────┤
│              mean surrogate loss/mean               │       -0.012       │
├─────────────────────────────────────────────────────┼────────────────────┤
│               mean decoder loss/mean                │         0.         │
├─────────────────────────────────────────────────────┼────────────────────┤
│           mean decoder loss student/mean            │         0.         │
├─────────────────────────────────────────────────────┼────────────────────┤
│             mean decoder test loss/mean             │         0.         │
├─────────────────────────────────────────────────────┼────────────────────┤
│         mean decoder test loss student/mean         │         0.         │
├─────────────────────────────────────────────────────┼────────────────────┤
│                      timesteps                      │      19759104      │
├─────────────────────────────────────────────────────┼────────────────────┤
│                     iterations                      │        200         │
╘═════════════════════════════════════════════════════╧════════════════════╛

══════════════════════════════════════════
[33m        job         [0m
────────────────────┬─────────────────────
       status       │ running             
      runTime       │ 2025-07-07 11:41:52.865804
════════════════════╧═════════════════════
╒═════════════════════════════════════════════════════╤════════════════════╕
│       train/episode/rew tracking lin vel/mean       │       17.603       │
├─────────────────────────────────────────────────────┼────────────────────┤
│       train/episode/rew tracking ang vel/mean       │       7.417        │
├─────────────────────────────────────────────────────┼────────────────────┤
│          train/episode/rew lin vel z/mean           │       -0.04        │
├─────────────────────────────────────────────────────┼────────────────────┤
│          train/episode/rew ang vel xy/mean          │       -0.027       │
├─────────────────────────────────────────────────────┼────────────────────┤
│           train/episode/rew torques/mean            │       -2.611       │
├─────────────────────────────────────────────────────┼────────────────────┤
│           train/episode/rew dof vel/mean            │       -0.182       │
├─────────────────────────────────────────────────────┼────────────────────┤
│           train/episode/rew dof acc/mean            │       -1.016       │
├─────────────────────────────────────────────────────┼────────────────────┤
│          train/episode/rew collision/mean           │       -0.009       │
├─────────────────────────────────────────────────────┼────────────────────┤
│         train/episode/rew action rate/mean          │       -1.507       │
├─────────────────────────────────────────────────────┼────────────────────┤
│train/episode/rew tracking contacts shaped force/mean│       -5.188       │
├─────────────────────────────────────────────────────┼────────────────────┤
│ train/episode/rew tracking contacts shaped vel/mean │       -1.857       │
├─────────────────────────────────────────────────────┼────────────────────┤
│             train/episode/rew jump/mean             │       -3.734       │
├─────────────────────────────────────────────────────┼────────────────────┤
│        train/episode/rew dof pos limits/mean        │        -0.         │
├─────────────────────────────────────────────────────┼────────────────────┤
│          train/episode/rew feet slip/mean           │       -0.316       │
├─────────────────────────────────────────────────────┼────────────────────┤
│  train/episode/rew feet clearance cmd linear/mean   │       -5.866       │
├─────────────────────────────────────────────────────┼────────────────────┤
│     train/episode/rew action smoothness 1/mean      │       -0.663       │
├─────────────────────────────────────────────────────┼────────────────────┤
│     train/episode/rew action smoothness 2/mean      │       -1.196       │
├─────────────────────────────────────────────────────┼────────────────────┤
│      train/episode/rew raibert heuristic/mean       │       -3.356       │
├─────────────────────────────────────────────────────┼────────────────────┤
│     train/episode/rew orientation control/mean      │         0.         │
├─────────────────────────────────────────────────────┼────────────────────┤
│            train/episode/rew total/mean             │       8.203        │
├─────────────────────────────────────────────────────┼────────────────────┤
│       train/episode/min command duration/mean       │        0.5         │
├─────────────────────────────────────────────────────┼────────────────────┤
│       train/episode/max command duration/mean       │        0.5         │
├─────────────────────────────────────────────────────┼────────────────────┤
│        train/episode/min command bound/mean         │         0.         │
├─────────────────────────────────────────────────────┼────────────────────┤
│        train/episode/max command bound/mean         │         0.         │
├─────────────────────────────────────────────────────┼────────────────────┤
│        train/episode/min command offset/mean        │         0.         │
├─────────────────────────────────────────────────────┼────────────────────┤
│        train/episode/max command offset/mean        │         0.         │
├─────────────────────────────────────────────────────┼────────────────────┤
│        train/episode/min command phase/mean         │        0.5         │
├─────────────────────────────────────────────────────┼────────────────────┤
│        train/episode/max command phase/mean         │        0.5         │
├─────────────────────────────────────────────────────┼────────────────────┤
│         train/episode/min command freq/mean         │         2.         │
├─────────────────────────────────────────────────────┼────────────────────┤
│         train/episode/max command freq/mean         │         4.         │
├─────────────────────────────────────────────────────┼────────────────────┤
│        train/episode/min command x vel/mean         │       -1.047       │
├─────────────────────────────────────────────────────┼────────────────────┤
│        train/episode/max command x vel/mean         │       1.046        │
├─────────────────────────────────────────────────────┼────────────────────┤
│        train/episode/min command y vel/mean         │        -0.2        │
├─────────────────────────────────────────────────────┼────────────────────┤
│        train/episode/max command y vel/mean         │        0.2         │
├─────────────────────────────────────────────────────┼────────────────────┤
│       train/episode/min command yaw vel/mean        │       -1.047       │
├─────────────────────────────────────────────────────┼────────────────────┤
│       train/episode/max command yaw vel/mean        │       1.047        │
├─────────────────────────────────────────────────────┼────────────────────┤
│     train/episode/min command swing height/mean     │        0.03        │
├─────────────────────────────────────────────────────┼────────────────────┤
│     train/episode/max command swing height/mean     │        0.35        │
├─────────────────────────────────────────────────────┼────────────────────┤
│        train/episode/command area trot/mean         │       0.274        │
├─────────────────────────────────────────────────────┼────────────────────┤
│            train/episode/min action/mean            │       -5.421       │
├─────────────────────────────────────────────────────┼────────────────────┤
│            train/episode/max action/mean            │       4.037        │
├─────────────────────────────────────────────────────┼────────────────────┤
│                  time elapsed/mean                  │      437.238       │
├─────────────────────────────────────────────────────┼────────────────────┤
│                   time iter/mean                    │       2.134        │
├─────────────────────────────────────────────────────┼────────────────────┤
│                mean value loss/mean                 │       0.002        │
├─────────────────────────────────────────────────────┼────────────────────┤
│              mean surrogate loss/mean               │       -0.011       │
├─────────────────────────────────────────────────────┼────────────────────┤
│               mean decoder loss/mean                │         0.         │
├─────────────────────────────────────────────────────┼────────────────────┤
│           mean decoder loss student/mean            │         0.         │
├─────────────────────────────────────────────────────┼────────────────────┤
│             mean decoder test loss/mean             │         0.         │
├─────────────────────────────────────────────────────┼────────────────────┤
│         mean decoder test loss student/mean         │         0.         │
├─────────────────────────────────────────────────────┼────────────────────┤
│                      timesteps                      │      20742144      │
├─────────────────────────────────────────────────────┼────────────────────┤
│                     iterations                      │        210         │
╘═════════════════════════════════════════════════════╧════════════════════╛

══════════════════════════════════════════
[33m        job         [0m
────────────────────┬─────────────────────
       status       │ running             
      runTime       │ 2025-07-07 11:42:14.205217
════════════════════╧═════════════════════
╒═════════════════════════════════════════════════════╤════════════════════╕
│       train/episode/rew tracking lin vel/mean       │       17.418       │
├─────────────────────────────────────────────────────┼────────────────────┤
│       train/episode/rew tracking ang vel/mean       │       7.381        │
├─────────────────────────────────────────────────────┼────────────────────┤
│          train/episode/rew lin vel z/mean           │       -0.038       │
├─────────────────────────────────────────────────────┼────────────────────┤
│          train/episode/rew ang vel xy/mean          │       -0.026       │
├─────────────────────────────────────────────────────┼────────────────────┤
│           train/episode/rew torques/mean            │       -2.608       │
├─────────────────────────────────────────────────────┼────────────────────┤
│           train/episode/rew dof vel/mean            │       -0.184       │
├─────────────────────────────────────────────────────┼────────────────────┤
│           train/episode/rew dof acc/mean            │       -1.006       │
├─────────────────────────────────────────────────────┼────────────────────┤
│          train/episode/rew collision/mean           │       -0.01        │
├─────────────────────────────────────────────────────┼────────────────────┤
│         train/episode/rew action rate/mean          │       -1.46        │
├─────────────────────────────────────────────────────┼────────────────────┤
│train/episode/rew tracking contacts shaped force/mean│       -4.982       │
├─────────────────────────────────────────────────────┼────────────────────┤
│ train/episode/rew tracking contacts shaped vel/mean │       -1.865       │
├─────────────────────────────────────────────────────┼────────────────────┤
│             train/episode/rew jump/mean             │       -3.489       │
├─────────────────────────────────────────────────────┼────────────────────┤
│        train/episode/rew dof pos limits/mean        │        -0.         │
├─────────────────────────────────────────────────────┼────────────────────┤
│          train/episode/rew feet slip/mean           │       -0.299       │
├─────────────────────────────────────────────────────┼────────────────────┤
│  train/episode/rew feet clearance cmd linear/mean   │       -5.39        │
├─────────────────────────────────────────────────────┼────────────────────┤
│     train/episode/rew action smoothness 1/mean      │       -0.644       │
├─────────────────────────────────────────────────────┼────────────────────┤
│     train/episode/rew action smoothness 2/mean      │       -1.132       │
├─────────────────────────────────────────────────────┼────────────────────┤
│      train/episode/rew raibert heuristic/mean       │       -3.143       │
├─────────────────────────────────────────────────────┼────────────────────┤
│     train/episode/rew orientation control/mean      │         0.         │
├─────────────────────────────────────────────────────┼────────────────────┤
│            train/episode/rew total/mean             │       8.396        │
├─────────────────────────────────────────────────────┼────────────────────┤
│       train/episode/min command duration/mean       │        0.5         │
├─────────────────────────────────────────────────────┼────────────────────┤
│       train/episode/max command duration/mean       │        0.5         │
├─────────────────────────────────────────────────────┼────────────────────┤
│        train/episode/min command bound/mean         │         0.         │
├─────────────────────────────────────────────────────┼────────────────────┤
│        train/episode/max command bound/mean         │         0.         │
├─────────────────────────────────────────────────────┼────────────────────┤
│        train/episode/min command offset/mean        │         0.         │
├─────────────────────────────────────────────────────┼────────────────────┤
│        train/episode/max command offset/mean        │         0.         │
├─────────────────────────────────────────────────────┼────────────────────┤
│        train/episode/min command phase/mean         │        0.5         │
├─────────────────────────────────────────────────────┼────────────────────┤
│        train/episode/max command phase/mean         │        0.5         │
├─────────────────────────────────────────────────────┼────────────────────┤
│         train/episode/min command freq/mean         │         2.         │
├─────────────────────────────────────────────────────┼────────────────────┤
│         train/episode/max command freq/mean         │         4.         │
├─────────────────────────────────────────────────────┼────────────────────┤
│        train/episode/min command x vel/mean         │       -1.047       │
├─────────────────────────────────────────────────────┼────────────────────┤
│        train/episode/max command x vel/mean         │       1.047        │
├─────────────────────────────────────────────────────┼────────────────────┤
│        train/episode/min command y vel/mean         │        -0.2        │
├─────────────────────────────────────────────────────┼────────────────────┤
│        train/episode/max command y vel/mean         │        0.2         │
├─────────────────────────────────────────────────────┼────────────────────┤
│       train/episode/min command yaw vel/mean        │       -1.046       │
├─────────────────────────────────────────────────────┼────────────────────┤
│       train/episode/max command yaw vel/mean        │       1.047        │
├─────────────────────────────────────────────────────┼────────────────────┤
│     train/episode/min command swing height/mean     │        0.03        │
├─────────────────────────────────────────────────────┼────────────────────┤
│     train/episode/max command swing height/mean     │        0.35        │
├─────────────────────────────────────────────────────┼────────────────────┤
│        train/episode/command area trot/mean         │       0.274        │
├─────────────────────────────────────────────────────┼────────────────────┤
│            train/episode/min action/mean            │       -5.449       │
├─────────────────────────────────────────────────────┼────────────────────┤
│            train/episode/max action/mean            │       4.041        │
├─────────────────────────────────────────────────────┼────────────────────┤
│                  time elapsed/mean                  │       459.21       │
├─────────────────────────────────────────────────────┼────────────────────┤
│                   time iter/mean                    │       2.136        │
├─────────────────────────────────────────────────────┼────────────────────┤
│                mean value loss/mean                 │       0.001        │
├─────────────────────────────────────────────────────┼────────────────────┤
│              mean surrogate loss/mean               │       -0.011       │
├─────────────────────────────────────────────────────┼────────────────────┤
│               mean decoder loss/mean                │         0.         │
├─────────────────────────────────────────────────────┼────────────────────┤
│           mean decoder loss student/mean            │         0.         │
├─────────────────────────────────────────────────────┼────────────────────┤
│             mean decoder test loss/mean             │         0.         │
├─────────────────────────────────────────────────────┼────────────────────┤
│         mean decoder test loss student/mean         │         0.         │
├─────────────────────────────────────────────────────┼────────────────────┤
│                      timesteps                      │      21725184      │
├─────────────────────────────────────────────────────┼────────────────────┤
│                     iterations                      │        220         │
╘═════════════════════════════════════════════════════╧════════════════════╛

══════════════════════════════════════════
[33m        job         [0m
────────────────────┬─────────────────────
       status       │ running             
      runTime       │ 2025-07-07 11:42:35.571113
════════════════════╧═════════════════════
╒═════════════════════════════════════════════════════╤════════════════════╕
│       train/episode/rew tracking lin vel/mean       │       17.618       │
├─────────────────────────────────────────────────────┼────────────────────┤
│       train/episode/rew tracking ang vel/mean       │       7.562        │
├─────────────────────────────────────────────────────┼────────────────────┤
│          train/episode/rew lin vel z/mean           │       -0.04        │
├─────────────────────────────────────────────────────┼────────────────────┤
│          train/episode/rew ang vel xy/mean          │       -0.026       │
├─────────────────────────────────────────────────────┼────────────────────┤
│           train/episode/rew torques/mean            │       -2.666       │
├─────────────────────────────────────────────────────┼────────────────────┤
│           train/episode/rew dof vel/mean            │       -0.184       │
├─────────────────────────────────────────────────────┼────────────────────┤
│           train/episode/rew dof acc/mean            │       -0.984       │
├─────────────────────────────────────────────────────┼────────────────────┤
│          train/episode/rew collision/mean           │       -0.017       │
├─────────────────────────────────────────────────────┼────────────────────┤
│         train/episode/rew action rate/mean          │       -1.427       │
├─────────────────────────────────────────────────────┼────────────────────┤
│train/episode/rew tracking contacts shaped force/mean│       -5.14        │
├─────────────────────────────────────────────────────┼────────────────────┤
│ train/episode/rew tracking contacts shaped vel/mean │       -1.81        │
├─────────────────────────────────────────────────────┼────────────────────┤
│             train/episode/rew jump/mean             │       -3.276       │
├─────────────────────────────────────────────────────┼────────────────────┤
│        train/episode/rew dof pos limits/mean        │       -0.001       │
├─────────────────────────────────────────────────────┼────────────────────┤
│          train/episode/rew feet slip/mean           │       -0.295       │
├─────────────────────────────────────────────────────┼────────────────────┤
│  train/episode/rew feet clearance cmd linear/mean   │       -4.982       │
├─────────────────────────────────────────────────────┼────────────────────┤
│     train/episode/rew action smoothness 1/mean      │       -0.629       │
├─────────────────────────────────────────────────────┼────────────────────┤
│     train/episode/rew action smoothness 2/mean      │       -1.091       │
├─────────────────────────────────────────────────────┼────────────────────┤
│      train/episode/rew raibert heuristic/mean       │       -3.159       │
├─────────────────────────────────────────────────────┼────────────────────┤
│     train/episode/rew orientation control/mean      │         0.         │
├─────────────────────────────────────────────────────┼────────────────────┤
│            train/episode/rew total/mean             │       8.845        │
├─────────────────────────────────────────────────────┼────────────────────┤
│       train/episode/min command duration/mean       │        0.5         │
├─────────────────────────────────────────────────────┼────────────────────┤
│       train/episode/max command duration/mean       │        0.5         │
├─────────────────────────────────────────────────────┼────────────────────┤
│        train/episode/min command bound/mean         │         0.         │
├─────────────────────────────────────────────────────┼────────────────────┤
│        train/episode/max command bound/mean         │         0.         │
├─────────────────────────────────────────────────────┼────────────────────┤
│        train/episode/min command offset/mean        │         0.         │
├─────────────────────────────────────────────────────┼────────────────────┤
│        train/episode/max command offset/mean        │         0.         │
├─────────────────────────────────────────────────────┼────────────────────┤
│        train/episode/min command phase/mean         │        0.5         │
├─────────────────────────────────────────────────────┼────────────────────┤
│        train/episode/max command phase/mean         │        0.5         │
├─────────────────────────────────────────────────────┼────────────────────┤
│         train/episode/min command freq/mean         │         2.         │
├─────────────────────────────────────────────────────┼────────────────────┤
│         train/episode/max command freq/mean         │         4.         │
├─────────────────────────────────────────────────────┼────────────────────┤
│        train/episode/min command x vel/mean         │       -1.047       │
├─────────────────────────────────────────────────────┼────────────────────┤
│        train/episode/max command x vel/mean         │       1.047        │
├─────────────────────────────────────────────────────┼────────────────────┤
│        train/episode/min command y vel/mean         │        -0.2        │
├─────────────────────────────────────────────────────┼────────────────────┤
│        train/episode/max command y vel/mean         │        0.2         │
├─────────────────────────────────────────────────────┼────────────────────┤
│       train/episode/min command yaw vel/mean        │       -1.045       │
├─────────────────────────────────────────────────────┼────────────────────┤
│       train/episode/max command yaw vel/mean        │       1.047        │
├─────────────────────────────────────────────────────┼────────────────────┤
│     train/episode/min command swing height/mean     │        0.03        │
├─────────────────────────────────────────────────────┼────────────────────┤
│     train/episode/max command swing height/mean     │        0.35        │
├─────────────────────────────────────────────────────┼────────────────────┤
│        train/episode/command area trot/mean         │       0.274        │
├─────────────────────────────────────────────────────┼────────────────────┤
│            train/episode/min action/mean            │       -5.609       │
├─────────────────────────────────────────────────────┼────────────────────┤
│            train/episode/max action/mean            │       4.036        │
├─────────────────────────────────────────────────────┼────────────────────┤
│                  time elapsed/mean                  │      479.964       │
├─────────────────────────────────────────────────────┼────────────────────┤
│                   time iter/mean                    │       2.066        │
├─────────────────────────────────────────────────────┼────────────────────┤
│                mean value loss/mean                 │       0.002        │
├─────────────────────────────────────────────────────┼────────────────────┤
│              mean surrogate loss/mean               │       -0.011       │
├─────────────────────────────────────────────────────┼────────────────────┤
│               mean decoder loss/mean                │         0.         │
├─────────────────────────────────────────────────────┼────────────────────┤
│           mean decoder loss student/mean            │         0.         │
├─────────────────────────────────────────────────────┼────────────────────┤
│             mean decoder test loss/mean             │         0.         │
├─────────────────────────────────────────────────────┼────────────────────┤
│         mean decoder test loss student/mean         │         0.         │
├─────────────────────────────────────────────────────┼────────────────────┤
│                      timesteps                      │      22708224      │
├─────────────────────────────────────────────────────┼────────────────────┤
│                     iterations                      │        230         │
╘═════════════════════════════════════════════════════╧════════════════════╛

══════════════════════════════════════════
[33m        job         [0m
────────────────────┬─────────────────────
       status       │ running             
      runTime       │ 2025-07-07 11:42:56.231443
════════════════════╧═════════════════════
╒═════════════════════════════════════════════════════╤════════════════════╕
│       train/episode/rew tracking lin vel/mean       │       17.453       │
├─────────────────────────────────────────────────────┼────────────────────┤
│       train/episode/rew tracking ang vel/mean       │       7.568        │
├─────────────────────────────────────────────────────┼────────────────────┤
│          train/episode/rew lin vel z/mean           │       -0.039       │
├─────────────────────────────────────────────────────┼────────────────────┤
│          train/episode/rew ang vel xy/mean          │       -0.026       │
├─────────────────────────────────────────────────────┼────────────────────┤
│           train/episode/rew torques/mean            │       -2.641       │
├─────────────────────────────────────────────────────┼────────────────────┤
│           train/episode/rew dof vel/mean            │       -0.188       │
├─────────────────────────────────────────────────────┼────────────────────┤
│           train/episode/rew dof acc/mean            │       -0.992       │
├─────────────────────────────────────────────────────┼────────────────────┤
│          train/episode/rew collision/mean           │       -0.022       │
├─────────────────────────────────────────────────────┼────────────────────┤
│         train/episode/rew action rate/mean          │       -1.412       │
├─────────────────────────────────────────────────────┼────────────────────┤
│train/episode/rew tracking contacts shaped force/mean│       -5.007       │
├─────────────────────────────────────────────────────┼────────────────────┤
│ train/episode/rew tracking contacts shaped vel/mean │       -1.85        │
├─────────────────────────────────────────────────────┼────────────────────┤
│             train/episode/rew jump/mean             │       -3.292       │
├─────────────────────────────────────────────────────┼────────────────────┤
│        train/episode/rew dof pos limits/mean        │       -0.002       │
├─────────────────────────────────────────────────────┼────────────────────┤
│          train/episode/rew feet slip/mean           │       -0.299       │
├─────────────────────────────────────────────────────┼────────────────────┤
│  train/episode/rew feet clearance cmd linear/mean   │       -4.96        │
├─────────────────────────────────────────────────────┼────────────────────┤
│     train/episode/rew action smoothness 1/mean      │       -0.625       │
├─────────────────────────────────────────────────────┼────────────────────┤
│     train/episode/rew action smoothness 2/mean      │       -1.053       │
├─────────────────────────────────────────────────────┼────────────────────┤
│      train/episode/rew raibert heuristic/mean       │       -2.989       │
├─────────────────────────────────────────────────────┼────────────────────┤
│     train/episode/rew orientation control/mean      │         0.         │
├─────────────────────────────────────────────────────┼────────────────────┤
│            train/episode/rew total/mean             │       8.882        │
├─────────────────────────────────────────────────────┼────────────────────┤
│       train/episode/min command duration/mean       │        0.5         │
├─────────────────────────────────────────────────────┼────────────────────┤
│       train/episode/max command duration/mean       │        0.5         │
├─────────────────────────────────────────────────────┼────────────────────┤
│        train/episode/min command bound/mean         │         0.         │
├─────────────────────────────────────────────────────┼────────────────────┤
│        train/episode/max command bound/mean         │         0.         │
├─────────────────────────────────────────────────────┼────────────────────┤
│        train/episode/min command offset/mean        │         0.         │
├─────────────────────────────────────────────────────┼────────────────────┤
│        train/episode/max command offset/mean        │         0.         │
├─────────────────────────────────────────────────────┼────────────────────┤
│        train/episode/min command phase/mean         │        0.5         │
├─────────────────────────────────────────────────────┼────────────────────┤
│        train/episode/max command phase/mean         │        0.5         │
├─────────────────────────────────────────────────────┼────────────────────┤
│         train/episode/min command freq/mean         │         2.         │
├─────────────────────────────────────────────────────┼────────────────────┤
│         train/episode/max command freq/mean         │         4.         │
├─────────────────────────────────────────────────────┼────────────────────┤
│        train/episode/min command x vel/mean         │       -1.047       │
├─────────────────────────────────────────────────────┼────────────────────┤
│        train/episode/max command x vel/mean         │       1.047        │
├─────────────────────────────────────────────────────┼────────────────────┤
│        train/episode/min command y vel/mean         │        -0.2        │
├─────────────────────────────────────────────────────┼────────────────────┤
│        train/episode/max command y vel/mean         │        0.2         │
├─────────────────────────────────────────────────────┼────────────────────┤
│       train/episode/min command yaw vel/mean        │       -1.048       │
├─────────────────────────────────────────────────────┼────────────────────┤
│       train/episode/max command yaw vel/mean        │       1.047        │
├─────────────────────────────────────────────────────┼────────────────────┤
│     train/episode/min command swing height/mean     │        0.03        │
├─────────────────────────────────────────────────────┼────────────────────┤
│     train/episode/max command swing height/mean     │        0.35        │
├─────────────────────────────────────────────────────┼────────────────────┤
│        train/episode/command area trot/mean         │       0.274        │
├─────────────────────────────────────────────────────┼────────────────────┤
│            train/episode/min action/mean            │       -5.688       │
├─────────────────────────────────────────────────────┼────────────────────┤
│            train/episode/max action/mean            │       4.117        │
├─────────────────────────────────────────────────────┼────────────────────┤
│                  time elapsed/mean                  │      500.687       │
├─────────────────────────────────────────────────────┼────────────────────┤
│                   time iter/mean                    │       2.071        │
├─────────────────────────────────────────────────────┼────────────────────┤
│                mean value loss/mean                 │       0.001        │
├─────────────────────────────────────────────────────┼────────────────────┤
│              mean surrogate loss/mean               │       -0.011       │
├─────────────────────────────────────────────────────┼────────────────────┤
│               mean decoder loss/mean                │         0.         │
├─────────────────────────────────────────────────────┼────────────────────┤
│           mean decoder loss student/mean            │         0.         │
├─────────────────────────────────────────────────────┼────────────────────┤
│             mean decoder test loss/mean             │         0.         │
├─────────────────────────────────────────────────────┼────────────────────┤
│         mean decoder test loss student/mean         │         0.         │
├─────────────────────────────────────────────────────┼────────────────────┤
│                      timesteps                      │      23691264      │
├─────────────────────────────────────────────────────┼────────────────────┤
│                     iterations                      │        240         │
╘═════════════════════════════════════════════════════╧════════════════════╛

══════════════════════════════════════════
[33m        job         [0m
────────────────────┬─────────────────────
       status       │ running             
      runTime       │ 2025-07-07 11:43:16.945966
════════════════════╧═════════════════════
╒═════════════════════════════════════════════════════╤════════════════════╕
│       train/episode/rew tracking lin vel/mean       │       17.472       │
├─────────────────────────────────────────────────────┼────────────────────┤
│       train/episode/rew tracking ang vel/mean       │       7.627        │
├─────────────────────────────────────────────────────┼────────────────────┤
│          train/episode/rew lin vel z/mean           │       -0.038       │
├─────────────────────────────────────────────────────┼────────────────────┤
│          train/episode/rew ang vel xy/mean          │       -0.024       │
├─────────────────────────────────────────────────────┼────────────────────┤
│           train/episode/rew torques/mean            │       -2.602       │
├─────────────────────────────────────────────────────┼────────────────────┤
│           train/episode/rew dof vel/mean            │       -0.185       │
├─────────────────────────────────────────────────────┼────────────────────┤
│           train/episode/rew dof acc/mean            │       -0.983       │
├─────────────────────────────────────────────────────┼────────────────────┤
│          train/episode/rew collision/mean           │       -0.016       │
├─────────────────────────────────────────────────────┼────────────────────┤
│         train/episode/rew action rate/mean          │       -1.37        │
├─────────────────────────────────────────────────────┼────────────────────┤
│train/episode/rew tracking contacts shaped force/mean│       -4.831       │
├─────────────────────────────────────────────────────┼────────────────────┤
│ train/episode/rew tracking contacts shaped vel/mean │       -1.848       │
├─────────────────────────────────────────────────────┼────────────────────┤
│             train/episode/rew jump/mean             │       -3.009       │
├─────────────────────────────────────────────────────┼────────────────────┤
│        train/episode/rew dof pos limits/mean        │       -0.002       │
├─────────────────────────────────────────────────────┼────────────────────┤
│          train/episode/rew feet slip/mean           │       -0.282       │
├─────────────────────────────────────────────────────┼────────────────────┤
│  train/episode/rew feet clearance cmd linear/mean   │       -4.519       │
├─────────────────────────────────────────────────────┼────────────────────┤
│     train/episode/rew action smoothness 1/mean      │       -0.607       │
├─────────────────────────────────────────────────────┼────────────────────┤
│     train/episode/rew action smoothness 2/mean      │       -1.007       │
├─────────────────────────────────────────────────────┼────────────────────┤
│      train/episode/rew raibert heuristic/mean       │       -2.67        │
├─────────────────────────────────────────────────────┼────────────────────┤
│     train/episode/rew orientation control/mean      │         0.         │
├─────────────────────────────────────────────────────┼────────────────────┤
│            train/episode/rew total/mean             │       9.406        │
├─────────────────────────────────────────────────────┼────────────────────┤
│       train/episode/min command duration/mean       │        0.5         │
├─────────────────────────────────────────────────────┼────────────────────┤
│       train/episode/max command duration/mean       │        0.5         │
├─────────────────────────────────────────────────────┼────────────────────┤
│        train/episode/min command bound/mean         │         0.         │
├─────────────────────────────────────────────────────┼────────────────────┤
│        train/episode/max command bound/mean         │         0.         │
├─────────────────────────────────────────────────────┼────────────────────┤
│        train/episode/min command offset/mean        │         0.         │
├─────────────────────────────────────────────────────┼────────────────────┤
│        train/episode/max command offset/mean        │         0.         │
├─────────────────────────────────────────────────────┼────────────────────┤
│        train/episode/min command phase/mean         │        0.5         │
├─────────────────────────────────────────────────────┼────────────────────┤
│        train/episode/max command phase/mean         │        0.5         │
├─────────────────────────────────────────────────────┼────────────────────┤
│         train/episode/min command freq/mean         │         2.         │
├─────────────────────────────────────────────────────┼────────────────────┤
│         train/episode/max command freq/mean         │         4.         │
├─────────────────────────────────────────────────────┼────────────────────┤
│        train/episode/min command x vel/mean         │       -1.047       │
├─────────────────────────────────────────────────────┼────────────────────┤
│        train/episode/max command x vel/mean         │       1.047        │
├─────────────────────────────────────────────────────┼────────────────────┤
│        train/episode/min command y vel/mean         │        -0.2        │
├─────────────────────────────────────────────────────┼────────────────────┤
│        train/episode/max command y vel/mean         │        0.2         │
├─────────────────────────────────────────────────────┼────────────────────┤
│       train/episode/min command yaw vel/mean        │       -1.048       │
├─────────────────────────────────────────────────────┼────────────────────┤
│       train/episode/max command yaw vel/mean        │       1.048        │
├─────────────────────────────────────────────────────┼────────────────────┤
│     train/episode/min command swing height/mean     │        0.03        │
├─────────────────────────────────────────────────────┼────────────────────┤
│     train/episode/max command swing height/mean     │        0.35        │
├─────────────────────────────────────────────────────┼────────────────────┤
│        train/episode/command area trot/mean         │       0.274        │
├─────────────────────────────────────────────────────┼────────────────────┤
│            train/episode/min action/mean            │       -5.841       │
├─────────────────────────────────────────────────────┼────────────────────┤
│            train/episode/max action/mean            │       4.114        │
├─────────────────────────────────────────────────────┼────────────────────┤
│                  time elapsed/mean                  │      521.175       │
├─────────────────────────────────────────────────────┼────────────────────┤
│                   time iter/mean                    │       2.067        │
├─────────────────────────────────────────────────────┼────────────────────┤
│                mean value loss/mean                 │       0.002        │
├─────────────────────────────────────────────────────┼────────────────────┤
│              mean surrogate loss/mean               │       -0.009       │
├─────────────────────────────────────────────────────┼────────────────────┤
│               mean decoder loss/mean                │         0.         │
├─────────────────────────────────────────────────────┼────────────────────┤
│           mean decoder loss student/mean            │         0.         │
├─────────────────────────────────────────────────────┼────────────────────┤
│             mean decoder test loss/mean             │         0.         │
├─────────────────────────────────────────────────────┼────────────────────┤
│         mean decoder test loss student/mean         │         0.         │
├─────────────────────────────────────────────────────┼────────────────────┤
│                      timesteps                      │      24674304      │
├─────────────────────────────────────────────────────┼────────────────────┤
│                     iterations                      │        250         │
╘═════════════════════════════════════════════════════╧════════════════════╛

══════════════════════════════════════════
[33m        job         [0m
────────────────────┬─────────────────────
       status       │ running             
      runTime       │ 2025-07-07 11:43:37.609433
════════════════════╧═════════════════════
╒═════════════════════════════════════════════════════╤════════════════════╕
│       train/episode/rew tracking lin vel/mean       │       17.535       │
├─────────────────────────────────────────────────────┼────────────────────┤
│       train/episode/rew tracking ang vel/mean       │       7.713        │
├─────────────────────────────────────────────────────┼────────────────────┤
│          train/episode/rew lin vel z/mean           │       -0.038       │
├─────────────────────────────────────────────────────┼────────────────────┤
│          train/episode/rew ang vel xy/mean          │       -0.024       │
├─────────────────────────────────────────────────────┼────────────────────┤
│           train/episode/rew torques/mean            │       -2.644       │
├─────────────────────────────────────────────────────┼────────────────────┤
│           train/episode/rew dof vel/mean            │       -0.189       │
├─────────────────────────────────────────────────────┼────────────────────┤
│           train/episode/rew dof acc/mean            │       -0.972       │
├─────────────────────────────────────────────────────┼────────────────────┤
│          train/episode/rew collision/mean           │       -0.021       │
├─────────────────────────────────────────────────────┼────────────────────┤
│         train/episode/rew action rate/mean          │       -1.351       │
├─────────────────────────────────────────────────────┼────────────────────┤
│train/episode/rew tracking contacts shaped force/mean│       -4.745       │
├─────────────────────────────────────────────────────┼────────────────────┤
│ train/episode/rew tracking contacts shaped vel/mean │       -1.878       │
├─────────────────────────────────────────────────────┼────────────────────┤
│             train/episode/rew jump/mean             │       -3.033       │
├─────────────────────────────────────────────────────┼────────────────────┤
│        train/episode/rew dof pos limits/mean        │       -0.006       │
├─────────────────────────────────────────────────────┼────────────────────┤
│          train/episode/rew feet slip/mean           │       -0.284       │
├─────────────────────────────────────────────────────┼────────────────────┤
│  train/episode/rew feet clearance cmd linear/mean   │       -3.959       │
├─────────────────────────────────────────────────────┼────────────────────┤
│     train/episode/rew action smoothness 1/mean      │       -0.598       │
├─────────────────────────────────────────────────────┼────────────────────┤
│     train/episode/rew action smoothness 2/mean      │       -0.975       │
├─────────────────────────────────────────────────────┼────────────────────┤
│      train/episode/rew raibert heuristic/mean       │       -2.543       │
├─────────────────────────────────────────────────────┼────────────────────┤
│     train/episode/rew orientation control/mean      │         0.         │
├─────────────────────────────────────────────────────┼────────────────────┤
│            train/episode/rew total/mean             │       9.759        │
├─────────────────────────────────────────────────────┼────────────────────┤
│       train/episode/min command duration/mean       │        0.5         │
├─────────────────────────────────────────────────────┼────────────────────┤
│       train/episode/max command duration/mean       │        0.5         │
├─────────────────────────────────────────────────────┼────────────────────┤
│        train/episode/min command bound/mean         │         0.         │
├─────────────────────────────────────────────────────┼────────────────────┤
│        train/episode/max command bound/mean         │         0.         │
├─────────────────────────────────────────────────────┼────────────────────┤
│        train/episode/min command offset/mean        │         0.         │
├─────────────────────────────────────────────────────┼────────────────────┤
│        train/episode/max command offset/mean        │         0.         │
├─────────────────────────────────────────────────────┼────────────────────┤
│        train/episode/min command phase/mean         │        0.5         │
├─────────────────────────────────────────────────────┼────────────────────┤
│        train/episode/max command phase/mean         │        0.5         │
├─────────────────────────────────────────────────────┼────────────────────┤
│         train/episode/min command freq/mean         │       2.001        │
├─────────────────────────────────────────────────────┼────────────────────┤
│         train/episode/max command freq/mean         │         4.         │
├─────────────────────────────────────────────────────┼────────────────────┤
│        train/episode/min command x vel/mean         │       -1.047       │
├─────────────────────────────────────────────────────┼────────────────────┤
│        train/episode/max command x vel/mean         │       1.047        │
├─────────────────────────────────────────────────────┼────────────────────┤
│        train/episode/min command y vel/mean         │        -0.2        │
├─────────────────────────────────────────────────────┼────────────────────┤
│        train/episode/max command y vel/mean         │        0.2         │
├─────────────────────────────────────────────────────┼────────────────────┤
│       train/episode/min command yaw vel/mean        │       -1.046       │
├─────────────────────────────────────────────────────┼────────────────────┤
│       train/episode/max command yaw vel/mean        │       1.048        │
├─────────────────────────────────────────────────────┼────────────────────┤
│     train/episode/min command swing height/mean     │        0.03        │
├─────────────────────────────────────────────────────┼────────────────────┤
│     train/episode/max command swing height/mean     │        0.35        │
├─────────────────────────────────────────────────────┼────────────────────┤
│        train/episode/command area trot/mean         │       0.274        │
├─────────────────────────────────────────────────────┼────────────────────┤
│            train/episode/min action/mean            │       -6.06        │
├─────────────────────────────────────────────────────┼────────────────────┤
│            train/episode/max action/mean            │       4.209        │
├─────────────────────────────────────────────────────┼────────────────────┤
│                  time elapsed/mean                  │      543.281       │
├─────────────────────────────────────────────────────┼────────────────────┤
│                   time iter/mean                    │       2.225        │
├─────────────────────────────────────────────────────┼────────────────────┤
│                mean value loss/mean                 │       0.001        │
├─────────────────────────────────────────────────────┼────────────────────┤
│              mean surrogate loss/mean               │       -0.01        │
├─────────────────────────────────────────────────────┼────────────────────┤
│               mean decoder loss/mean                │         0.         │
├─────────────────────────────────────────────────────┼────────────────────┤
│           mean decoder loss student/mean            │         0.         │
├─────────────────────────────────────────────────────┼────────────────────┤
│             mean decoder test loss/mean             │         0.         │
├─────────────────────────────────────────────────────┼────────────────────┤
│         mean decoder test loss student/mean         │         0.         │
├─────────────────────────────────────────────────────┼────────────────────┤
│                      timesteps                      │      25657344      │
├─────────────────────────────────────────────────────┼────────────────────┤
│                     iterations                      │        260         │
╘═════════════════════════════════════════════════════╧════════════════════╛

══════════════════════════════════════════
[33m        job         [0m
────────────────────┬─────────────────────
       status       │ running             
      runTime       │ 2025-07-07 11:43:59.864098
════════════════════╧═════════════════════
╒═════════════════════════════════════════════════════╤════════════════════╕
│       train/episode/rew tracking lin vel/mean       │       17.674       │
├─────────────────────────────────────────────────────┼────────────────────┤
│       train/episode/rew tracking ang vel/mean       │        7.79        │
├─────────────────────────────────────────────────────┼────────────────────┤
│          train/episode/rew lin vel z/mean           │       -0.039       │
├─────────────────────────────────────────────────────┼────────────────────┤
│          train/episode/rew ang vel xy/mean          │       -0.024       │
├─────────────────────────────────────────────────────┼────────────────────┤
│           train/episode/rew torques/mean            │       -2.714       │
├─────────────────────────────────────────────────────┼────────────────────┤
│           train/episode/rew dof vel/mean            │       -0.194       │
├─────────────────────────────────────────────────────┼────────────────────┤
│           train/episode/rew dof acc/mean            │       -0.985       │
├─────────────────────────────────────────────────────┼────────────────────┤
│          train/episode/rew collision/mean           │       -0.036       │
├─────────────────────────────────────────────────────┼────────────────────┤
│         train/episode/rew action rate/mean          │       -1.348       │
├─────────────────────────────────────────────────────┼────────────────────┤
│train/episode/rew tracking contacts shaped force/mean│       -4.782       │
├─────────────────────────────────────────────────────┼────────────────────┤
│ train/episode/rew tracking contacts shaped vel/mean │       -1.888       │
├─────────────────────────────────────────────────────┼────────────────────┤
│             train/episode/rew jump/mean             │        -3.2        │
├─────────────────────────────────────────────────────┼────────────────────┤
│        train/episode/rew dof pos limits/mean        │       -0.009       │
├─────────────────────────────────────────────────────┼────────────────────┤
│          train/episode/rew feet slip/mean           │       -0.283       │
├─────────────────────────────────────────────────────┼────────────────────┤
│  train/episode/rew feet clearance cmd linear/mean   │       -4.107       │
├─────────────────────────────────────────────────────┼────────────────────┤
│     train/episode/rew action smoothness 1/mean      │       -0.601       │
├─────────────────────────────────────────────────────┼────────────────────┤
│     train/episode/rew action smoothness 2/mean      │       -0.954       │
├─────────────────────────────────────────────────────┼────────────────────┤
│      train/episode/rew raibert heuristic/mean       │       -2.571       │
├─────────────────────────────────────────────────────┼────────────────────┤
│     train/episode/rew orientation control/mean      │         0.         │
├─────────────────────────────────────────────────────┼────────────────────┤
│            train/episode/rew total/mean             │       9.686        │
├─────────────────────────────────────────────────────┼────────────────────┤
│       train/episode/min command duration/mean       │        0.5         │
├─────────────────────────────────────────────────────┼────────────────────┤
│       train/episode/max command duration/mean       │        0.5         │
├─────────────────────────────────────────────────────┼────────────────────┤
│        train/episode/min command bound/mean         │         0.         │
├─────────────────────────────────────────────────────┼────────────────────┤
│        train/episode/max command bound/mean         │         0.         │
├─────────────────────────────────────────────────────┼────────────────────┤
│        train/episode/min command offset/mean        │         0.         │
├─────────────────────────────────────────────────────┼────────────────────┤
│        train/episode/max command offset/mean        │         0.         │
├─────────────────────────────────────────────────────┼────────────────────┤
│        train/episode/min command phase/mean         │        0.5         │
├─────────────────────────────────────────────────────┼────────────────────┤
│        train/episode/max command phase/mean         │        0.5         │
├─────────────────────────────────────────────────────┼────────────────────┤
│         train/episode/min command freq/mean         │         2.         │
├─────────────────────────────────────────────────────┼────────────────────┤
│         train/episode/max command freq/mean         │         4.         │
├─────────────────────────────────────────────────────┼────────────────────┤
│        train/episode/min command x vel/mean         │       -1.047       │
├─────────────────────────────────────────────────────┼────────────────────┤
│        train/episode/max command x vel/mean         │       1.047        │
├─────────────────────────────────────────────────────┼────────────────────┤
│        train/episode/min command y vel/mean         │        -0.2        │
├─────────────────────────────────────────────────────┼────────────────────┤
│        train/episode/max command y vel/mean         │        0.2         │
├─────────────────────────────────────────────────────┼────────────────────┤
│       train/episode/min command yaw vel/mean        │       -1.046       │
├─────────────────────────────────────────────────────┼────────────────────┤
│       train/episode/max command yaw vel/mean        │       1.047        │
├─────────────────────────────────────────────────────┼────────────────────┤
│     train/episode/min command swing height/mean     │        0.03        │
├─────────────────────────────────────────────────────┼────────────────────┤
│     train/episode/max command swing height/mean     │        0.35        │
├─────────────────────────────────────────────────────┼────────────────────┤
│        train/episode/command area trot/mean         │       0.274        │
├─────────────────────────────────────────────────────┼────────────────────┤
│            train/episode/min action/mean            │       -6.062       │
├─────────────────────────────────────────────────────┼────────────────────┤
│            train/episode/max action/mean            │       4.075        │
├─────────────────────────────────────────────────────┼────────────────────┤
│                  time elapsed/mean                  │      564.466       │
├─────────────────────────────────────────────────────┼────────────────────┤
│                   time iter/mean                    │       2.094        │
├─────────────────────────────────────────────────────┼────────────────────┤
│                mean value loss/mean                 │       0.001        │
├─────────────────────────────────────────────────────┼────────────────────┤
│              mean surrogate loss/mean               │       -0.009       │
├─────────────────────────────────────────────────────┼────────────────────┤
│               mean decoder loss/mean                │         0.         │
├─────────────────────────────────────────────────────┼────────────────────┤
│           mean decoder loss student/mean            │         0.         │
├─────────────────────────────────────────────────────┼────────────────────┤
│             mean decoder test loss/mean             │         0.         │
├─────────────────────────────────────────────────────┼────────────────────┤
│         mean decoder test loss student/mean         │         0.         │
├─────────────────────────────────────────────────────┼────────────────────┤
│                      timesteps                      │      26640384      │
├─────────────────────────────────────────────────────┼────────────────────┤
│                     iterations                      │        270         │
╘═════════════════════════════════════════════════════╧════════════════════╛

══════════════════════════════════════════
[33m        job         [0m
────────────────────┬─────────────────────
       status       │ running             
      runTime       │ 2025-07-07 11:44:20.803481
════════════════════╧═════════════════════
╒═════════════════════════════════════════════════════╤════════════════════╕
│       train/episode/rew tracking lin vel/mean       │       17.645       │
├─────────────────────────────────────────────────────┼────────────────────┤
│       train/episode/rew tracking ang vel/mean       │        7.81        │
├─────────────────────────────────────────────────────┼────────────────────┤
│          train/episode/rew lin vel z/mean           │       -0.038       │
├─────────────────────────────────────────────────────┼────────────────────┤
│          train/episode/rew ang vel xy/mean          │       -0.024       │
├─────────────────────────────────────────────────────┼────────────────────┤
│           train/episode/rew torques/mean            │       -2.672       │
├─────────────────────────────────────────────────────┼────────────────────┤
│           train/episode/rew dof vel/mean            │       -0.194       │
├─────────────────────────────────────────────────────┼────────────────────┤
│           train/episode/rew dof acc/mean            │       -0.974       │
├─────────────────────────────────────────────────────┼────────────────────┤
│          train/episode/rew collision/mean           │       -0.031       │
├─────────────────────────────────────────────────────┼────────────────────┤
│         train/episode/rew action rate/mean          │       -1.329       │
├─────────────────────────────────────────────────────┼────────────────────┤
│train/episode/rew tracking contacts shaped force/mean│       -4.621       │
├─────────────────────────────────────────────────────┼────────────────────┤
│ train/episode/rew tracking contacts shaped vel/mean │       -1.886       │
├─────────────────────────────────────────────────────┼────────────────────┤
│             train/episode/rew jump/mean             │       -3.22        │
├─────────────────────────────────────────────────────┼────────────────────┤
│        train/episode/rew dof pos limits/mean        │       -0.029       │
├─────────────────────────────────────────────────────┼────────────────────┤
│          train/episode/rew feet slip/mean           │       -0.273       │
├─────────────────────────────────────────────────────┼────────────────────┤
│  train/episode/rew feet clearance cmd linear/mean   │       -3.704       │
├─────────────────────────────────────────────────────┼────────────────────┤
│     train/episode/rew action smoothness 1/mean      │       -0.592       │
├─────────────────────────────────────────────────────┼────────────────────┤
│     train/episode/rew action smoothness 2/mean      │       -0.929       │
├─────────────────────────────────────────────────────┼────────────────────┤
│      train/episode/rew raibert heuristic/mean       │       -2.342       │
├─────────────────────────────────────────────────────┼────────────────────┤
│     train/episode/rew orientation control/mean      │         0.         │
├─────────────────────────────────────────────────────┼────────────────────┤
│            train/episode/rew total/mean             │       9.957        │
├─────────────────────────────────────────────────────┼────────────────────┤
│       train/episode/min command duration/mean       │        0.5         │
├─────────────────────────────────────────────────────┼────────────────────┤
│       train/episode/max command duration/mean       │        0.5         │
├─────────────────────────────────────────────────────┼────────────────────┤
│        train/episode/min command bound/mean         │         0.         │
├─────────────────────────────────────────────────────┼────────────────────┤
│        train/episode/max command bound/mean         │         0.         │
├─────────────────────────────────────────────────────┼────────────────────┤
│        train/episode/min command offset/mean        │         0.         │
├─────────────────────────────────────────────────────┼────────────────────┤
│        train/episode/max command offset/mean        │         0.         │
├─────────────────────────────────────────────────────┼────────────────────┤
│        train/episode/min command phase/mean         │        0.5         │
├─────────────────────────────────────────────────────┼────────────────────┤
│        train/episode/max command phase/mean         │        0.5         │
├─────────────────────────────────────────────────────┼────────────────────┤
│         train/episode/min command freq/mean         │         2.         │
├─────────────────────────────────────────────────────┼────────────────────┤
│         train/episode/max command freq/mean         │         4.         │
├─────────────────────────────────────────────────────┼────────────────────┤
│        train/episode/min command x vel/mean         │       -1.047       │
├─────────────────────────────────────────────────────┼────────────────────┤
│        train/episode/max command x vel/mean         │       1.047        │
├─────────────────────────────────────────────────────┼────────────────────┤
│        train/episode/min command y vel/mean         │        -0.2        │
├─────────────────────────────────────────────────────┼────────────────────┤
│        train/episode/max command y vel/mean         │        0.2         │
├─────────────────────────────────────────────────────┼────────────────────┤
│       train/episode/min command yaw vel/mean        │       -1.047       │
├─────────────────────────────────────────────────────┼────────────────────┤
│       train/episode/max command yaw vel/mean        │       1.048        │
├─────────────────────────────────────────────────────┼────────────────────┤
│     train/episode/min command swing height/mean     │        0.03        │
├─────────────────────────────────────────────────────┼────────────────────┤
│     train/episode/max command swing height/mean     │        0.35        │
├─────────────────────────────────────────────────────┼────────────────────┤
│        train/episode/command area trot/mean         │       0.274        │
├─────────────────────────────────────────────────────┼────────────────────┤
│            train/episode/min action/mean            │       -6.18        │
├─────────────────────────────────────────────────────┼────────────────────┤
│            train/episode/max action/mean            │       4.195        │
├─────────────────────────────────────────────────────┼────────────────────┤
│                  time elapsed/mean                  │      585.357       │
├─────────────────────────────────────────────────────┼────────────────────┤
│                   time iter/mean                    │        2.09        │
├─────────────────────────────────────────────────────┼────────────────────┤
│                mean value loss/mean                 │       0.002        │
├─────────────────────────────────────────────────────┼────────────────────┤
│              mean surrogate loss/mean               │       -0.01        │
├─────────────────────────────────────────────────────┼────────────────────┤
│               mean decoder loss/mean                │         0.         │
├─────────────────────────────────────────────────────┼────────────────────┤
│           mean decoder loss student/mean            │         0.         │
├─────────────────────────────────────────────────────┼────────────────────┤
│             mean decoder test loss/mean             │         0.         │
├─────────────────────────────────────────────────────┼────────────────────┤
│         mean decoder test loss student/mean         │         0.         │
├─────────────────────────────────────────────────────┼────────────────────┤
│                      timesteps                      │      27623424      │
├─────────────────────────────────────────────────────┼────────────────────┤
│                     iterations                      │        280         │
╘═════════════════════════════════════════════════════╧════════════════════╛

══════════════════════════════════════════
[33m        job         [0m
────────────────────┬─────────────────────
       status       │ running             
      runTime       │ 2025-07-07 11:44:41.700358
════════════════════╧═════════════════════
╒═════════════════════════════════════════════════════╤════════════════════╕
│       train/episode/rew tracking lin vel/mean       │       17.577       │
├─────────────────────────────────────────────────────┼────────────────────┤
│       train/episode/rew tracking ang vel/mean       │       7.886        │
├─────────────────────────────────────────────────────┼────────────────────┤
│          train/episode/rew lin vel z/mean           │       -0.039       │
├─────────────────────────────────────────────────────┼────────────────────┤
│          train/episode/rew ang vel xy/mean          │       -0.024       │
├─────────────────────────────────────────────────────┼────────────────────┤
│           train/episode/rew torques/mean            │       -2.682       │
├─────────────────────────────────────────────────────┼────────────────────┤
│           train/episode/rew dof vel/mean            │       -0.207       │
├─────────────────────────────────────────────────────┼────────────────────┤
│           train/episode/rew dof acc/mean            │       -1.02        │
├─────────────────────────────────────────────────────┼────────────────────┤
│          train/episode/rew collision/mean           │       -0.036       │
├─────────────────────────────────────────────────────┼────────────────────┤
│         train/episode/rew action rate/mean          │       -1.336       │
├─────────────────────────────────────────────────────┼────────────────────┤
│train/episode/rew tracking contacts shaped force/mean│       -4.449       │
├─────────────────────────────────────────────────────┼────────────────────┤
│ train/episode/rew tracking contacts shaped vel/mean │       -2.028       │
├─────────────────────────────────────────────────────┼────────────────────┤
│             train/episode/rew jump/mean             │        -3.1        │
├─────────────────────────────────────────────────────┼────────────────────┤
│        train/episode/rew dof pos limits/mean        │       -0.026       │
├─────────────────────────────────────────────────────┼────────────────────┤
│          train/episode/rew feet slip/mean           │       -0.283       │
├─────────────────────────────────────────────────────┼────────────────────┤
│  train/episode/rew feet clearance cmd linear/mean   │       -3.711       │
├─────────────────────────────────────────────────────┼────────────────────┤
│     train/episode/rew action smoothness 1/mean      │       -0.599       │
├─────────────────────────────────────────────────────┼────────────────────┤
│     train/episode/rew action smoothness 2/mean      │       -0.914       │
├─────────────────────────────────────────────────────┼────────────────────┤
│      train/episode/rew raibert heuristic/mean       │       -2.39        │
├─────────────────────────────────────────────────────┼────────────────────┤
│     train/episode/rew orientation control/mean      │         0.         │
├─────────────────────────────────────────────────────┼────────────────────┤
│            train/episode/rew total/mean             │       9.929        │
├─────────────────────────────────────────────────────┼────────────────────┤
│       train/episode/min command duration/mean       │        0.5         │
├─────────────────────────────────────────────────────┼────────────────────┤
│       train/episode/max command duration/mean       │        0.5         │
├─────────────────────────────────────────────────────┼────────────────────┤
│        train/episode/min command bound/mean         │         0.         │
├─────────────────────────────────────────────────────┼────────────────────┤
│        train/episode/max command bound/mean         │         0.         │
├─────────────────────────────────────────────────────┼────────────────────┤
│        train/episode/min command offset/mean        │         0.         │
├─────────────────────────────────────────────────────┼────────────────────┤
│        train/episode/max command offset/mean        │         0.         │
├─────────────────────────────────────────────────────┼────────────────────┤
│        train/episode/min command phase/mean         │        0.5         │
├─────────────────────────────────────────────────────┼────────────────────┤
│        train/episode/max command phase/mean         │        0.5         │
├─────────────────────────────────────────────────────┼────────────────────┤
│         train/episode/min command freq/mean         │         2.         │
├─────────────────────────────────────────────────────┼────────────────────┤
│         train/episode/max command freq/mean         │       3.999        │
├─────────────────────────────────────────────────────┼────────────────────┤
│        train/episode/min command x vel/mean         │       -1.047       │
├─────────────────────────────────────────────────────┼────────────────────┤
│        train/episode/max command x vel/mean         │       1.047        │
├─────────────────────────────────────────────────────┼────────────────────┤
│        train/episode/min command y vel/mean         │        -0.2        │
├─────────────────────────────────────────────────────┼────────────────────┤
│        train/episode/max command y vel/mean         │        0.2         │
├─────────────────────────────────────────────────────┼────────────────────┤
│       train/episode/min command yaw vel/mean        │       -1.047       │
├─────────────────────────────────────────────────────┼────────────────────┤
│       train/episode/max command yaw vel/mean        │       1.048        │
├─────────────────────────────────────────────────────┼────────────────────┤
│     train/episode/min command swing height/mean     │        0.03        │
├─────────────────────────────────────────────────────┼────────────────────┤
│     train/episode/max command swing height/mean     │        0.35        │
├─────────────────────────────────────────────────────┼────────────────────┤
│        train/episode/command area trot/mean         │       0.274        │
├─────────────────────────────────────────────────────┼────────────────────┤
│            train/episode/min action/mean            │       -6.256       │
├─────────────────────────────────────────────────────┼────────────────────┤
│            train/episode/max action/mean            │       4.155        │
├─────────────────────────────────────────────────────┼────────────────────┤
│                  time elapsed/mean                  │      605.997       │
├─────────────────────────────────────────────────────┼────────────────────┤
│                   time iter/mean                    │       2.042        │
├─────────────────────────────────────────────────────┼────────────────────┤
│                mean value loss/mean                 │       0.001        │
├─────────────────────────────────────────────────────┼────────────────────┤
│              mean surrogate loss/mean               │       -0.008       │
├─────────────────────────────────────────────────────┼────────────────────┤
│               mean decoder loss/mean                │         0.         │
├─────────────────────────────────────────────────────┼────────────────────┤
│           mean decoder loss student/mean            │         0.         │
├─────────────────────────────────────────────────────┼────────────────────┤
│             mean decoder test loss/mean             │         0.         │
├─────────────────────────────────────────────────────┼────────────────────┤
│         mean decoder test loss student/mean         │         0.         │
├─────────────────────────────────────────────────────┼────────────────────┤
│                      timesteps                      │      28606464      │
├─────────────────────────────────────────────────────┼────────────────────┤
│                     iterations                      │        290         │
╘═════════════════════════════════════════════════════╧════════════════════╛

══════════════════════════════════════════
[33m        job         [0m
────────────────────┬─────────────────────
       status       │ running             
      runTime       │ 2025-07-07 11:45:02.119943
════════════════════╧═════════════════════
╒═════════════════════════════════════════════════════╤════════════════════╕
│       train/episode/rew tracking lin vel/mean       │       17.059       │
├─────────────────────────────────────────────────────┼────────────────────┤
│       train/episode/rew tracking ang vel/mean       │       7.657        │
├─────────────────────────────────────────────────────┼────────────────────┤
│          train/episode/rew lin vel z/mean           │       -0.038       │
├─────────────────────────────────────────────────────┼────────────────────┤
│          train/episode/rew ang vel xy/mean          │       -0.024       │
├─────────────────────────────────────────────────────┼────────────────────┤
│           train/episode/rew torques/mean            │       -2.628       │
├─────────────────────────────────────────────────────┼────────────────────┤
│           train/episode/rew dof vel/mean            │       -0.197       │
├─────────────────────────────────────────────────────┼────────────────────┤
│           train/episode/rew dof acc/mean            │       -0.973       │
├─────────────────────────────────────────────────────┼────────────────────┤
│          train/episode/rew collision/mean           │       -0.037       │
├─────────────────────────────────────────────────────┼────────────────────┤
│         train/episode/rew action rate/mean          │       -1.282       │
├─────────────────────────────────────────────────────┼────────────────────┤
│train/episode/rew tracking contacts shaped force/mean│       -4.372       │
├─────────────────────────────────────────────────────┼────────────────────┤
│ train/episode/rew tracking contacts shaped vel/mean │       -1.933       │
├─────────────────────────────────────────────────────┼────────────────────┤
│             train/episode/rew jump/mean             │       -3.058       │
├─────────────────────────────────────────────────────┼────────────────────┤
│        train/episode/rew dof pos limits/mean        │       -0.053       │
├─────────────────────────────────────────────────────┼────────────────────┤
│          train/episode/rew feet slip/mean           │       -0.271       │
├─────────────────────────────────────────────────────┼────────────────────┤
│  train/episode/rew feet clearance cmd linear/mean   │       -3.35        │
├─────────────────────────────────────────────────────┼────────────────────┤
│     train/episode/rew action smoothness 1/mean      │       -0.575       │
├─────────────────────────────────────────────────────┼────────────────────┤
│     train/episode/rew action smoothness 2/mean      │       -0.876       │
├─────────────────────────────────────────────────────┼────────────────────┤
│      train/episode/rew raibert heuristic/mean       │       -2.239       │
├─────────────────────────────────────────────────────┼────────────────────┤
│     train/episode/rew orientation control/mean      │         0.         │
├─────────────────────────────────────────────────────┼────────────────────┤
│            train/episode/rew total/mean             │       9.855        │
├─────────────────────────────────────────────────────┼────────────────────┤
│       train/episode/min command duration/mean       │        0.5         │
├─────────────────────────────────────────────────────┼────────────────────┤
│       train/episode/max command duration/mean       │        0.5         │
├─────────────────────────────────────────────────────┼────────────────────┤
│        train/episode/min command bound/mean         │         0.         │
├─────────────────────────────────────────────────────┼────────────────────┤
│        train/episode/max command bound/mean         │         0.         │
├─────────────────────────────────────────────────────┼────────────────────┤
│        train/episode/min command offset/mean        │         0.         │
├─────────────────────────────────────────────────────┼────────────────────┤
│        train/episode/max command offset/mean        │         0.         │
├─────────────────────────────────────────────────────┼────────────────────┤
│        train/episode/min command phase/mean         │        0.5         │
├─────────────────────────────────────────────────────┼────────────────────┤
│        train/episode/max command phase/mean         │        0.5         │
├─────────────────────────────────────────────────────┼────────────────────┤
│         train/episode/min command freq/mean         │         2.         │
├─────────────────────────────────────────────────────┼────────────────────┤
│         train/episode/max command freq/mean         │       3.999        │
├─────────────────────────────────────────────────────┼────────────────────┤
│        train/episode/min command x vel/mean         │       -1.046       │
├─────────────────────────────────────────────────────┼────────────────────┤
│        train/episode/max command x vel/mean         │       1.047        │
├─────────────────────────────────────────────────────┼────────────────────┤
│        train/episode/min command y vel/mean         │        -0.2        │
├─────────────────────────────────────────────────────┼────────────────────┤
│        train/episode/max command y vel/mean         │        0.2         │
├─────────────────────────────────────────────────────┼────────────────────┤
│       train/episode/min command yaw vel/mean        │       -1.047       │
├─────────────────────────────────────────────────────┼────────────────────┤
│       train/episode/max command yaw vel/mean        │       1.047        │
├─────────────────────────────────────────────────────┼────────────────────┤
│     train/episode/min command swing height/mean     │        0.03        │
├─────────────────────────────────────────────────────┼────────────────────┤
│     train/episode/max command swing height/mean     │        0.35        │
├─────────────────────────────────────────────────────┼────────────────────┤
│        train/episode/command area trot/mean         │       0.274        │
├─────────────────────────────────────────────────────┼────────────────────┤
│            train/episode/min action/mean            │       -6.28        │
├─────────────────────────────────────────────────────┼────────────────────┤
│            train/episode/max action/mean            │       4.306        │
├─────────────────────────────────────────────────────┼────────────────────┤
│                  time elapsed/mean                  │      627.928       │
├─────────────────────────────────────────────────────┼────────────────────┤
│                   time iter/mean                    │        2.27        │
├─────────────────────────────────────────────────────┼────────────────────┤
│                mean value loss/mean                 │       0.002        │
├─────────────────────────────────────────────────────┼────────────────────┤
│              mean surrogate loss/mean               │       -0.01        │
├─────────────────────────────────────────────────────┼────────────────────┤
│               mean decoder loss/mean                │         0.         │
├─────────────────────────────────────────────────────┼────────────────────┤
│           mean decoder loss student/mean            │         0.         │
├─────────────────────────────────────────────────────┼────────────────────┤
│             mean decoder test loss/mean             │         0.         │
├─────────────────────────────────────────────────────┼────────────────────┤
│         mean decoder test loss student/mean         │         0.         │
├─────────────────────────────────────────────────────┼────────────────────┤
│                      timesteps                      │      29589504      │
├─────────────────────────────────────────────────────┼────────────────────┤
│                     iterations                      │        300         │
╘═════════════════════════════════════════════════════╧════════════════════╛

══════════════════════════════════════════
[33m        job         [0m
────────────────────┬─────────────────────
       status       │ running             
      runTime       │ 2025-07-07 11:45:24.825004
════════════════════╧═════════════════════
╒═════════════════════════════════════════════════════╤════════════════════╕
│       train/episode/rew tracking lin vel/mean       │       17.531       │
├─────────────────────────────────────────────────────┼────────────────────┤
│       train/episode/rew tracking ang vel/mean       │       7.911        │
├─────────────────────────────────────────────────────┼────────────────────┤
│          train/episode/rew lin vel z/mean           │       -0.038       │
├─────────────────────────────────────────────────────┼────────────────────┤
│          train/episode/rew ang vel xy/mean          │       -0.024       │
├─────────────────────────────────────────────────────┼────────────────────┤
│           train/episode/rew torques/mean            │       -2.711       │
├─────────────────────────────────────────────────────┼────────────────────┤
│           train/episode/rew dof vel/mean            │        -0.2        │
├─────────────────────────────────────────────────────┼────────────────────┤
│           train/episode/rew dof acc/mean            │       -0.965       │
├─────────────────────────────────────────────────────┼────────────────────┤
│          train/episode/rew collision/mean           │       -0.035       │
├─────────────────────────────────────────────────────┼────────────────────┤
│         train/episode/rew action rate/mean          │       -1.289       │
├─────────────────────────────────────────────────────┼────────────────────┤
│train/episode/rew tracking contacts shaped force/mean│       -4.522       │
├─────────────────────────────────────────────────────┼────────────────────┤
│ train/episode/rew tracking contacts shaped vel/mean │       -1.906       │
├─────────────────────────────────────────────────────┼────────────────────┤
│             train/episode/rew jump/mean             │       -2.568       │
├─────────────────────────────────────────────────────┼────────────────────┤
│        train/episode/rew dof pos limits/mean        │       -0.05        │
├─────────────────────────────────────────────────────┼────────────────────┤
│          train/episode/rew feet slip/mean           │       -0.265       │
├─────────────────────────────────────────────────────┼────────────────────┤
│  train/episode/rew feet clearance cmd linear/mean   │       -3.351       │
├─────────────────────────────────────────────────────┼────────────────────┤
│     train/episode/rew action smoothness 1/mean      │       -0.576       │
├─────────────────────────────────────────────────────┼────────────────────┤
│     train/episode/rew action smoothness 2/mean      │       -0.878       │
├─────────────────────────────────────────────────────┼────────────────────┤
│      train/episode/rew raibert heuristic/mean       │       -2.15        │
├─────────────────────────────────────────────────────┼────────────────────┤
│     train/episode/rew orientation control/mean      │         0.         │
├─────────────────────────────────────────────────────┼────────────────────┤
│            train/episode/rew total/mean             │       10.525       │
├─────────────────────────────────────────────────────┼────────────────────┤
│       train/episode/min command duration/mean       │        0.5         │
├─────────────────────────────────────────────────────┼────────────────────┤
│       train/episode/max command duration/mean       │        0.5         │
├─────────────────────────────────────────────────────┼────────────────────┤
│        train/episode/min command bound/mean         │         0.         │
├─────────────────────────────────────────────────────┼────────────────────┤
│        train/episode/max command bound/mean         │         0.         │
├─────────────────────────────────────────────────────┼────────────────────┤
│        train/episode/min command offset/mean        │         0.         │
├─────────────────────────────────────────────────────┼────────────────────┤
│        train/episode/max command offset/mean        │         0.         │
├─────────────────────────────────────────────────────┼────────────────────┤
│        train/episode/min command phase/mean         │        0.5         │
├─────────────────────────────────────────────────────┼────────────────────┤
│        train/episode/max command phase/mean         │        0.5         │
├─────────────────────────────────────────────────────┼────────────────────┤
│         train/episode/min command freq/mean         │         2.         │
├─────────────────────────────────────────────────────┼────────────────────┤
│         train/episode/max command freq/mean         │         4.         │
├─────────────────────────────────────────────────────┼────────────────────┤
│        train/episode/min command x vel/mean         │       -1.046       │
├─────────────────────────────────────────────────────┼────────────────────┤
│        train/episode/max command x vel/mean         │       1.047        │
├─────────────────────────────────────────────────────┼────────────────────┤
│        train/episode/min command y vel/mean         │        -0.2        │
├─────────────────────────────────────────────────────┼────────────────────┤
│        train/episode/max command y vel/mean         │        0.2         │
├─────────────────────────────────────────────────────┼────────────────────┤
│       train/episode/min command yaw vel/mean        │       -1.047       │
├─────────────────────────────────────────────────────┼────────────────────┤
│       train/episode/max command yaw vel/mean        │       1.047        │
├─────────────────────────────────────────────────────┼────────────────────┤
│     train/episode/min command swing height/mean     │        0.03        │
├─────────────────────────────────────────────────────┼────────────────────┤
│     train/episode/max command swing height/mean     │        0.35        │
├─────────────────────────────────────────────────────┼────────────────────┤
│        train/episode/command area trot/mean         │       0.274        │
├─────────────────────────────────────────────────────┼────────────────────┤
│            train/episode/min action/mean            │       -6.319       │
├─────────────────────────────────────────────────────┼────────────────────┤
│            train/episode/max action/mean            │       4.231        │
├─────────────────────────────────────────────────────┼────────────────────┤
│                  time elapsed/mean                  │       649.45       │
├─────────────────────────────────────────────────────┼────────────────────┤
│                   time iter/mean                    │        2.1         │
├─────────────────────────────────────────────────────┼────────────────────┤
│                mean value loss/mean                 │       0.001        │
├─────────────────────────────────────────────────────┼────────────────────┤
│              mean surrogate loss/mean               │       -0.008       │
├─────────────────────────────────────────────────────┼────────────────────┤
│               mean decoder loss/mean                │         0.         │
├─────────────────────────────────────────────────────┼────────────────────┤
│           mean decoder loss student/mean            │         0.         │
├─────────────────────────────────────────────────────┼────────────────────┤
│             mean decoder test loss/mean             │         0.         │
├─────────────────────────────────────────────────────┼────────────────────┤
│         mean decoder test loss student/mean         │         0.         │
├─────────────────────────────────────────────────────┼────────────────────┤
│                      timesteps                      │      30572544      │
├─────────────────────────────────────────────────────┼────────────────────┤
│                     iterations                      │        310         │
╘═════════════════════════════════════════════════════╧════════════════════╛

══════════════════════════════════════════
[33m        job         [0m
────────────────────┬─────────────────────
       status       │ running             
      runTime       │ 2025-07-07 11:45:45.818230
════════════════════╧═════════════════════
╒═════════════════════════════════════════════════════╤════════════════════╕
│       train/episode/rew tracking lin vel/mean       │       17.766       │
├─────────────────────────────────────────────────────┼────────────────────┤
│       train/episode/rew tracking ang vel/mean       │       8.026        │
├─────────────────────────────────────────────────────┼────────────────────┤
│          train/episode/rew lin vel z/mean           │       -0.039       │
├─────────────────────────────────────────────────────┼────────────────────┤
│          train/episode/rew ang vel xy/mean          │       -0.024       │
├─────────────────────────────────────────────────────┼────────────────────┤
│           train/episode/rew torques/mean            │       -2.717       │
├─────────────────────────────────────────────────────┼────────────────────┤
│           train/episode/rew dof vel/mean            │       -0.204       │
├─────────────────────────────────────────────────────┼────────────────────┤
│           train/episode/rew dof acc/mean            │       -0.98        │
├─────────────────────────────────────────────────────┼────────────────────┤
│          train/episode/rew collision/mean           │       -0.049       │
├─────────────────────────────────────────────────────┼────────────────────┤
│         train/episode/rew action rate/mean          │       -1.301       │
├─────────────────────────────────────────────────────┼────────────────────┤
│train/episode/rew tracking contacts shaped force/mean│       -4.522       │
├─────────────────────────────────────────────────────┼────────────────────┤
│ train/episode/rew tracking contacts shaped vel/mean │       -1.921       │
├─────────────────────────────────────────────────────┼────────────────────┤
│             train/episode/rew jump/mean             │       -2.788       │
├─────────────────────────────────────────────────────┼────────────────────┤
│        train/episode/rew dof pos limits/mean        │       -0.104       │
├─────────────────────────────────────────────────────┼────────────────────┤
│          train/episode/rew feet slip/mean           │       -0.267       │
├─────────────────────────────────────────────────────┼────────────────────┤
│  train/episode/rew feet clearance cmd linear/mean   │       -3.341       │
├─────────────────────────────────────────────────────┼────────────────────┤
│     train/episode/rew action smoothness 1/mean      │       -0.584       │
├─────────────────────────────────────────────────────┼────────────────────┤
│     train/episode/rew action smoothness 2/mean      │       -0.876       │
├─────────────────────────────────────────────────────┼────────────────────┤
│      train/episode/rew raibert heuristic/mean       │       -2.068       │
├─────────────────────────────────────────────────────┼────────────────────┤
│     train/episode/rew orientation control/mean      │         0.         │
├─────────────────────────────────────────────────────┼────────────────────┤
│            train/episode/rew total/mean             │       10.625       │
├─────────────────────────────────────────────────────┼────────────────────┤
│       train/episode/min command duration/mean       │        0.5         │
├─────────────────────────────────────────────────────┼────────────────────┤
│       train/episode/max command duration/mean       │        0.5         │
├─────────────────────────────────────────────────────┼────────────────────┤
│        train/episode/min command bound/mean         │         0.         │
├─────────────────────────────────────────────────────┼────────────────────┤
│        train/episode/max command bound/mean         │         0.         │
├─────────────────────────────────────────────────────┼────────────────────┤
│        train/episode/min command offset/mean        │         0.         │
├─────────────────────────────────────────────────────┼────────────────────┤
│        train/episode/max command offset/mean        │         0.         │
├─────────────────────────────────────────────────────┼────────────────────┤
│        train/episode/min command phase/mean         │        0.5         │
├─────────────────────────────────────────────────────┼────────────────────┤
│        train/episode/max command phase/mean         │        0.5         │
├─────────────────────────────────────────────────────┼────────────────────┤
│         train/episode/min command freq/mean         │         2.         │
├─────────────────────────────────────────────────────┼────────────────────┤
│         train/episode/max command freq/mean         │       3.999        │
├─────────────────────────────────────────────────────┼────────────────────┤
│        train/episode/min command x vel/mean         │       -1.047       │
├─────────────────────────────────────────────────────┼────────────────────┤
│        train/episode/max command x vel/mean         │       1.047        │
├─────────────────────────────────────────────────────┼────────────────────┤
│        train/episode/min command y vel/mean         │        -0.2        │
├─────────────────────────────────────────────────────┼────────────────────┤
│        train/episode/max command y vel/mean         │        0.2         │
├─────────────────────────────────────────────────────┼────────────────────┤
│       train/episode/min command yaw vel/mean        │       -1.047       │
├─────────────────────────────────────────────────────┼────────────────────┤
│       train/episode/max command yaw vel/mean        │       1.047        │
├─────────────────────────────────────────────────────┼────────────────────┤
│     train/episode/min command swing height/mean     │        0.03        │
├─────────────────────────────────────────────────────┼────────────────────┤
│     train/episode/max command swing height/mean     │        0.35        │
├─────────────────────────────────────────────────────┼────────────────────┤
│        train/episode/command area trot/mean         │       0.274        │
├─────────────────────────────────────────────────────┼────────────────────┤
│            train/episode/min action/mean            │       -6.38        │
├─────────────────────────────────────────────────────┼────────────────────┤
│            train/episode/max action/mean            │       4.324        │
├─────────────────────────────────────────────────────┼────────────────────┤
│                  time elapsed/mean                  │      670.408       │
├─────────────────────────────────────────────────────┼────────────────────┤
│                   time iter/mean                    │       2.101        │
├─────────────────────────────────────────────────────┼────────────────────┤
│                mean value loss/mean                 │       0.002        │
├─────────────────────────────────────────────────────┼────────────────────┤
│              mean surrogate loss/mean               │       -0.009       │
├─────────────────────────────────────────────────────┼────────────────────┤
│               mean decoder loss/mean                │         0.         │
├─────────────────────────────────────────────────────┼────────────────────┤
│           mean decoder loss student/mean            │         0.         │
├─────────────────────────────────────────────────────┼────────────────────┤
│             mean decoder test loss/mean             │         0.         │
├─────────────────────────────────────────────────────┼────────────────────┤
│         mean decoder test loss student/mean         │         0.         │
├─────────────────────────────────────────────────────┼────────────────────┤
│                      timesteps                      │      31555584      │
├─────────────────────────────────────────────────────┼────────────────────┤
│                     iterations                      │        320         │
╘═════════════════════════════════════════════════════╧════════════════════╛

══════════════════════════════════════════
[33m        job         [0m
────────────────────┬─────────────────────
       status       │ running             
      runTime       │ 2025-07-07 11:46:06.831671
════════════════════╧═════════════════════
╒═════════════════════════════════════════════════════╤════════════════════╕
│       train/episode/rew tracking lin vel/mean       │       17.603       │
├─────────────────────────────────────────────────────┼────────────────────┤
│       train/episode/rew tracking ang vel/mean       │       8.001        │
├─────────────────────────────────────────────────────┼────────────────────┤
│          train/episode/rew lin vel z/mean           │       -0.04        │
├─────────────────────────────────────────────────────┼────────────────────┤
│          train/episode/rew ang vel xy/mean          │       -0.024       │
├─────────────────────────────────────────────────────┼────────────────────┤
│           train/episode/rew torques/mean            │       -2.663       │
├─────────────────────────────────────────────────────┼────────────────────┤
│           train/episode/rew dof vel/mean            │       -0.212       │
├─────────────────────────────────────────────────────┼────────────────────┤
│           train/episode/rew dof acc/mean            │       -1.018       │
├─────────────────────────────────────────────────────┼────────────────────┤
│          train/episode/rew collision/mean           │       -0.062       │
├─────────────────────────────────────────────────────┼────────────────────┤
│         train/episode/rew action rate/mean          │       -1.313       │
├─────────────────────────────────────────────────────┼────────────────────┤
│train/episode/rew tracking contacts shaped force/mean│       -4.345       │
├─────────────────────────────────────────────────────┼────────────────────┤
│ train/episode/rew tracking contacts shaped vel/mean │       -2.01        │
├─────────────────────────────────────────────────────┼────────────────────┤
│             train/episode/rew jump/mean             │       -2.481       │
├─────────────────────────────────────────────────────┼────────────────────┤
│        train/episode/rew dof pos limits/mean        │       -0.106       │
├─────────────────────────────────────────────────────┼────────────────────┤
│          train/episode/rew feet slip/mean           │       -0.277       │
├─────────────────────────────────────────────────────┼────────────────────┤
│  train/episode/rew feet clearance cmd linear/mean   │       -3.125       │
├─────────────────────────────────────────────────────┼────────────────────┤
│     train/episode/rew action smoothness 1/mean      │       -0.593       │
├─────────────────────────────────────────────────────┼────────────────────┤
│     train/episode/rew action smoothness 2/mean      │       -0.874       │
├─────────────────────────────────────────────────────┼────────────────────┤
│      train/episode/rew raibert heuristic/mean       │       -2.125       │
├─────────────────────────────────────────────────────┼────────────────────┤
│     train/episode/rew orientation control/mean      │         0.         │
├─────────────────────────────────────────────────────┼────────────────────┤
│            train/episode/rew total/mean             │       10.755       │
├─────────────────────────────────────────────────────┼────────────────────┤
│       train/episode/min command duration/mean       │        0.5         │
├─────────────────────────────────────────────────────┼────────────────────┤
│       train/episode/max command duration/mean       │        0.5         │
├─────────────────────────────────────────────────────┼────────────────────┤
│        train/episode/min command bound/mean         │         0.         │
├─────────────────────────────────────────────────────┼────────────────────┤
│        train/episode/max command bound/mean         │         0.         │
├─────────────────────────────────────────────────────┼────────────────────┤
│        train/episode/min command offset/mean        │         0.         │
├─────────────────────────────────────────────────────┼────────────────────┤
│        train/episode/max command offset/mean        │         0.         │
├─────────────────────────────────────────────────────┼────────────────────┤
│        train/episode/min command phase/mean         │        0.5         │
├─────────────────────────────────────────────────────┼────────────────────┤
│        train/episode/max command phase/mean         │        0.5         │
├─────────────────────────────────────────────────────┼────────────────────┤
│         train/episode/min command freq/mean         │         2.         │
├─────────────────────────────────────────────────────┼────────────────────┤
│         train/episode/max command freq/mean         │       3.999        │
├─────────────────────────────────────────────────────┼────────────────────┤
│        train/episode/min command x vel/mean         │       -1.047       │
├─────────────────────────────────────────────────────┼────────────────────┤
│        train/episode/max command x vel/mean         │       1.047        │
├─────────────────────────────────────────────────────┼────────────────────┤
│        train/episode/min command y vel/mean         │        -0.2        │
├─────────────────────────────────────────────────────┼────────────────────┤
│        train/episode/max command y vel/mean         │        0.2         │
├─────────────────────────────────────────────────────┼────────────────────┤
│       train/episode/min command yaw vel/mean        │       -1.047       │
├─────────────────────────────────────────────────────┼────────────────────┤
│       train/episode/max command yaw vel/mean        │       1.048        │
├─────────────────────────────────────────────────────┼────────────────────┤
│     train/episode/min command swing height/mean     │        0.03        │
├─────────────────────────────────────────────────────┼────────────────────┤
│     train/episode/max command swing height/mean     │        0.35        │
├─────────────────────────────────────────────────────┼────────────────────┤
│        train/episode/command area trot/mean         │       0.274        │
├─────────────────────────────────────────────────────┼────────────────────┤
│            train/episode/min action/mean            │       -6.412       │
├─────────────────────────────────────────────────────┼────────────────────┤
│            train/episode/max action/mean            │       4.366        │
├─────────────────────────────────────────────────────┼────────────────────┤
│                  time elapsed/mean                  │      691.257       │
├─────────────────────────────────────────────────────┼────────────────────┤
│                   time iter/mean                    │       2.059        │
├─────────────────────────────────────────────────────┼────────────────────┤
│                mean value loss/mean                 │       0.001        │
├─────────────────────────────────────────────────────┼────────────────────┤
│              mean surrogate loss/mean               │       -0.007       │
├─────────────────────────────────────────────────────┼────────────────────┤
│               mean decoder loss/mean                │         0.         │
├─────────────────────────────────────────────────────┼────────────────────┤
│           mean decoder loss student/mean            │         0.         │
├─────────────────────────────────────────────────────┼────────────────────┤
│             mean decoder test loss/mean             │         0.         │
├─────────────────────────────────────────────────────┼────────────────────┤
│         mean decoder test loss student/mean         │         0.         │
├─────────────────────────────────────────────────────┼────────────────────┤
│                      timesteps                      │      32538624      │
├─────────────────────────────────────────────────────┼────────────────────┤
│                     iterations                      │        330         │
╘═════════════════════════════════════════════════════╧════════════════════╛

══════════════════════════════════════════
[33m        job         [0m
────────────────────┬─────────────────────
       status       │ running             
      runTime       │ 2025-07-07 11:46:27.421849
════════════════════╧═════════════════════
╒═════════════════════════════════════════════════════╤════════════════════╕
│       train/episode/rew tracking lin vel/mean       │       17.508       │
├─────────────────────────────────────────────────────┼────────────────────┤
│       train/episode/rew tracking ang vel/mean       │       7.876        │
├─────────────────────────────────────────────────────┼────────────────────┤
│          train/episode/rew lin vel z/mean           │       -0.039       │
├─────────────────────────────────────────────────────┼────────────────────┤
│          train/episode/rew ang vel xy/mean          │       -0.024       │
├─────────────────────────────────────────────────────┼────────────────────┤
│           train/episode/rew torques/mean            │       -2.721       │
├─────────────────────────────────────────────────────┼────────────────────┤
│           train/episode/rew dof vel/mean            │       -0.205       │
├─────────────────────────────────────────────────────┼────────────────────┤
│           train/episode/rew dof acc/mean            │       -0.984       │
├─────────────────────────────────────────────────────┼────────────────────┤
│          train/episode/rew collision/mean           │       -0.077       │
├─────────────────────────────────────────────────────┼────────────────────┤
│         train/episode/rew action rate/mean          │       -1.283       │
├─────────────────────────────────────────────────────┼────────────────────┤
│train/episode/rew tracking contacts shaped force/mean│       -4.399       │
├─────────────────────────────────────────────────────┼────────────────────┤
│ train/episode/rew tracking contacts shaped vel/mean │       -1.951       │
├─────────────────────────────────────────────────────┼────────────────────┤
│             train/episode/rew jump/mean             │       -2.735       │
├─────────────────────────────────────────────────────┼────────────────────┤
│        train/episode/rew dof pos limits/mean        │       -0.168       │
├─────────────────────────────────────────────────────┼────────────────────┤
│          train/episode/rew feet slip/mean           │       -0.26        │
├─────────────────────────────────────────────────────┼────────────────────┤
│  train/episode/rew feet clearance cmd linear/mean   │       -3.223       │
├─────────────────────────────────────────────────────┼────────────────────┤
│     train/episode/rew action smoothness 1/mean      │       -0.578       │
├─────────────────────────────────────────────────────┼────────────────────┤
│     train/episode/rew action smoothness 2/mean      │       -0.851       │
├─────────────────────────────────────────────────────┼────────────────────┤
│      train/episode/rew raibert heuristic/mean       │       -2.121       │
├─────────────────────────────────────────────────────┼────────────────────┤
│     train/episode/rew orientation control/mean      │         0.         │
├─────────────────────────────────────────────────────┼────────────────────┤
│            train/episode/rew total/mean             │       10.476       │
├─────────────────────────────────────────────────────┼────────────────────┤
│       train/episode/min command duration/mean       │        0.5         │
├─────────────────────────────────────────────────────┼────────────────────┤
│       train/episode/max command duration/mean       │        0.5         │
├─────────────────────────────────────────────────────┼────────────────────┤
│        train/episode/min command bound/mean         │         0.         │
├─────────────────────────────────────────────────────┼────────────────────┤
│        train/episode/max command bound/mean         │         0.         │
├─────────────────────────────────────────────────────┼────────────────────┤
│        train/episode/min command offset/mean        │         0.         │
├─────────────────────────────────────────────────────┼────────────────────┤
│        train/episode/max command offset/mean        │         0.         │
├─────────────────────────────────────────────────────┼────────────────────┤
│        train/episode/min command phase/mean         │        0.5         │
├─────────────────────────────────────────────────────┼────────────────────┤
│        train/episode/max command phase/mean         │        0.5         │
├─────────────────────────────────────────────────────┼────────────────────┤
│         train/episode/min command freq/mean         │         2.         │
├─────────────────────────────────────────────────────┼────────────────────┤
│         train/episode/max command freq/mean         │         4.         │
├─────────────────────────────────────────────────────┼────────────────────┤
│        train/episode/min command x vel/mean         │       -1.047       │
├─────────────────────────────────────────────────────┼────────────────────┤
│        train/episode/max command x vel/mean         │       1.047        │
├─────────────────────────────────────────────────────┼────────────────────┤
│        train/episode/min command y vel/mean         │        -0.2        │
├─────────────────────────────────────────────────────┼────────────────────┤
│        train/episode/max command y vel/mean         │        0.2         │
├─────────────────────────────────────────────────────┼────────────────────┤
│       train/episode/min command yaw vel/mean        │       -1.047       │
├─────────────────────────────────────────────────────┼────────────────────┤
│       train/episode/max command yaw vel/mean        │       1.047        │
├─────────────────────────────────────────────────────┼────────────────────┤
│     train/episode/min command swing height/mean     │        0.03        │
├─────────────────────────────────────────────────────┼────────────────────┤
│     train/episode/max command swing height/mean     │        0.35        │
├─────────────────────────────────────────────────────┼────────────────────┤
│        train/episode/command area trot/mean         │       0.274        │
├─────────────────────────────────────────────────────┼────────────────────┤
│            train/episode/min action/mean            │       -6.401       │
├─────────────────────────────────────────────────────┼────────────────────┤
│            train/episode/max action/mean            │       4.464        │
├─────────────────────────────────────────────────────┼────────────────────┤
│                  time elapsed/mean                  │      712.884       │
├─────────────────────────────────────────────────────┼────────────────────┤
│                   time iter/mean                    │       2.264        │
├─────────────────────────────────────────────────────┼────────────────────┤
│                mean value loss/mean                 │       0.003        │
├─────────────────────────────────────────────────────┼────────────────────┤
│              mean surrogate loss/mean               │       -0.009       │
├─────────────────────────────────────────────────────┼────────────────────┤
│               mean decoder loss/mean                │         0.         │
├─────────────────────────────────────────────────────┼────────────────────┤
│           mean decoder loss student/mean            │         0.         │
├─────────────────────────────────────────────────────┼────────────────────┤
│             mean decoder test loss/mean             │         0.         │
├─────────────────────────────────────────────────────┼────────────────────┤
│         mean decoder test loss student/mean         │         0.         │
├─────────────────────────────────────────────────────┼────────────────────┤
│                      timesteps                      │      33521664      │
├─────────────────────────────────────────────────────┼────────────────────┤
│                     iterations                      │        340         │
╘═════════════════════════════════════════════════════╧════════════════════╛

══════════════════════════════════════════
[33m        job         [0m
────────────────────┬─────────────────────
       status       │ running             
      runTime       │ 2025-07-07 11:46:50.063886
════════════════════╧═════════════════════
╒═════════════════════════════════════════════════════╤════════════════════╕
│       train/episode/rew tracking lin vel/mean       │       17.734       │
├─────────────────────────────────────────────────────┼────────────────────┤
│       train/episode/rew tracking ang vel/mean       │       8.045        │
├─────────────────────────────────────────────────────┼────────────────────┤
│          train/episode/rew lin vel z/mean           │       -0.04        │
├─────────────────────────────────────────────────────┼────────────────────┤
│          train/episode/rew ang vel xy/mean          │       -0.024       │
├─────────────────────────────────────────────────────┼────────────────────┤
│           train/episode/rew torques/mean            │       -2.776       │
├─────────────────────────────────────────────────────┼────────────────────┤
│           train/episode/rew dof vel/mean            │       -0.218       │
├─────────────────────────────────────────────────────┼────────────────────┤
│           train/episode/rew dof acc/mean            │       -1.031       │
├─────────────────────────────────────────────────────┼────────────────────┤
│          train/episode/rew collision/mean           │       -0.09        │
├─────────────────────────────────────────────────────┼────────────────────┤
│         train/episode/rew action rate/mean          │       -1.32        │
├─────────────────────────────────────────────────────┼────────────────────┤
│train/episode/rew tracking contacts shaped force/mean│       -4.333       │
├─────────────────────────────────────────────────────┼────────────────────┤
│ train/episode/rew tracking contacts shaped vel/mean │       -2.032       │
├─────────────────────────────────────────────────────┼────────────────────┤
│             train/episode/rew jump/mean             │       -2.414       │
├─────────────────────────────────────────────────────┼────────────────────┤
│        train/episode/rew dof pos limits/mean        │       -0.189       │
├─────────────────────────────────────────────────────┼────────────────────┤
│          train/episode/rew feet slip/mean           │       -0.274       │
├─────────────────────────────────────────────────────┼────────────────────┤
│  train/episode/rew feet clearance cmd linear/mean   │       -3.034       │
├─────────────────────────────────────────────────────┼────────────────────┤
│     train/episode/rew action smoothness 1/mean      │       -0.595       │
├─────────────────────────────────────────────────────┼────────────────────┤
│     train/episode/rew action smoothness 2/mean      │       -0.866       │
├─────────────────────────────────────────────────────┼────────────────────┤
│      train/episode/rew raibert heuristic/mean       │       -2.007       │
├─────────────────────────────────────────────────────┼────────────────────┤
│     train/episode/rew orientation control/mean      │         0.         │
├─────────────────────────────────────────────────────┼────────────────────┤
│            train/episode/rew total/mean             │       10.847       │
├─────────────────────────────────────────────────────┼────────────────────┤
│       train/episode/min command duration/mean       │        0.5         │
├─────────────────────────────────────────────────────┼────────────────────┤
│       train/episode/max command duration/mean       │        0.5         │
├─────────────────────────────────────────────────────┼────────────────────┤
│        train/episode/min command bound/mean         │         0.         │
├─────────────────────────────────────────────────────┼────────────────────┤
│        train/episode/max command bound/mean         │         0.         │
├─────────────────────────────────────────────────────┼────────────────────┤
│        train/episode/min command offset/mean        │         0.         │
├─────────────────────────────────────────────────────┼────────────────────┤
│        train/episode/max command offset/mean        │         0.         │
├─────────────────────────────────────────────────────┼────────────────────┤
│        train/episode/min command phase/mean         │        0.5         │
├─────────────────────────────────────────────────────┼────────────────────┤
│        train/episode/max command phase/mean         │        0.5         │
├─────────────────────────────────────────────────────┼────────────────────┤
│         train/episode/min command freq/mean         │         2.         │
├─────────────────────────────────────────────────────┼────────────────────┤
│         train/episode/max command freq/mean         │         4.         │
├─────────────────────────────────────────────────────┼────────────────────┤
│        train/episode/min command x vel/mean         │       -1.047       │
├─────────────────────────────────────────────────────┼────────────────────┤
│        train/episode/max command x vel/mean         │       1.048        │
├─────────────────────────────────────────────────────┼────────────────────┤
│        train/episode/min command y vel/mean         │        -0.2        │
├─────────────────────────────────────────────────────┼────────────────────┤
│        train/episode/max command y vel/mean         │        0.2         │
├─────────────────────────────────────────────────────┼────────────────────┤
│       train/episode/min command yaw vel/mean        │       -1.047       │
├─────────────────────────────────────────────────────┼────────────────────┤
│       train/episode/max command yaw vel/mean        │       1.047        │
├─────────────────────────────────────────────────────┼────────────────────┤
│     train/episode/min command swing height/mean     │        0.03        │
├─────────────────────────────────────────────────────┼────────────────────┤
│     train/episode/max command swing height/mean     │        0.35        │
├─────────────────────────────────────────────────────┼────────────────────┤
│        train/episode/command area trot/mean         │       0.274        │
├─────────────────────────────────────────────────────┼────────────────────┤
│            train/episode/min action/mean            │       -6.403       │
├─────────────────────────────────────────────────────┼────────────────────┤
│            train/episode/max action/mean            │       4.499        │
├─────────────────────────────────────────────────────┼────────────────────┤
│                  time elapsed/mean                  │      734.693       │
├─────────────────────────────────────────────────────┼────────────────────┤
│                   time iter/mean                    │       2.103        │
├─────────────────────────────────────────────────────┼────────────────────┤
│                mean value loss/mean                 │       0.001        │
├─────────────────────────────────────────────────────┼────────────────────┤
│              mean surrogate loss/mean               │       -0.009       │
├─────────────────────────────────────────────────────┼────────────────────┤
│               mean decoder loss/mean                │         0.         │
├─────────────────────────────────────────────────────┼────────────────────┤
│           mean decoder loss student/mean            │         0.         │
├─────────────────────────────────────────────────────┼────────────────────┤
│             mean decoder test loss/mean             │         0.         │
├─────────────────────────────────────────────────────┼────────────────────┤
│         mean decoder test loss student/mean         │         0.         │
├─────────────────────────────────────────────────────┼────────────────────┤
│                      timesteps                      │      34504704      │
├─────────────────────────────────────────────────────┼────────────────────┤
│                     iterations                      │        350         │
╘═════════════════════════════════════════════════════╧════════════════════╛

══════════════════════════════════════════
[33m        job         [0m
────────────────────┬─────────────────────
       status       │ running             
      runTime       │ 2025-07-07 11:47:11.097773
════════════════════╧═════════════════════
╒═════════════════════════════════════════════════════╤════════════════════╕
│       train/episode/rew tracking lin vel/mean       │       17.647       │
├─────────────────────────────────────────────────────┼────────────────────┤
│       train/episode/rew tracking ang vel/mean       │       8.007        │
├─────────────────────────────────────────────────────┼────────────────────┤
│          train/episode/rew lin vel z/mean           │       -0.038       │
├─────────────────────────────────────────────────────┼────────────────────┤
│          train/episode/rew ang vel xy/mean          │       -0.024       │
├─────────────────────────────────────────────────────┼────────────────────┤
│           train/episode/rew torques/mean            │       -2.726       │
├─────────────────────────────────────────────────────┼────────────────────┤
│           train/episode/rew dof vel/mean            │       -0.217       │
├─────────────────────────────────────────────────────┼────────────────────┤
│           train/episode/rew dof acc/mean            │       -1.03        │
├─────────────────────────────────────────────────────┼────────────────────┤
│          train/episode/rew collision/mean           │       -0.109       │
├─────────────────────────────────────────────────────┼────────────────────┤
│         train/episode/rew action rate/mean          │       -1.32        │
├─────────────────────────────────────────────────────┼────────────────────┤
│train/episode/rew tracking contacts shaped force/mean│       -4.266       │
├─────────────────────────────────────────────────────┼────────────────────┤
│ train/episode/rew tracking contacts shaped vel/mean │       -1.992       │
├─────────────────────────────────────────────────────┼────────────────────┤
│             train/episode/rew jump/mean             │       -2.24        │
├─────────────────────────────────────────────────────┼────────────────────┤
│        train/episode/rew dof pos limits/mean        │       -0.218       │
├─────────────────────────────────────────────────────┼────────────────────┤
│          train/episode/rew feet slip/mean           │       -0.265       │
├─────────────────────────────────────────────────────┼────────────────────┤
│  train/episode/rew feet clearance cmd linear/mean   │       -3.014       │
├─────────────────────────────────────────────────────┼────────────────────┤
│     train/episode/rew action smoothness 1/mean      │       -0.598       │
├─────────────────────────────────────────────────────┼────────────────────┤
│     train/episode/rew action smoothness 2/mean      │       -0.857       │
├─────────────────────────────────────────────────────┼────────────────────┤
│      train/episode/rew raibert heuristic/mean       │       -1.964       │
├─────────────────────────────────────────────────────┼────────────────────┤
│     train/episode/rew orientation control/mean      │         0.         │
├─────────────────────────────────────────────────────┼────────────────────┤
│            train/episode/rew total/mean             │       10.953       │
├─────────────────────────────────────────────────────┼────────────────────┤
│       train/episode/min command duration/mean       │        0.5         │
├─────────────────────────────────────────────────────┼────────────────────┤
│       train/episode/max command duration/mean       │        0.5         │
├─────────────────────────────────────────────────────┼────────────────────┤
│        train/episode/min command bound/mean         │         0.         │
├─────────────────────────────────────────────────────┼────────────────────┤
│        train/episode/max command bound/mean         │         0.         │
├─────────────────────────────────────────────────────┼────────────────────┤
│        train/episode/min command offset/mean        │         0.         │
├─────────────────────────────────────────────────────┼────────────────────┤
│        train/episode/max command offset/mean        │         0.         │
├─────────────────────────────────────────────────────┼────────────────────┤
│        train/episode/min command phase/mean         │        0.5         │
├─────────────────────────────────────────────────────┼────────────────────┤
│        train/episode/max command phase/mean         │        0.5         │
├─────────────────────────────────────────────────────┼────────────────────┤
│         train/episode/min command freq/mean         │         2.         │
├─────────────────────────────────────────────────────┼────────────────────┤
│         train/episode/max command freq/mean         │       3.999        │
├─────────────────────────────────────────────────────┼────────────────────┤
│        train/episode/min command x vel/mean         │       -1.048       │
├─────────────────────────────────────────────────────┼────────────────────┤
│        train/episode/max command x vel/mean         │       1.048        │
├─────────────────────────────────────────────────────┼────────────────────┤
│        train/episode/min command y vel/mean         │        -0.2        │
├─────────────────────────────────────────────────────┼────────────────────┤
│        train/episode/max command y vel/mean         │        0.2         │
├─────────────────────────────────────────────────────┼────────────────────┤
│       train/episode/min command yaw vel/mean        │       -1.047       │
├─────────────────────────────────────────────────────┼────────────────────┤
│       train/episode/max command yaw vel/mean        │       1.047        │
├─────────────────────────────────────────────────────┼────────────────────┤
│     train/episode/min command swing height/mean     │        0.03        │
├─────────────────────────────────────────────────────┼────────────────────┤
│     train/episode/max command swing height/mean     │        0.35        │
├─────────────────────────────────────────────────────┼────────────────────┤
│        train/episode/command area trot/mean         │       0.274        │
├─────────────────────────────────────────────────────┼────────────────────┤
│            train/episode/min action/mean            │       -6.373       │
├─────────────────────────────────────────────────────┼────────────────────┤
│            train/episode/max action/mean            │        4.54        │
├─────────────────────────────────────────────────────┼────────────────────┤
│                  time elapsed/mean                  │      755.733       │
├─────────────────────────────────────────────────────┼────────────────────┤
│                   time iter/mean                    │       2.108        │
├─────────────────────────────────────────────────────┼────────────────────┤
│                mean value loss/mean                 │       0.003        │
├─────────────────────────────────────────────────────┼────────────────────┤
│              mean surrogate loss/mean               │       -0.008       │
├─────────────────────────────────────────────────────┼────────────────────┤
│               mean decoder loss/mean                │         0.         │
├─────────────────────────────────────────────────────┼────────────────────┤
│           mean decoder loss student/mean            │         0.         │
├─────────────────────────────────────────────────────┼────────────────────┤
│             mean decoder test loss/mean             │         0.         │
├─────────────────────────────────────────────────────┼────────────────────┤
│         mean decoder test loss student/mean         │         0.         │
├─────────────────────────────────────────────────────┼────────────────────┤
│                      timesteps                      │      35487744      │
├─────────────────────────────────────────────────────┼────────────────────┤
│                     iterations                      │        360         │
╘═════════════════════════════════════════════════════╧════════════════════╛

══════════════════════════════════════════
[33m        job         [0m
────────────────────┬─────────────────────
       status       │ running             
      runTime       │ 2025-07-07 11:47:32.175217
════════════════════╧═════════════════════
╒═════════════════════════════════════════════════════╤════════════════════╕
│       train/episode/rew tracking lin vel/mean       │       17.791       │
├─────────────────────────────────────────────────────┼────────────────────┤
│       train/episode/rew tracking ang vel/mean       │       8.049        │
├─────────────────────────────────────────────────────┼────────────────────┤
│          train/episode/rew lin vel z/mean           │       -0.038       │
├─────────────────────────────────────────────────────┼────────────────────┤
│          train/episode/rew ang vel xy/mean          │       -0.024       │
├─────────────────────────────────────────────────────┼────────────────────┤
│           train/episode/rew torques/mean            │        -2.7        │
├─────────────────────────────────────────────────────┼────────────────────┤
│           train/episode/rew dof vel/mean            │       -0.209       │
├─────────────────────────────────────────────────────┼────────────────────┤
│           train/episode/rew dof acc/mean            │       -0.995       │
├─────────────────────────────────────────────────────┼────────────────────┤
│          train/episode/rew collision/mean           │       -0.106       │
├─────────────────────────────────────────────────────┼────────────────────┤
│         train/episode/rew action rate/mean          │       -1.292       │
├─────────────────────────────────────────────────────┼────────────────────┤
│train/episode/rew tracking contacts shaped force/mean│       -4.323       │
├─────────────────────────────────────────────────────┼────────────────────┤
│ train/episode/rew tracking contacts shaped vel/mean │       -1.956       │
├─────────────────────────────────────────────────────┼────────────────────┤
│             train/episode/rew jump/mean             │       -2.299       │
├─────────────────────────────────────────────────────┼────────────────────┤
│        train/episode/rew dof pos limits/mean        │       -0.161       │
├─────────────────────────────────────────────────────┼────────────────────┤
│          train/episode/rew feet slip/mean           │       -0.259       │
├─────────────────────────────────────────────────────┼────────────────────┤
│  train/episode/rew feet clearance cmd linear/mean   │       -2.733       │
├─────────────────────────────────────────────────────┼────────────────────┤
│     train/episode/rew action smoothness 1/mean      │       -0.581       │
├─────────────────────────────────────────────────────┼────────────────────┤
│     train/episode/rew action smoothness 2/mean      │       -0.845       │
├─────────────────────────────────────────────────────┼────────────────────┤
│      train/episode/rew raibert heuristic/mean       │       -1.971       │
├─────────────────────────────────────────────────────┼────────────────────┤
│     train/episode/rew orientation control/mean      │         0.         │
├─────────────────────────────────────────────────────┼────────────────────┤
│            train/episode/rew total/mean             │       11.253       │
├─────────────────────────────────────────────────────┼────────────────────┤
│       train/episode/min command duration/mean       │        0.5         │
├─────────────────────────────────────────────────────┼────────────────────┤
│       train/episode/max command duration/mean       │        0.5         │
├─────────────────────────────────────────────────────┼────────────────────┤
│        train/episode/min command bound/mean         │         0.         │
├─────────────────────────────────────────────────────┼────────────────────┤
│        train/episode/max command bound/mean         │         0.         │
├─────────────────────────────────────────────────────┼────────────────────┤
│        train/episode/min command offset/mean        │         0.         │
├─────────────────────────────────────────────────────┼────────────────────┤
│        train/episode/max command offset/mean        │         0.         │
├─────────────────────────────────────────────────────┼────────────────────┤
│        train/episode/min command phase/mean         │        0.5         │
├─────────────────────────────────────────────────────┼────────────────────┤
│        train/episode/max command phase/mean         │        0.5         │
├─────────────────────────────────────────────────────┼────────────────────┤
│         train/episode/min command freq/mean         │         2.         │
├─────────────────────────────────────────────────────┼────────────────────┤
│         train/episode/max command freq/mean         │       3.999        │
├─────────────────────────────────────────────────────┼────────────────────┤
│        train/episode/min command x vel/mean         │       -1.048       │
├─────────────────────────────────────────────────────┼────────────────────┤
│        train/episode/max command x vel/mean         │       1.047        │
├─────────────────────────────────────────────────────┼────────────────────┤
│        train/episode/min command y vel/mean         │        -0.2        │
├─────────────────────────────────────────────────────┼────────────────────┤
│        train/episode/max command y vel/mean         │        0.2         │
├─────────────────────────────────────────────────────┼────────────────────┤
│       train/episode/min command yaw vel/mean        │       -1.047       │
├─────────────────────────────────────────────────────┼────────────────────┤
│       train/episode/max command yaw vel/mean        │       1.047        │
├─────────────────────────────────────────────────────┼────────────────────┤
│     train/episode/min command swing height/mean     │        0.03        │
├─────────────────────────────────────────────────────┼────────────────────┤
│     train/episode/max command swing height/mean     │        0.35        │
├─────────────────────────────────────────────────────┼────────────────────┤
│        train/episode/command area trot/mean         │       0.274        │
├─────────────────────────────────────────────────────┼────────────────────┤
│            train/episode/min action/mean            │       -6.363       │
├─────────────────────────────────────────────────────┼────────────────────┤
│            train/episode/max action/mean            │        4.6         │
├─────────────────────────────────────────────────────┼────────────────────┤
│                  time elapsed/mean                  │      776.665       │
├─────────────────────────────────────────────────────┼────────────────────┤
│                   time iter/mean                    │       2.072        │
├─────────────────────────────────────────────────────┼────────────────────┤
│                mean value loss/mean                 │       0.001        │
├─────────────────────────────────────────────────────┼────────────────────┤
│              mean surrogate loss/mean               │       -0.008       │
├─────────────────────────────────────────────────────┼────────────────────┤
│               mean decoder loss/mean                │         0.         │
├─────────────────────────────────────────────────────┼────────────────────┤
│           mean decoder loss student/mean            │         0.         │
├─────────────────────────────────────────────────────┼────────────────────┤
│             mean decoder test loss/mean             │         0.         │
├─────────────────────────────────────────────────────┼────────────────────┤
│         mean decoder test loss student/mean         │         0.         │
├─────────────────────────────────────────────────────┼────────────────────┤
│                      timesteps                      │      36470784      │
├─────────────────────────────────────────────────────┼────────────────────┤
│                     iterations                      │        370         │
╘═════════════════════════════════════════════════════╧════════════════════╛

══════════════════════════════════════════
[33m        job         [0m
────────────────────┬─────────────────────
       status       │ running             
      runTime       │ 2025-07-07 11:47:52.888652
════════════════════╧═════════════════════
╒═════════════════════════════════════════════════════╤════════════════════╕
│       train/episode/rew tracking lin vel/mean       │       17.361       │
├─────────────────────────────────────────────────────┼────────────────────┤
│       train/episode/rew tracking ang vel/mean       │       7.837        │
├─────────────────────────────────────────────────────┼────────────────────┤
│          train/episode/rew lin vel z/mean           │       -0.039       │
├─────────────────────────────────────────────────────┼────────────────────┤
│          train/episode/rew ang vel xy/mean          │       -0.025       │
├─────────────────────────────────────────────────────┼────────────────────┤
│           train/episode/rew torques/mean            │       -2.716       │
├─────────────────────────────────────────────────────┼────────────────────┤
│           train/episode/rew dof vel/mean            │       -0.213       │
├─────────────────────────────────────────────────────┼────────────────────┤
│           train/episode/rew dof acc/mean            │       -0.996       │
├─────────────────────────────────────────────────────┼────────────────────┤
│          train/episode/rew collision/mean           │       -0.125       │
├─────────────────────────────────────────────────────┼────────────────────┤
│         train/episode/rew action rate/mean          │       -1.276       │
├─────────────────────────────────────────────────────┼────────────────────┤
│train/episode/rew tracking contacts shaped force/mean│       -4.143       │
├─────────────────────────────────────────────────────┼────────────────────┤
│ train/episode/rew tracking contacts shaped vel/mean │       -1.995       │
├─────────────────────────────────────────────────────┼────────────────────┤
│             train/episode/rew jump/mean             │       -2.407       │
├─────────────────────────────────────────────────────┼────────────────────┤
│        train/episode/rew dof pos limits/mean        │       -0.324       │
├─────────────────────────────────────────────────────┼────────────────────┤
│          train/episode/rew feet slip/mean           │       -0.257       │
├─────────────────────────────────────────────────────┼────────────────────┤
│  train/episode/rew feet clearance cmd linear/mean   │       -3.015       │
├─────────────────────────────────────────────────────┼────────────────────┤
│     train/episode/rew action smoothness 1/mean      │       -0.574       │
├─────────────────────────────────────────────────────┼────────────────────┤
│     train/episode/rew action smoothness 2/mean      │       -0.824       │
├─────────────────────────────────────────────────────┼────────────────────┤
│      train/episode/rew raibert heuristic/mean       │       -1.964       │
├─────────────────────────────────────────────────────┼────────────────────┤
│     train/episode/rew orientation control/mean      │         0.         │
├─────────────────────────────────────────────────────┼────────────────────┤
│            train/episode/rew total/mean             │       10.729       │
├─────────────────────────────────────────────────────┼────────────────────┤
│       train/episode/min command duration/mean       │        0.5         │
├─────────────────────────────────────────────────────┼────────────────────┤
│       train/episode/max command duration/mean       │        0.5         │
├─────────────────────────────────────────────────────┼────────────────────┤
│        train/episode/min command bound/mean         │         0.         │
├─────────────────────────────────────────────────────┼────────────────────┤
│        train/episode/max command bound/mean         │         0.         │
├─────────────────────────────────────────────────────┼────────────────────┤
│        train/episode/min command offset/mean        │         0.         │
├─────────────────────────────────────────────────────┼────────────────────┤
│        train/episode/max command offset/mean        │         0.         │
├─────────────────────────────────────────────────────┼────────────────────┤
│        train/episode/min command phase/mean         │        0.5         │
├─────────────────────────────────────────────────────┼────────────────────┤
│        train/episode/max command phase/mean         │        0.5         │
├─────────────────────────────────────────────────────┼────────────────────┤
│         train/episode/min command freq/mean         │         2.         │
├─────────────────────────────────────────────────────┼────────────────────┤
│         train/episode/max command freq/mean         │       3.999        │
├─────────────────────────────────────────────────────┼────────────────────┤
│        train/episode/min command x vel/mean         │       -1.048       │
├─────────────────────────────────────────────────────┼────────────────────┤
│        train/episode/max command x vel/mean         │       1.047        │
├─────────────────────────────────────────────────────┼────────────────────┤
│        train/episode/min command y vel/mean         │        -0.2        │
├─────────────────────────────────────────────────────┼────────────────────┤
│        train/episode/max command y vel/mean         │        0.2         │
├─────────────────────────────────────────────────────┼────────────────────┤
│       train/episode/min command yaw vel/mean        │       -1.047       │
├─────────────────────────────────────────────────────┼────────────────────┤
│       train/episode/max command yaw vel/mean        │       1.047        │
├─────────────────────────────────────────────────────┼────────────────────┤
│     train/episode/min command swing height/mean     │        0.03        │
├─────────────────────────────────────────────────────┼────────────────────┤
│     train/episode/max command swing height/mean     │        0.35        │
├─────────────────────────────────────────────────────┼────────────────────┤
│        train/episode/command area trot/mean         │       0.274        │
├─────────────────────────────────────────────────────┼────────────────────┤
│            train/episode/min action/mean            │       -6.372       │
├─────────────────────────────────────────────────────┼────────────────────┤
│            train/episode/max action/mean            │       4.707        │
├─────────────────────────────────────────────────────┼────────────────────┤
│                  time elapsed/mean                  │      798.038       │
├─────────────────────────────────────────────────────┼────────────────────┤
│                   time iter/mean                    │       2.256        │
├─────────────────────────────────────────────────────┼────────────────────┤
│                mean value loss/mean                 │       0.002        │
├─────────────────────────────────────────────────────┼────────────────────┤
│              mean surrogate loss/mean               │       -0.008       │
├─────────────────────────────────────────────────────┼────────────────────┤
│               mean decoder loss/mean                │         0.         │
├─────────────────────────────────────────────────────┼────────────────────┤
│           mean decoder loss student/mean            │         0.         │
├─────────────────────────────────────────────────────┼────────────────────┤
│             mean decoder test loss/mean             │         0.         │
├─────────────────────────────────────────────────────┼────────────────────┤
│         mean decoder test loss student/mean         │         0.         │
├─────────────────────────────────────────────────────┼────────────────────┤
│                      timesteps                      │      37453824      │
├─────────────────────────────────────────────────────┼────────────────────┤
│                     iterations                      │        380         │
╘═════════════════════════════════════════════════════╧════════════════════╛

══════════════════════════════════════════
[33m        job         [0m
────────────────────┬─────────────────────
       status       │ running             
      runTime       │ 2025-07-07 11:48:15.454726
════════════════════╧═════════════════════
╒═════════════════════════════════════════════════════╤════════════════════╕
│       train/episode/rew tracking lin vel/mean       │       17.532       │
├─────────────────────────────────────────────────────┼────────────────────┤
│       train/episode/rew tracking ang vel/mean       │       7.988        │
├─────────────────────────────────────────────────────┼────────────────────┤
│          train/episode/rew lin vel z/mean           │       -0.038       │
├─────────────────────────────────────────────────────┼────────────────────┤
│          train/episode/rew ang vel xy/mean          │       -0.024       │
├─────────────────────────────────────────────────────┼────────────────────┤
│           train/episode/rew torques/mean            │       -2.753       │
├─────────────────────────────────────────────────────┼────────────────────┤
│           train/episode/rew dof vel/mean            │       -0.22        │
├─────────────────────────────────────────────────────┼────────────────────┤
│           train/episode/rew dof acc/mean            │       -1.031       │
├─────────────────────────────────────────────────────┼────────────────────┤
│          train/episode/rew collision/mean           │       -0.135       │
├─────────────────────────────────────────────────────┼────────────────────┤
│         train/episode/rew action rate/mean          │       -1.301       │
├─────────────────────────────────────────────────────┼────────────────────┤
│train/episode/rew tracking contacts shaped force/mean│       -4.197       │
├─────────────────────────────────────────────────────┼────────────────────┤
│ train/episode/rew tracking contacts shaped vel/mean │       -2.019       │
├─────────────────────────────────────────────────────┼────────────────────┤
│             train/episode/rew jump/mean             │       -2.249       │
├─────────────────────────────────────────────────────┼────────────────────┤
│        train/episode/rew dof pos limits/mean        │       -0.283       │
├─────────────────────────────────────────────────────┼────────────────────┤
│          train/episode/rew feet slip/mean           │       -0.262       │
├─────────────────────────────────────────────────────┼────────────────────┤
│  train/episode/rew feet clearance cmd linear/mean   │       -2.989       │
├─────────────────────────────────────────────────────┼────────────────────┤
│     train/episode/rew action smoothness 1/mean      │       -0.587       │
├─────────────────────────────────────────────────────┼────────────────────┤
│     train/episode/rew action smoothness 2/mean      │       -0.831       │
├─────────────────────────────────────────────────────┼────────────────────┤
│      train/episode/rew raibert heuristic/mean       │       -1.955       │
├─────────────────────────────────────────────────────┼────────────────────┤
│     train/episode/rew orientation control/mean      │         0.         │
├─────────────────────────────────────────────────────┼────────────────────┤
│            train/episode/rew total/mean             │       10.916       │
├─────────────────────────────────────────────────────┼────────────────────┤
│       train/episode/min command duration/mean       │        0.5         │
├─────────────────────────────────────────────────────┼────────────────────┤
│       train/episode/max command duration/mean       │        0.5         │
├─────────────────────────────────────────────────────┼────────────────────┤
│        train/episode/min command bound/mean         │         0.         │
├─────────────────────────────────────────────────────┼────────────────────┤
│        train/episode/max command bound/mean         │         0.         │
├─────────────────────────────────────────────────────┼────────────────────┤
│        train/episode/min command offset/mean        │         0.         │
├─────────────────────────────────────────────────────┼────────────────────┤
│        train/episode/max command offset/mean        │         0.         │
├─────────────────────────────────────────────────────┼────────────────────┤
│        train/episode/min command phase/mean         │        0.5         │
├─────────────────────────────────────────────────────┼────────────────────┤
│        train/episode/max command phase/mean         │        0.5         │
├─────────────────────────────────────────────────────┼────────────────────┤
│         train/episode/min command freq/mean         │         2.         │
├─────────────────────────────────────────────────────┼────────────────────┤
│         train/episode/max command freq/mean         │         4.         │
├─────────────────────────────────────────────────────┼────────────────────┤
│        train/episode/min command x vel/mean         │       -1.048       │
├─────────────────────────────────────────────────────┼────────────────────┤
│        train/episode/max command x vel/mean         │       1.047        │
├─────────────────────────────────────────────────────┼────────────────────┤
│        train/episode/min command y vel/mean         │        -0.2        │
├─────────────────────────────────────────────────────┼────────────────────┤
│        train/episode/max command y vel/mean         │        0.2         │
├─────────────────────────────────────────────────────┼────────────────────┤
│       train/episode/min command yaw vel/mean        │       -1.047       │
├─────────────────────────────────────────────────────┼────────────────────┤
│       train/episode/max command yaw vel/mean        │       1.047        │
├─────────────────────────────────────────────────────┼────────────────────┤
│     train/episode/min command swing height/mean     │        0.03        │
├─────────────────────────────────────────────────────┼────────────────────┤
│     train/episode/max command swing height/mean     │        0.35        │
├─────────────────────────────────────────────────────┼────────────────────┤
│        train/episode/command area trot/mean         │       0.274        │
├─────────────────────────────────────────────────────┼────────────────────┤
│            train/episode/min action/mean            │       -6.445       │
├─────────────────────────────────────────────────────┼────────────────────┤
│            train/episode/max action/mean            │       4.769        │
├─────────────────────────────────────────────────────┼────────────────────┤
│                  time elapsed/mean                  │      820.206       │
├─────────────────────────────────────────────────────┼────────────────────┤
│                   time iter/mean                    │       2.123        │
├─────────────────────────────────────────────────────┼────────────────────┤
│                mean value loss/mean                 │       0.001        │
├─────────────────────────────────────────────────────┼────────────────────┤
│              mean surrogate loss/mean               │       -0.009       │
├─────────────────────────────────────────────────────┼────────────────────┤
│               mean decoder loss/mean                │         0.         │
├─────────────────────────────────────────────────────┼────────────────────┤
│           mean decoder loss student/mean            │         0.         │
├─────────────────────────────────────────────────────┼────────────────────┤
│             mean decoder test loss/mean             │         0.         │
├─────────────────────────────────────────────────────┼────────────────────┤
│         mean decoder test loss student/mean         │         0.         │
├─────────────────────────────────────────────────────┼────────────────────┤
│                      timesteps                      │      38436864      │
├─────────────────────────────────────────────────────┼────────────────────┤
│                     iterations                      │        390         │
╘═════════════════════════════════════════════════════╧════════════════════╛

══════════════════════════════════════════
[33m        job         [0m
────────────────────┬─────────────────────
       status       │ running             
      runTime       │ 2025-07-07 11:48:36.683325
════════════════════╧═════════════════════
╒═════════════════════════════════════════════════════╤════════════════════╕
│       train/episode/rew tracking lin vel/mean       │       17.701       │
├─────────────────────────────────────────────────────┼────────────────────┤
│       train/episode/rew tracking ang vel/mean       │       8.069        │
├─────────────────────────────────────────────────────┼────────────────────┤
│          train/episode/rew lin vel z/mean           │       -0.038       │
├─────────────────────────────────────────────────────┼────────────────────┤
│          train/episode/rew ang vel xy/mean          │       -0.024       │
├─────────────────────────────────────────────────────┼────────────────────┤
│           train/episode/rew torques/mean            │       -2.765       │
├─────────────────────────────────────────────────────┼────────────────────┤
│           train/episode/rew dof vel/mean            │       -0.218       │
├─────────────────────────────────────────────────────┼────────────────────┤
│           train/episode/rew dof acc/mean            │       -1.028       │
├─────────────────────────────────────────────────────┼────────────────────┤
│          train/episode/rew collision/mean           │       -0.145       │
├─────────────────────────────────────────────────────┼────────────────────┤
│         train/episode/rew action rate/mean          │       -1.319       │
├─────────────────────────────────────────────────────┼────────────────────┤
│train/episode/rew tracking contacts shaped force/mean│       -4.315       │
├─────────────────────────────────────────────────────┼────────────────────┤
│ train/episode/rew tracking contacts shaped vel/mean │       -1.941       │
├─────────────────────────────────────────────────────┼────────────────────┤
│             train/episode/rew jump/mean             │       -2.044       │
├─────────────────────────────────────────────────────┼────────────────────┤
│        train/episode/rew dof pos limits/mean        │       -0.282       │
├─────────────────────────────────────────────────────┼────────────────────┤
│          train/episode/rew feet slip/mean           │       -0.266       │
├─────────────────────────────────────────────────────┼────────────────────┤
│  train/episode/rew feet clearance cmd linear/mean   │       -2.888       │
├─────────────────────────────────────────────────────┼────────────────────┤
│     train/episode/rew action smoothness 1/mean      │       -0.596       │
├─────────────────────────────────────────────────────┼────────────────────┤
│     train/episode/rew action smoothness 2/mean      │       -0.839       │
├─────────────────────────────────────────────────────┼────────────────────┤
│      train/episode/rew raibert heuristic/mean       │       -1.864       │
├─────────────────────────────────────────────────────┼────────────────────┤
│     train/episode/rew orientation control/mean      │         0.         │
├─────────────────────────────────────────────────────┼────────────────────┤
│            train/episode/rew total/mean             │       11.275       │
├─────────────────────────────────────────────────────┼────────────────────┤
│       train/episode/min command duration/mean       │        0.5         │
├─────────────────────────────────────────────────────┼────────────────────┤
│       train/episode/max command duration/mean       │        0.5         │
├─────────────────────────────────────────────────────┼────────────────────┤
│        train/episode/min command bound/mean         │         0.         │
├─────────────────────────────────────────────────────┼────────────────────┤
│        train/episode/max command bound/mean         │         0.         │
├─────────────────────────────────────────────────────┼────────────────────┤
│        train/episode/min command offset/mean        │         0.         │
├─────────────────────────────────────────────────────┼────────────────────┤
│        train/episode/max command offset/mean        │         0.         │
├─────────────────────────────────────────────────────┼────────────────────┤
│        train/episode/min command phase/mean         │        0.5         │
├─────────────────────────────────────────────────────┼────────────────────┤
│        train/episode/max command phase/mean         │        0.5         │
├─────────────────────────────────────────────────────┼────────────────────┤
│         train/episode/min command freq/mean         │         2.         │
├─────────────────────────────────────────────────────┼────────────────────┤
│         train/episode/max command freq/mean         │         4.         │
├─────────────────────────────────────────────────────┼────────────────────┤
│        train/episode/min command x vel/mean         │       -1.046       │
├─────────────────────────────────────────────────────┼────────────────────┤
│        train/episode/max command x vel/mean         │       1.047        │
├─────────────────────────────────────────────────────┼────────────────────┤
│        train/episode/min command y vel/mean         │        -0.2        │
├─────────────────────────────────────────────────────┼────────────────────┤
│        train/episode/max command y vel/mean         │        0.2         │
├─────────────────────────────────────────────────────┼────────────────────┤
│       train/episode/min command yaw vel/mean        │       -1.047       │
├─────────────────────────────────────────────────────┼────────────────────┤
│       train/episode/max command yaw vel/mean        │       1.047        │
├─────────────────────────────────────────────────────┼────────────────────┤
│     train/episode/min command swing height/mean     │        0.03        │
├─────────────────────────────────────────────────────┼────────────────────┤
│     train/episode/max command swing height/mean     │        0.35        │
├─────────────────────────────────────────────────────┼────────────────────┤
│        train/episode/command area trot/mean         │       0.274        │
├─────────────────────────────────────────────────────┼────────────────────┤
│            train/episode/min action/mean            │       -6.337       │
├─────────────────────────────────────────────────────┼────────────────────┤
│            train/episode/max action/mean            │        4.78        │
├─────────────────────────────────────────────────────┼────────────────────┤
│                  time elapsed/mean                  │      841.315       │
├─────────────────────────────────────────────────────┼────────────────────┤
│                   time iter/mean                    │       2.112        │
├─────────────────────────────────────────────────────┼────────────────────┤
│                mean value loss/mean                 │       0.003        │
├─────────────────────────────────────────────────────┼────────────────────┤
│              mean surrogate loss/mean               │       -0.008       │
├─────────────────────────────────────────────────────┼────────────────────┤
│               mean decoder loss/mean                │         0.         │
├─────────────────────────────────────────────────────┼────────────────────┤
│           mean decoder loss student/mean            │         0.         │
├─────────────────────────────────────────────────────┼────────────────────┤
│             mean decoder test loss/mean             │         0.         │
├─────────────────────────────────────────────────────┼────────────────────┤
│         mean decoder test loss student/mean         │         0.         │
├─────────────────────────────────────────────────────┼────────────────────┤
│                      timesteps                      │      39419904      │
├─────────────────────────────────────────────────────┼────────────────────┤
│                     iterations                      │        400         │
╘═════════════════════════════════════════════════════╧════════════════════╛

══════════════════════════════════════════
[33m        job         [0m
────────────────────┬─────────────────────
       status       │ running             
      runTime       │ 2025-07-07 11:48:57.802791
════════════════════╧═════════════════════
╒═════════════════════════════════════════════════════╤════════════════════╕
│       train/episode/rew tracking lin vel/mean       │       17.887       │
├─────────────────────────────────────────────────────┼────────────────────┤
│       train/episode/rew tracking ang vel/mean       │       8.139        │
├─────────────────────────────────────────────────────┼────────────────────┤
│          train/episode/rew lin vel z/mean           │       -0.038       │
├─────────────────────────────────────────────────────┼────────────────────┤
│          train/episode/rew ang vel xy/mean          │       -0.024       │
├─────────────────────────────────────────────────────┼────────────────────┤
│           train/episode/rew torques/mean            │       -2.749       │
├─────────────────────────────────────────────────────┼────────────────────┤
│           train/episode/rew dof vel/mean            │       -0.217       │
├─────────────────────────────────────────────────────┼────────────────────┤
│           train/episode/rew dof acc/mean            │       -1.015       │
├─────────────────────────────────────────────────────┼────────────────────┤
│          train/episode/rew collision/mean           │       -0.165       │
├─────────────────────────────────────────────────────┼────────────────────┤
│         train/episode/rew action rate/mean          │       -1.301       │
├─────────────────────────────────────────────────────┼────────────────────┤
│train/episode/rew tracking contacts shaped force/mean│       -4.273       │
├─────────────────────────────────────────────────────┼────────────────────┤
│ train/episode/rew tracking contacts shaped vel/mean │       -1.938       │
├─────────────────────────────────────────────────────┼────────────────────┤
│             train/episode/rew jump/mean             │       -2.165       │
├─────────────────────────────────────────────────────┼────────────────────┤
│        train/episode/rew dof pos limits/mean        │       -0.287       │
├─────────────────────────────────────────────────────┼────────────────────┤
│          train/episode/rew feet slip/mean           │       -0.254       │
├─────────────────────────────────────────────────────┼────────────────────┤
│  train/episode/rew feet clearance cmd linear/mean   │       -2.989       │
├─────────────────────────────────────────────────────┼────────────────────┤
│     train/episode/rew action smoothness 1/mean      │       -0.588       │
├─────────────────────────────────────────────────────┼────────────────────┤
│     train/episode/rew action smoothness 2/mean      │       -0.831       │
├─────────────────────────────────────────────────────┼────────────────────┤
│      train/episode/rew raibert heuristic/mean       │       -1.878       │
├─────────────────────────────────────────────────────┼────────────────────┤
│     train/episode/rew orientation control/mean      │         0.         │
├─────────────────────────────────────────────────────┼────────────────────┤
│            train/episode/rew total/mean             │       11.332       │
├─────────────────────────────────────────────────────┼────────────────────┤
│       train/episode/min command duration/mean       │        0.5         │
├─────────────────────────────────────────────────────┼────────────────────┤
│       train/episode/max command duration/mean       │        0.5         │
├─────────────────────────────────────────────────────┼────────────────────┤
│        train/episode/min command bound/mean         │         0.         │
├─────────────────────────────────────────────────────┼────────────────────┤
│        train/episode/max command bound/mean         │         0.         │
├─────────────────────────────────────────────────────┼────────────────────┤
│        train/episode/min command offset/mean        │         0.         │
├─────────────────────────────────────────────────────┼────────────────────┤
│        train/episode/max command offset/mean        │         0.         │
├─────────────────────────────────────────────────────┼────────────────────┤
│        train/episode/min command phase/mean         │        0.5         │
├─────────────────────────────────────────────────────┼────────────────────┤
│        train/episode/max command phase/mean         │        0.5         │
├─────────────────────────────────────────────────────┼────────────────────┤
│         train/episode/min command freq/mean         │         2.         │
├─────────────────────────────────────────────────────┼────────────────────┤
│         train/episode/max command freq/mean         │         4.         │
├─────────────────────────────────────────────────────┼────────────────────┤
│        train/episode/min command x vel/mean         │       -1.044       │
├─────────────────────────────────────────────────────┼────────────────────┤
│        train/episode/max command x vel/mean         │       1.047        │
├─────────────────────────────────────────────────────┼────────────────────┤
│        train/episode/min command y vel/mean         │        -0.2        │
├─────────────────────────────────────────────────────┼────────────────────┤
│        train/episode/max command y vel/mean         │        0.2         │
├─────────────────────────────────────────────────────┼────────────────────┤
│       train/episode/min command yaw vel/mean        │       -1.046       │
├─────────────────────────────────────────────────────┼────────────────────┤
│       train/episode/max command yaw vel/mean        │       1.047        │
├─────────────────────────────────────────────────────┼────────────────────┤
│     train/episode/min command swing height/mean     │        0.03        │
├─────────────────────────────────────────────────────┼────────────────────┤
│     train/episode/max command swing height/mean     │        0.35        │
├─────────────────────────────────────────────────────┼────────────────────┤
│        train/episode/command area trot/mean         │       0.274        │
├─────────────────────────────────────────────────────┼────────────────────┤
│            train/episode/min action/mean            │       -6.382       │
├─────────────────────────────────────────────────────┼────────────────────┤
│            train/episode/max action/mean            │       4.837        │
├─────────────────────────────────────────────────────┼────────────────────┤
│                  time elapsed/mean                  │      862.439       │
├─────────────────────────────────────────────────────┼────────────────────┤
│                   time iter/mean                    │       2.095        │
├─────────────────────────────────────────────────────┼────────────────────┤
│                mean value loss/mean                 │       0.001        │
├─────────────────────────────────────────────────────┼────────────────────┤
│              mean surrogate loss/mean               │       -0.008       │
├─────────────────────────────────────────────────────┼────────────────────┤
│               mean decoder loss/mean                │         0.         │
├─────────────────────────────────────────────────────┼────────────────────┤
│           mean decoder loss student/mean            │         0.         │
├─────────────────────────────────────────────────────┼────────────────────┤
│             mean decoder test loss/mean             │         0.         │
├─────────────────────────────────────────────────────┼────────────────────┤
│         mean decoder test loss student/mean         │         0.         │
├─────────────────────────────────────────────────────┼────────────────────┤
│                      timesteps                      │      40402944      │
├─────────────────────────────────────────────────────┼────────────────────┤
│                     iterations                      │        410         │
╘═════════════════════════════════════════════════════╧════════════════════╛

══════════════════════════════════════════
[33m        job         [0m
────────────────────┬─────────────────────
       status       │ running             
      runTime       │ 2025-07-07 11:49:18.755182
════════════════════╧═════════════════════
╒═════════════════════════════════════════════════════╤════════════════════╕
│       train/episode/rew tracking lin vel/mean       │       17.855       │
├─────────────────────────────────────────────────────┼────────────────────┤
│       train/episode/rew tracking ang vel/mean       │       8.139        │
├─────────────────────────────────────────────────────┼────────────────────┤
│          train/episode/rew lin vel z/mean           │       -0.037       │
├─────────────────────────────────────────────────────┼────────────────────┤
│          train/episode/rew ang vel xy/mean          │       -0.023       │
├─────────────────────────────────────────────────────┼────────────────────┤
│           train/episode/rew torques/mean            │       -2.767       │
├─────────────────────────────────────────────────────┼────────────────────┤
│           train/episode/rew dof vel/mean            │       -0.216       │
├─────────────────────────────────────────────────────┼────────────────────┤
│           train/episode/rew dof acc/mean            │       -1.007       │
├─────────────────────────────────────────────────────┼────────────────────┤
│          train/episode/rew collision/mean           │       -0.155       │
├─────────────────────────────────────────────────────┼────────────────────┤
│         train/episode/rew action rate/mean          │       -1.29        │
├─────────────────────────────────────────────────────┼────────────────────┤
│train/episode/rew tracking contacts shaped force/mean│       -4.203       │
├─────────────────────────────────────────────────────┼────────────────────┤
│ train/episode/rew tracking contacts shaped vel/mean │       -1.92        │
├─────────────────────────────────────────────────────┼────────────────────┤
│             train/episode/rew jump/mean             │       -2.092       │
├─────────────────────────────────────────────────────┼────────────────────┤
│        train/episode/rew dof pos limits/mean        │       -0.263       │
├─────────────────────────────────────────────────────┼────────────────────┤
│          train/episode/rew feet slip/mean           │       -0.237       │
├─────────────────────────────────────────────────────┼────────────────────┤
│  train/episode/rew feet clearance cmd linear/mean   │       -2.984       │
├─────────────────────────────────────────────────────┼────────────────────┤
│     train/episode/rew action smoothness 1/mean      │       -0.582       │
├─────────────────────────────────────────────────────┼────────────────────┤
│     train/episode/rew action smoothness 2/mean      │       -0.819       │
├─────────────────────────────────────────────────────┼────────────────────┤
│      train/episode/rew raibert heuristic/mean       │       -1.802       │
├─────────────────────────────────────────────────────┼────────────────────┤
│     train/episode/rew orientation control/mean      │         0.         │
├─────────────────────────────────────────────────────┼────────────────────┤
│            train/episode/rew total/mean             │       11.379       │
├─────────────────────────────────────────────────────┼────────────────────┤
│       train/episode/min command duration/mean       │        0.5         │
├─────────────────────────────────────────────────────┼────────────────────┤
│       train/episode/max command duration/mean       │        0.5         │
├─────────────────────────────────────────────────────┼────────────────────┤
│        train/episode/min command bound/mean         │         0.         │
├─────────────────────────────────────────────────────┼────────────────────┤
│        train/episode/max command bound/mean         │         0.         │
├─────────────────────────────────────────────────────┼────────────────────┤
│        train/episode/min command offset/mean        │         0.         │
├─────────────────────────────────────────────────────┼────────────────────┤
│        train/episode/max command offset/mean        │         0.         │
├─────────────────────────────────────────────────────┼────────────────────┤
│        train/episode/min command phase/mean         │        0.5         │
├─────────────────────────────────────────────────────┼────────────────────┤
│        train/episode/max command phase/mean         │        0.5         │
├─────────────────────────────────────────────────────┼────────────────────┤
│         train/episode/min command freq/mean         │       2.001        │
├─────────────────────────────────────────────────────┼────────────────────┤
│         train/episode/max command freq/mean         │         4.         │
├─────────────────────────────────────────────────────┼────────────────────┤
│        train/episode/min command x vel/mean         │       -1.044       │
├─────────────────────────────────────────────────────┼────────────────────┤
│        train/episode/max command x vel/mean         │       1.047        │
├─────────────────────────────────────────────────────┼────────────────────┤
│        train/episode/min command y vel/mean         │        -0.2        │
├─────────────────────────────────────────────────────┼────────────────────┤
│        train/episode/max command y vel/mean         │        0.2         │
├─────────────────────────────────────────────────────┼────────────────────┤
│       train/episode/min command yaw vel/mean        │       -1.047       │
├─────────────────────────────────────────────────────┼────────────────────┤
│       train/episode/max command yaw vel/mean        │       1.047        │
├─────────────────────────────────────────────────────┼────────────────────┤
│     train/episode/min command swing height/mean     │        0.03        │
├─────────────────────────────────────────────────────┼────────────────────┤
│     train/episode/max command swing height/mean     │        0.35        │
├─────────────────────────────────────────────────────┼────────────────────┤
│        train/episode/command area trot/mean         │       0.274        │
├─────────────────────────────────────────────────────┼────────────────────┤
│            train/episode/min action/mean            │       -6.354       │
├─────────────────────────────────────────────────────┼────────────────────┤
│            train/episode/max action/mean            │       4.887        │
├─────────────────────────────────────────────────────┼────────────────────┤
│                  time elapsed/mean                  │      883.544       │
├─────────────────────────────────────────────────────┼────────────────────┤
│                   time iter/mean                    │       2.219        │
├─────────────────────────────────────────────────────┼────────────────────┤
│                mean value loss/mean                 │       0.002        │
├─────────────────────────────────────────────────────┼────────────────────┤
│              mean surrogate loss/mean               │       -0.008       │
├─────────────────────────────────────────────────────┼────────────────────┤
│               mean decoder loss/mean                │         0.         │
├─────────────────────────────────────────────────────┼────────────────────┤
│           mean decoder loss student/mean            │         0.         │
├─────────────────────────────────────────────────────┼────────────────────┤
│             mean decoder test loss/mean             │         0.         │
├─────────────────────────────────────────────────────┼────────────────────┤
│         mean decoder test loss student/mean         │         0.         │
├─────────────────────────────────────────────────────┼────────────────────┤
│                      timesteps                      │      41385984      │
├─────────────────────────────────────────────────────┼────────────────────┤
│                     iterations                      │        420         │
╘═════════════════════════════════════════════════════╧════════════════════╛

══════════════════════════════════════════
[33m        job         [0m
────────────────────┬─────────────────────
       status       │ running             
      runTime       │ 2025-07-07 11:49:40.944612
════════════════════╧═════════════════════
╒═════════════════════════════════════════════════════╤════════════════════╕
│       train/episode/rew tracking lin vel/mean       │       17.674       │
├─────────────────────────────────────────────────────┼────────────────────┤
│       train/episode/rew tracking ang vel/mean       │       8.078        │
├─────────────────────────────────────────────────────┼────────────────────┤
│          train/episode/rew lin vel z/mean           │       -0.036       │
├─────────────────────────────────────────────────────┼────────────────────┤
│          train/episode/rew ang vel xy/mean          │       -0.023       │
├─────────────────────────────────────────────────────┼────────────────────┤
│           train/episode/rew torques/mean            │       -2.744       │
├─────────────────────────────────────────────────────┼────────────────────┤
│           train/episode/rew dof vel/mean            │       -0.215       │
├─────────────────────────────────────────────────────┼────────────────────┤
│           train/episode/rew dof acc/mean            │       -1.028       │
├─────────────────────────────────────────────────────┼────────────────────┤
│          train/episode/rew collision/mean           │       -0.192       │
├─────────────────────────────────────────────────────┼────────────────────┤
│         train/episode/rew action rate/mean          │       -1.305       │
├─────────────────────────────────────────────────────┼────────────────────┤
│train/episode/rew tracking contacts shaped force/mean│       -4.216       │
├─────────────────────────────────────────────────────┼────────────────────┤
│ train/episode/rew tracking contacts shaped vel/mean │       -1.921       │
├─────────────────────────────────────────────────────┼────────────────────┤
│             train/episode/rew jump/mean             │       -2.032       │
├─────────────────────────────────────────────────────┼────────────────────┤
│        train/episode/rew dof pos limits/mean        │       -0.236       │
├─────────────────────────────────────────────────────┼────────────────────┤
│          train/episode/rew feet slip/mean           │       -0.248       │
├─────────────────────────────────────────────────────┼────────────────────┤
│  train/episode/rew feet clearance cmd linear/mean   │       -2.913       │
├─────────────────────────────────────────────────────┼────────────────────┤
│     train/episode/rew action smoothness 1/mean      │       -0.592       │
├─────────────────────────────────────────────────────┼────────────────────┤
│     train/episode/rew action smoothness 2/mean      │       -0.827       │
├─────────────────────────────────────────────────────┼────────────────────┤
│      train/episode/rew raibert heuristic/mean       │       -1.877       │
├─────────────────────────────────────────────────────┼────────────────────┤
│     train/episode/rew orientation control/mean      │         0.         │
├─────────────────────────────────────────────────────┼────────────────────┤
│            train/episode/rew total/mean             │       11.241       │
├─────────────────────────────────────────────────────┼────────────────────┤
│       train/episode/min command duration/mean       │        0.5         │
├─────────────────────────────────────────────────────┼────────────────────┤
│       train/episode/max command duration/mean       │        0.5         │
├─────────────────────────────────────────────────────┼────────────────────┤
│        train/episode/min command bound/mean         │         0.         │
├─────────────────────────────────────────────────────┼────────────────────┤
│        train/episode/max command bound/mean         │         0.         │
├─────────────────────────────────────────────────────┼────────────────────┤
│        train/episode/min command offset/mean        │         0.         │
├─────────────────────────────────────────────────────┼────────────────────┤
│        train/episode/max command offset/mean        │         0.         │
├─────────────────────────────────────────────────────┼────────────────────┤
│        train/episode/min command phase/mean         │        0.5         │
├─────────────────────────────────────────────────────┼────────────────────┤
│        train/episode/max command phase/mean         │        0.5         │
├─────────────────────────────────────────────────────┼────────────────────┤
│         train/episode/min command freq/mean         │       2.001        │
├─────────────────────────────────────────────────────┼────────────────────┤
│         train/episode/max command freq/mean         │         4.         │
├─────────────────────────────────────────────────────┼────────────────────┤
│        train/episode/min command x vel/mean         │       -1.045       │
├─────────────────────────────────────────────────────┼────────────────────┤
│        train/episode/max command x vel/mean         │       1.048        │
├─────────────────────────────────────────────────────┼────────────────────┤
│        train/episode/min command y vel/mean         │        -0.2        │
├─────────────────────────────────────────────────────┼────────────────────┤
│        train/episode/max command y vel/mean         │        0.2         │
├─────────────────────────────────────────────────────┼────────────────────┤
│       train/episode/min command yaw vel/mean        │       -1.047       │
├─────────────────────────────────────────────────────┼────────────────────┤
│       train/episode/max command yaw vel/mean        │       1.047        │
├─────────────────────────────────────────────────────┼────────────────────┤
│     train/episode/min command swing height/mean     │        0.03        │
├─────────────────────────────────────────────────────┼────────────────────┤
│     train/episode/max command swing height/mean     │        0.35        │
├─────────────────────────────────────────────────────┼────────────────────┤
│        train/episode/command area trot/mean         │       0.274        │
├─────────────────────────────────────────────────────┼────────────────────┤
│            train/episode/min action/mean            │       -6.374       │
├─────────────────────────────────────────────────────┼────────────────────┤
│            train/episode/max action/mean            │       4.914        │
├─────────────────────────────────────────────────────┼────────────────────┤
│                  time elapsed/mean                  │      905.905       │
├─────────────────────────────────────────────────────┼────────────────────┤
│                   time iter/mean                    │       2.146        │
├─────────────────────────────────────────────────────┼────────────────────┤
│                mean value loss/mean                 │       0.001        │
├─────────────────────────────────────────────────────┼────────────────────┤
│              mean surrogate loss/mean               │       -0.009       │
├─────────────────────────────────────────────────────┼────────────────────┤
│               mean decoder loss/mean                │         0.         │
├─────────────────────────────────────────────────────┼────────────────────┤
│           mean decoder loss student/mean            │         0.         │
├─────────────────────────────────────────────────────┼────────────────────┤
│             mean decoder test loss/mean             │         0.         │
├─────────────────────────────────────────────────────┼────────────────────┤
│         mean decoder test loss student/mean         │         0.         │
├─────────────────────────────────────────────────────┼────────────────────┤
│                      timesteps                      │      42369024      │
├─────────────────────────────────────────────────────┼────────────────────┤
│                     iterations                      │        430         │
╘═════════════════════════════════════════════════════╧════════════════════╛

══════════════════════════════════════════
[33m        job         [0m
────────────────────┬─────────────────────
       status       │ running             
      runTime       │ 2025-07-07 11:50:02.412119
════════════════════╧═════════════════════
╒═════════════════════════════════════════════════════╤════════════════════╕
│       train/episode/rew tracking lin vel/mean       │       17.769       │
├─────────────────────────────────────────────────────┼────────────────────┤
│       train/episode/rew tracking ang vel/mean       │       8.089        │
├─────────────────────────────────────────────────────┼────────────────────┤
│          train/episode/rew lin vel z/mean           │       -0.036       │
├─────────────────────────────────────────────────────┼────────────────────┤
│          train/episode/rew ang vel xy/mean          │       -0.023       │
├─────────────────────────────────────────────────────┼────────────────────┤
│           train/episode/rew torques/mean            │       -2.772       │
├─────────────────────────────────────────────────────┼────────────────────┤
│           train/episode/rew dof vel/mean            │       -0.201       │
├─────────────────────────────────────────────────────┼────────────────────┤
│           train/episode/rew dof acc/mean            │       -0.942       │
├─────────────────────────────────────────────────────┼────────────────────┤
│          train/episode/rew collision/mean           │       -0.192       │
├─────────────────────────────────────────────────────┼────────────────────┤
│         train/episode/rew action rate/mean          │       -1.245       │
├─────────────────────────────────────────────────────┼────────────────────┤
│train/episode/rew tracking contacts shaped force/mean│       -4.339       │
├─────────────────────────────────────────────────────┼────────────────────┤
│ train/episode/rew tracking contacts shaped vel/mean │       -1.794       │
├─────────────────────────────────────────────────────┼────────────────────┤
│             train/episode/rew jump/mean             │       -2.224       │
├─────────────────────────────────────────────────────┼────────────────────┤
│        train/episode/rew dof pos limits/mean        │       -0.303       │
├─────────────────────────────────────────────────────┼────────────────────┤
│          train/episode/rew feet slip/mean           │       -0.244       │
├─────────────────────────────────────────────────────┼────────────────────┤
│  train/episode/rew feet clearance cmd linear/mean   │       -3.036       │
├─────────────────────────────────────────────────────┼────────────────────┤
│     train/episode/rew action smoothness 1/mean      │       -0.56        │
├─────────────────────────────────────────────────────┼────────────────────┤
│     train/episode/rew action smoothness 2/mean      │       -0.804       │
├─────────────────────────────────────────────────────┼────────────────────┤
│      train/episode/rew raibert heuristic/mean       │       -1.774       │
├─────────────────────────────────────────────────────┼────────────────────┤
│     train/episode/rew orientation control/mean      │         0.         │
├─────────────────────────────────────────────────────┼────────────────────┤
│            train/episode/rew total/mean             │       11.343       │
├─────────────────────────────────────────────────────┼────────────────────┤
│       train/episode/min command duration/mean       │        0.5         │
├─────────────────────────────────────────────────────┼────────────────────┤
│       train/episode/max command duration/mean       │        0.5         │
├─────────────────────────────────────────────────────┼────────────────────┤
│        train/episode/min command bound/mean         │         0.         │
├─────────────────────────────────────────────────────┼────────────────────┤
│        train/episode/max command bound/mean         │         0.         │
├─────────────────────────────────────────────────────┼────────────────────┤
│        train/episode/min command offset/mean        │         0.         │
├─────────────────────────────────────────────────────┼────────────────────┤
│        train/episode/max command offset/mean        │         0.         │
├─────────────────────────────────────────────────────┼────────────────────┤
│        train/episode/min command phase/mean         │        0.5         │
├─────────────────────────────────────────────────────┼────────────────────┤
│        train/episode/max command phase/mean         │        0.5         │
├─────────────────────────────────────────────────────┼────────────────────┤
│         train/episode/min command freq/mean         │       2.001        │
├─────────────────────────────────────────────────────┼────────────────────┤
│         train/episode/max command freq/mean         │         4.         │
├─────────────────────────────────────────────────────┼────────────────────┤
│        train/episode/min command x vel/mean         │       -1.047       │
├─────────────────────────────────────────────────────┼────────────────────┤
│        train/episode/max command x vel/mean         │       1.047        │
├─────────────────────────────────────────────────────┼────────────────────┤
│        train/episode/min command y vel/mean         │        -0.2        │
├─────────────────────────────────────────────────────┼────────────────────┤
│        train/episode/max command y vel/mean         │        0.2         │
├─────────────────────────────────────────────────────┼────────────────────┤
│       train/episode/min command yaw vel/mean        │       -1.047       │
├─────────────────────────────────────────────────────┼────────────────────┤
│       train/episode/max command yaw vel/mean        │       1.047        │
├─────────────────────────────────────────────────────┼────────────────────┤
│     train/episode/min command swing height/mean     │        0.03        │
├─────────────────────────────────────────────────────┼────────────────────┤
│     train/episode/max command swing height/mean     │        0.35        │
├─────────────────────────────────────────────────────┼────────────────────┤
│        train/episode/command area trot/mean         │       0.274        │
├─────────────────────────────────────────────────────┼────────────────────┤
│            train/episode/min action/mean            │       -6.387       │
├─────────────────────────────────────────────────────┼────────────────────┤
│            train/episode/max action/mean            │       4.961        │
├─────────────────────────────────────────────────────┼────────────────────┤
│                  time elapsed/mean                  │      927.076       │
├─────────────────────────────────────────────────────┼────────────────────┤
│                   time iter/mean                    │       2.117        │
├─────────────────────────────────────────────────────┼────────────────────┤
│                mean value loss/mean                 │       0.002        │
├─────────────────────────────────────────────────────┼────────────────────┤
│              mean surrogate loss/mean               │       -0.008       │
├─────────────────────────────────────────────────────┼────────────────────┤
│               mean decoder loss/mean                │         0.         │
├─────────────────────────────────────────────────────┼────────────────────┤
│           mean decoder loss student/mean            │         0.         │
├─────────────────────────────────────────────────────┼────────────────────┤
│             mean decoder test loss/mean             │         0.         │
├─────────────────────────────────────────────────────┼────────────────────┤
│         mean decoder test loss student/mean         │         0.         │
├─────────────────────────────────────────────────────┼────────────────────┤
│                      timesteps                      │      43352064      │
├─────────────────────────────────────────────────────┼────────────────────┤
│                     iterations                      │        440         │
╘═════════════════════════════════════════════════════╧════════════════════╛

══════════════════════════════════════════
[33m        job         [0m
────────────────────┬─────────────────────
       status       │ running             
      runTime       │ 2025-07-07 11:50:23.586980
════════════════════╧═════════════════════
╒═════════════════════════════════════════════════════╤════════════════════╕
│       train/episode/rew tracking lin vel/mean       │       17.736       │
├─────────────────────────────────────────────────────┼────────────────────┤
│       train/episode/rew tracking ang vel/mean       │       8.133        │
├─────────────────────────────────────────────────────┼────────────────────┤
│          train/episode/rew lin vel z/mean           │       -0.036       │
├─────────────────────────────────────────────────────┼────────────────────┤
│          train/episode/rew ang vel xy/mean          │       -0.023       │
├─────────────────────────────────────────────────────┼────────────────────┤
│           train/episode/rew torques/mean            │       -2.715       │
├─────────────────────────────────────────────────────┼────────────────────┤
│           train/episode/rew dof vel/mean            │       -0.208       │
├─────────────────────────────────────────────────────┼────────────────────┤
│           train/episode/rew dof acc/mean            │       -0.98        │
├─────────────────────────────────────────────────────┼────────────────────┤
│          train/episode/rew collision/mean           │       -0.23        │
├─────────────────────────────────────────────────────┼────────────────────┤
│         train/episode/rew action rate/mean          │       -1.272       │
├─────────────────────────────────────────────────────┼────────────────────┤
│train/episode/rew tracking contacts shaped force/mean│       -4.253       │
├─────────────────────────────────────────────────────┼────────────────────┤
│ train/episode/rew tracking contacts shaped vel/mean │       -1.82        │
├─────────────────────────────────────────────────────┼────────────────────┤
│             train/episode/rew jump/mean             │       -1.997       │
├─────────────────────────────────────────────────────┼────────────────────┤
│        train/episode/rew dof pos limits/mean        │       -0.259       │
├─────────────────────────────────────────────────────┼────────────────────┤
│          train/episode/rew feet slip/mean           │       -0.234       │
├─────────────────────────────────────────────────────┼────────────────────┤
│  train/episode/rew feet clearance cmd linear/mean   │       -3.005       │
├─────────────────────────────────────────────────────┼────────────────────┤
│     train/episode/rew action smoothness 1/mean      │       -0.576       │
├─────────────────────────────────────────────────────┼────────────────────┤
│     train/episode/rew action smoothness 2/mean      │       -0.815       │
├─────────────────────────────────────────────────────┼────────────────────┤
│      train/episode/rew raibert heuristic/mean       │       -1.78        │
├─────────────────────────────────────────────────────┼────────────────────┤
│     train/episode/rew orientation control/mean      │         0.         │
├─────────────────────────────────────────────────────┼────────────────────┤
│            train/episode/rew total/mean             │       11.439       │
├─────────────────────────────────────────────────────┼────────────────────┤
│       train/episode/min command duration/mean       │        0.5         │
├─────────────────────────────────────────────────────┼────────────────────┤
│       train/episode/max command duration/mean       │        0.5         │
├─────────────────────────────────────────────────────┼────────────────────┤
│        train/episode/min command bound/mean         │         0.         │
├─────────────────────────────────────────────────────┼────────────────────┤
│        train/episode/max command bound/mean         │         0.         │
├─────────────────────────────────────────────────────┼────────────────────┤
│        train/episode/min command offset/mean        │         0.         │
├─────────────────────────────────────────────────────┼────────────────────┤
│        train/episode/max command offset/mean        │         0.         │
├─────────────────────────────────────────────────────┼────────────────────┤
│        train/episode/min command phase/mean         │        0.5         │
├─────────────────────────────────────────────────────┼────────────────────┤
│        train/episode/max command phase/mean         │        0.5         │
├─────────────────────────────────────────────────────┼────────────────────┤
│         train/episode/min command freq/mean         │       2.001        │
├─────────────────────────────────────────────────────┼────────────────────┤
│         train/episode/max command freq/mean         │       3.999        │
├─────────────────────────────────────────────────────┼────────────────────┤
│        train/episode/min command x vel/mean         │       -1.047       │
├─────────────────────────────────────────────────────┼────────────────────┤
│        train/episode/max command x vel/mean         │       1.047        │
├─────────────────────────────────────────────────────┼────────────────────┤
│        train/episode/min command y vel/mean         │        -0.2        │
├─────────────────────────────────────────────────────┼────────────────────┤
│        train/episode/max command y vel/mean         │        0.2         │
├─────────────────────────────────────────────────────┼────────────────────┤
│       train/episode/min command yaw vel/mean        │       -1.047       │
├─────────────────────────────────────────────────────┼────────────────────┤
│       train/episode/max command yaw vel/mean        │       1.047        │
├─────────────────────────────────────────────────────┼────────────────────┤
│     train/episode/min command swing height/mean     │        0.03        │
├─────────────────────────────────────────────────────┼────────────────────┤
│     train/episode/max command swing height/mean     │        0.35        │
├─────────────────────────────────────────────────────┼────────────────────┤
│        train/episode/command area trot/mean         │       0.274        │
├─────────────────────────────────────────────────────┼────────────────────┤
│            train/episode/min action/mean            │       -6.524       │
├─────────────────────────────────────────────────────┼────────────────────┤
│            train/episode/max action/mean            │       4.993        │
├─────────────────────────────────────────────────────┼────────────────────┤
│                  time elapsed/mean                  │      948.223       │
├─────────────────────────────────────────────────────┼────────────────────┤
│                   time iter/mean                    │        2.1         │
├─────────────────────────────────────────────────────┼────────────────────┤
│                mean value loss/mean                 │       0.001        │
├─────────────────────────────────────────────────────┼────────────────────┤
│              mean surrogate loss/mean               │       -0.008       │
├─────────────────────────────────────────────────────┼────────────────────┤
│               mean decoder loss/mean                │         0.         │
├─────────────────────────────────────────────────────┼────────────────────┤
│           mean decoder loss student/mean            │         0.         │
├─────────────────────────────────────────────────────┼────────────────────┤
│             mean decoder test loss/mean             │         0.         │
├─────────────────────────────────────────────────────┼────────────────────┤
│         mean decoder test loss student/mean         │         0.         │
├─────────────────────────────────────────────────────┼────────────────────┤
│                      timesteps                      │      44335104      │
├─────────────────────────────────────────────────────┼────────────────────┤
│                     iterations                      │        450         │
╘═════════════════════════════════════════════════════╧════════════════════╛

══════════════════════════════════════════
[33m        job         [0m
────────────────────┬─────────────────────
       status       │ running             
      runTime       │ 2025-07-07 11:50:44.590937
════════════════════╧═════════════════════
╒═════════════════════════════════════════════════════╤════════════════════╕
│       train/episode/rew tracking lin vel/mean       │       17.771       │
├─────────────────────────────────────────────────────┼────────────────────┤
│       train/episode/rew tracking ang vel/mean       │       8.168        │
├─────────────────────────────────────────────────────┼────────────────────┤
│          train/episode/rew lin vel z/mean           │       -0.036       │
├─────────────────────────────────────────────────────┼────────────────────┤
│          train/episode/rew ang vel xy/mean          │       -0.022       │
├─────────────────────────────────────────────────────┼────────────────────┤
│           train/episode/rew torques/mean            │       -2.756       │
├─────────────────────────────────────────────────────┼────────────────────┤
│           train/episode/rew dof vel/mean            │       -0.218       │
├─────────────────────────────────────────────────────┼────────────────────┤
│           train/episode/rew dof acc/mean            │       -1.044       │
├─────────────────────────────────────────────────────┼────────────────────┤
│          train/episode/rew collision/mean           │       -0.205       │
├─────────────────────────────────────────────────────┼────────────────────┤
│         train/episode/rew action rate/mean          │       -1.316       │
├─────────────────────────────────────────────────────┼────────────────────┤
│train/episode/rew tracking contacts shaped force/mean│       -4.249       │
├─────────────────────────────────────────────────────┼────────────────────┤
│ train/episode/rew tracking contacts shaped vel/mean │       -1.887       │
├─────────────────────────────────────────────────────┼────────────────────┤
│             train/episode/rew jump/mean             │       -1.773       │
├─────────────────────────────────────────────────────┼────────────────────┤
│        train/episode/rew dof pos limits/mean        │       -0.264       │
├─────────────────────────────────────────────────────┼────────────────────┤
│          train/episode/rew feet slip/mean           │       -0.248       │
├─────────────────────────────────────────────────────┼────────────────────┤
│  train/episode/rew feet clearance cmd linear/mean   │       -3.199       │
├─────────────────────────────────────────────────────┼────────────────────┤
│     train/episode/rew action smoothness 1/mean      │       -0.601       │
├─────────────────────────────────────────────────────┼────────────────────┤
│     train/episode/rew action smoothness 2/mean      │       -0.837       │
├─────────────────────────────────────────────────────┼────────────────────┤
│      train/episode/rew raibert heuristic/mean       │       -1.85        │
├─────────────────────────────────────────────────────┼────────────────────┤
│     train/episode/rew orientation control/mean      │         0.         │
├─────────────────────────────────────────────────────┼────────────────────┤
│            train/episode/rew total/mean             │       11.383       │
├─────────────────────────────────────────────────────┼────────────────────┤
│       train/episode/min command duration/mean       │        0.5         │
├─────────────────────────────────────────────────────┼────────────────────┤
│       train/episode/max command duration/mean       │        0.5         │
├─────────────────────────────────────────────────────┼────────────────────┤
│        train/episode/min command bound/mean         │         0.         │
├─────────────────────────────────────────────────────┼────────────────────┤
│        train/episode/max command bound/mean         │         0.         │
├─────────────────────────────────────────────────────┼────────────────────┤
│        train/episode/min command offset/mean        │         0.         │
├─────────────────────────────────────────────────────┼────────────────────┤
│        train/episode/max command offset/mean        │         0.         │
├─────────────────────────────────────────────────────┼────────────────────┤
│        train/episode/min command phase/mean         │        0.5         │
├─────────────────────────────────────────────────────┼────────────────────┤
│        train/episode/max command phase/mean         │        0.5         │
├─────────────────────────────────────────────────────┼────────────────────┤
│         train/episode/min command freq/mean         │       2.001        │
├─────────────────────────────────────────────────────┼────────────────────┤
│         train/episode/max command freq/mean         │       3.999        │
├─────────────────────────────────────────────────────┼────────────────────┤
│        train/episode/min command x vel/mean         │       -1.047       │
├─────────────────────────────────────────────────────┼────────────────────┤
│        train/episode/max command x vel/mean         │       1.048        │
├─────────────────────────────────────────────────────┼────────────────────┤
│        train/episode/min command y vel/mean         │        -0.2        │
├─────────────────────────────────────────────────────┼────────────────────┤
│        train/episode/max command y vel/mean         │        0.2         │
├─────────────────────────────────────────────────────┼────────────────────┤
│       train/episode/min command yaw vel/mean        │       -1.047       │
├─────────────────────────────────────────────────────┼────────────────────┤
│       train/episode/max command yaw vel/mean        │       1.047        │
├─────────────────────────────────────────────────────┼────────────────────┤
│     train/episode/min command swing height/mean     │        0.03        │
├─────────────────────────────────────────────────────┼────────────────────┤
│     train/episode/max command swing height/mean     │        0.35        │
├─────────────────────────────────────────────────────┼────────────────────┤
│        train/episode/command area trot/mean         │       0.274        │
├─────────────────────────────────────────────────────┼────────────────────┤
│            train/episode/min action/mean            │       -6.564       │
├─────────────────────────────────────────────────────┼────────────────────┤
│            train/episode/max action/mean            │        5.01        │
├─────────────────────────────────────────────────────┼────────────────────┤
│                  time elapsed/mean                  │      969.122       │
├─────────────────────────────────────────────────────┼────────────────────┤
│                   time iter/mean                    │       2.167        │
├─────────────────────────────────────────────────────┼────────────────────┤
│                mean value loss/mean                 │       0.002        │
├─────────────────────────────────────────────────────┼────────────────────┤
│              mean surrogate loss/mean               │       -0.007       │
├─────────────────────────────────────────────────────┼────────────────────┤
│               mean decoder loss/mean                │         0.         │
├─────────────────────────────────────────────────────┼────────────────────┤
│           mean decoder loss student/mean            │         0.         │
├─────────────────────────────────────────────────────┼────────────────────┤
│             mean decoder test loss/mean             │         0.         │
├─────────────────────────────────────────────────────┼────────────────────┤
│         mean decoder test loss student/mean         │         0.         │
├─────────────────────────────────────────────────────┼────────────────────┤
│                      timesteps                      │      45318144      │
├─────────────────────────────────────────────────────┼────────────────────┤
│                     iterations                      │        460         │
╘═════════════════════════════════════════════════════╧════════════════════╛

══════════════════════════════════════════
[33m        job         [0m
────────────────────┬─────────────────────
       status       │ running             
      runTime       │ 2025-07-07 11:51:06.261919
════════════════════╧═════════════════════
╒═════════════════════════════════════════════════════╤════════════════════╕
│       train/episode/rew tracking lin vel/mean       │       17.55        │
├─────────────────────────────────────────────────────┼────────────────────┤
│       train/episode/rew tracking ang vel/mean       │       8.037        │
├─────────────────────────────────────────────────────┼────────────────────┤
│          train/episode/rew lin vel z/mean           │       -0.035       │
├─────────────────────────────────────────────────────┼────────────────────┤
│          train/episode/rew ang vel xy/mean          │       -0.023       │
├─────────────────────────────────────────────────────┼────────────────────┤
│           train/episode/rew torques/mean            │       -2.721       │
├─────────────────────────────────────────────────────┼────────────────────┤
│           train/episode/rew dof vel/mean            │       -0.217       │
├─────────────────────────────────────────────────────┼────────────────────┤
│           train/episode/rew dof acc/mean            │       -1.032       │
├─────────────────────────────────────────────────────┼────────────────────┤
│          train/episode/rew collision/mean           │       -0.227       │
├─────────────────────────────────────────────────────┼────────────────────┤
│         train/episode/rew action rate/mean          │        -1.3        │
├─────────────────────────────────────────────────────┼────────────────────┤
│train/episode/rew tracking contacts shaped force/mean│       -4.127       │
├─────────────────────────────────────────────────────┼────────────────────┤
│ train/episode/rew tracking contacts shaped vel/mean │       -1.896       │
├─────────────────────────────────────────────────────┼────────────────────┤
│             train/episode/rew jump/mean             │       -1.813       │
├─────────────────────────────────────────────────────┼────────────────────┤
│        train/episode/rew dof pos limits/mean        │       -0.284       │
├─────────────────────────────────────────────────────┼────────────────────┤
│          train/episode/rew feet slip/mean           │       -0.235       │
├─────────────────────────────────────────────────────┼────────────────────┤
│  train/episode/rew feet clearance cmd linear/mean   │       -2.934       │
├─────────────────────────────────────────────────────┼────────────────────┤
│     train/episode/rew action smoothness 1/mean      │       -0.591       │
├─────────────────────────────────────────────────────┼────────────────────┤
│     train/episode/rew action smoothness 2/mean      │       -0.825       │
├─────────────────────────────────────────────────────┼────────────────────┤
│      train/episode/rew raibert heuristic/mean       │       -1.804       │
├─────────────────────────────────────────────────────┼────────────────────┤
│     train/episode/rew orientation control/mean      │         0.         │
├─────────────────────────────────────────────────────┼────────────────────┤
│            train/episode/rew total/mean             │       11.319       │
├─────────────────────────────────────────────────────┼────────────────────┤
│       train/episode/min command duration/mean       │        0.5         │
├─────────────────────────────────────────────────────┼────────────────────┤
│       train/episode/max command duration/mean       │        0.5         │
├─────────────────────────────────────────────────────┼────────────────────┤
│        train/episode/min command bound/mean         │         0.         │
├─────────────────────────────────────────────────────┼────────────────────┤
│        train/episode/max command bound/mean         │         0.         │
├─────────────────────────────────────────────────────┼────────────────────┤
│        train/episode/min command offset/mean        │         0.         │
├─────────────────────────────────────────────────────┼────────────────────┤
│        train/episode/max command offset/mean        │         0.         │
├─────────────────────────────────────────────────────┼────────────────────┤
│        train/episode/min command phase/mean         │        0.5         │
├─────────────────────────────────────────────────────┼────────────────────┤
│        train/episode/max command phase/mean         │        0.5         │
├─────────────────────────────────────────────────────┼────────────────────┤
│         train/episode/min command freq/mean         │         2.         │
├─────────────────────────────────────────────────────┼────────────────────┤
│         train/episode/max command freq/mean         │         4.         │
├─────────────────────────────────────────────────────┼────────────────────┤
│        train/episode/min command x vel/mean         │       -1.047       │
├─────────────────────────────────────────────────────┼────────────────────┤
│        train/episode/max command x vel/mean         │       1.047        │
├─────────────────────────────────────────────────────┼────────────────────┤
│        train/episode/min command y vel/mean         │        -0.2        │
├─────────────────────────────────────────────────────┼────────────────────┤
│        train/episode/max command y vel/mean         │        0.2         │
├─────────────────────────────────────────────────────┼────────────────────┤
│       train/episode/min command yaw vel/mean        │       -1.046       │
├─────────────────────────────────────────────────────┼────────────────────┤
│       train/episode/max command yaw vel/mean        │       1.047        │
├─────────────────────────────────────────────────────┼────────────────────┤
│     train/episode/min command swing height/mean     │        0.03        │
├─────────────────────────────────────────────────────┼────────────────────┤
│     train/episode/max command swing height/mean     │        0.35        │
├─────────────────────────────────────────────────────┼────────────────────┤
│        train/episode/command area trot/mean         │       0.274        │
├─────────────────────────────────────────────────────┼────────────────────┤
│            train/episode/min action/mean            │       -6.695       │
├─────────────────────────────────────────────────────┼────────────────────┤
│            train/episode/max action/mean            │       5.108        │
├─────────────────────────────────────────────────────┼────────────────────┤
│                  time elapsed/mean                  │      991.687       │
├─────────────────────────────────────────────────────┼────────────────────┤
│                   time iter/mean                    │       2.204        │
├─────────────────────────────────────────────────────┼────────────────────┤
│                mean value loss/mean                 │       0.001        │
├─────────────────────────────────────────────────────┼────────────────────┤
│              mean surrogate loss/mean               │       -0.009       │
├─────────────────────────────────────────────────────┼────────────────────┤
│               mean decoder loss/mean                │         0.         │
├─────────────────────────────────────────────────────┼────────────────────┤
│           mean decoder loss student/mean            │         0.         │
├─────────────────────────────────────────────────────┼────────────────────┤
│             mean decoder test loss/mean             │         0.         │
├─────────────────────────────────────────────────────┼────────────────────┤
│         mean decoder test loss student/mean         │         0.         │
├─────────────────────────────────────────────────────┼────────────────────┤
│                      timesteps                      │      46301184      │
├─────────────────────────────────────────────────────┼────────────────────┤
│                     iterations                      │        470         │
╘═════════════════════════════════════════════════════╧════════════════════╛

══════════════════════════════════════════
[33m        job         [0m
────────────────────┬─────────────────────
       status       │ running             
      runTime       │ 2025-07-07 11:51:28.300982
════════════════════╧═════════════════════
╒═════════════════════════════════════════════════════╤════════════════════╕
│       train/episode/rew tracking lin vel/mean       │       17.734       │
├─────────────────────────────────────────────────────┼────────────────────┤
│       train/episode/rew tracking ang vel/mean       │       8.091        │
├─────────────────────────────────────────────────────┼────────────────────┤
│          train/episode/rew lin vel z/mean           │       -0.035       │
├─────────────────────────────────────────────────────┼────────────────────┤
│          train/episode/rew ang vel xy/mean          │       -0.023       │
├─────────────────────────────────────────────────────┼────────────────────┤
│           train/episode/rew torques/mean            │       -2.799       │
├─────────────────────────────────────────────────────┼────────────────────┤
│           train/episode/rew dof vel/mean            │       -0.211       │
├─────────────────────────────────────────────────────┼────────────────────┤
│           train/episode/rew dof acc/mean            │       -0.987       │
├─────────────────────────────────────────────────────┼────────────────────┤
│          train/episode/rew collision/mean           │       -0.314       │
├─────────────────────────────────────────────────────┼────────────────────┤
│         train/episode/rew action rate/mean          │       -1.276       │
├─────────────────────────────────────────────────────┼────────────────────┤
│train/episode/rew tracking contacts shaped force/mean│       -4.281       │
├─────────────────────────────────────────────────────┼────────────────────┤
│ train/episode/rew tracking contacts shaped vel/mean │       -1.826       │
├─────────────────────────────────────────────────────┼────────────────────┤
│             train/episode/rew jump/mean             │       -1.97        │
├─────────────────────────────────────────────────────┼────────────────────┤
│        train/episode/rew dof pos limits/mean        │       -0.424       │
├─────────────────────────────────────────────────────┼────────────────────┤
│          train/episode/rew feet slip/mean           │       -0.238       │
├─────────────────────────────────────────────────────┼────────────────────┤
│  train/episode/rew feet clearance cmd linear/mean   │       -3.144       │
├─────────────────────────────────────────────────────┼────────────────────┤
│     train/episode/rew action smoothness 1/mean      │       -0.576       │
├─────────────────────────────────────────────────────┼────────────────────┤
│     train/episode/rew action smoothness 2/mean      │       -0.819       │
├─────────────────────────────────────────────────────┼────────────────────┤
│      train/episode/rew raibert heuristic/mean       │       -1.881       │
├─────────────────────────────────────────────────────┼────────────────────┤
│     train/episode/rew orientation control/mean      │         0.         │
├─────────────────────────────────────────────────────┼────────────────────┤
│            train/episode/rew total/mean             │       11.222       │
├─────────────────────────────────────────────────────┼────────────────────┤
│       train/episode/min command duration/mean       │        0.5         │
├─────────────────────────────────────────────────────┼────────────────────┤
│       train/episode/max command duration/mean       │        0.5         │
├─────────────────────────────────────────────────────┼────────────────────┤
│        train/episode/min command bound/mean         │         0.         │
├─────────────────────────────────────────────────────┼────────────────────┤
│        train/episode/max command bound/mean         │         0.         │
├─────────────────────────────────────────────────────┼────────────────────┤
│        train/episode/min command offset/mean        │         0.         │
├─────────────────────────────────────────────────────┼────────────────────┤
│        train/episode/max command offset/mean        │         0.         │
├─────────────────────────────────────────────────────┼────────────────────┤
│        train/episode/min command phase/mean         │        0.5         │
├─────────────────────────────────────────────────────┼────────────────────┤
│        train/episode/max command phase/mean         │        0.5         │
├─────────────────────────────────────────────────────┼────────────────────┤
│         train/episode/min command freq/mean         │         2.         │
├─────────────────────────────────────────────────────┼────────────────────┤
│         train/episode/max command freq/mean         │         4.         │
├─────────────────────────────────────────────────────┼────────────────────┤
│        train/episode/min command x vel/mean         │       -1.047       │
├─────────────────────────────────────────────────────┼────────────────────┤
│        train/episode/max command x vel/mean         │       1.047        │
├─────────────────────────────────────────────────────┼────────────────────┤
│        train/episode/min command y vel/mean         │        -0.2        │
├─────────────────────────────────────────────────────┼────────────────────┤
│        train/episode/max command y vel/mean         │        0.2         │
├─────────────────────────────────────────────────────┼────────────────────┤
│       train/episode/min command yaw vel/mean        │       -1.045       │
├─────────────────────────────────────────────────────┼────────────────────┤
│       train/episode/max command yaw vel/mean        │       1.047        │
├─────────────────────────────────────────────────────┼────────────────────┤
│     train/episode/min command swing height/mean     │        0.03        │
├─────────────────────────────────────────────────────┼────────────────────┤
│     train/episode/max command swing height/mean     │        0.35        │
├─────────────────────────────────────────────────────┼────────────────────┤
│        train/episode/command area trot/mean         │       0.274        │
├─────────────────────────────────────────────────────┼────────────────────┤
│            train/episode/min action/mean            │       -6.769       │
├─────────────────────────────────────────────────────┼────────────────────┤
│            train/episode/max action/mean            │       5.126        │
├─────────────────────────────────────────────────────┼────────────────────┤
│                  time elapsed/mean                  │      1013.003      │
├─────────────────────────────────────────────────────┼────────────────────┤
│                   time iter/mean                    │       2.124        │
├─────────────────────────────────────────────────────┼────────────────────┤
│                mean value loss/mean                 │       0.001        │
├─────────────────────────────────────────────────────┼────────────────────┤
│              mean surrogate loss/mean               │       -0.007       │
├─────────────────────────────────────────────────────┼────────────────────┤
│               mean decoder loss/mean                │         0.         │
├─────────────────────────────────────────────────────┼────────────────────┤
│           mean decoder loss student/mean            │         0.         │
├─────────────────────────────────────────────────────┼────────────────────┤
│             mean decoder test loss/mean             │         0.         │
├─────────────────────────────────────────────────────┼────────────────────┤
│         mean decoder test loss student/mean         │         0.         │
├─────────────────────────────────────────────────────┼────────────────────┤
│                      timesteps                      │      47284224      │
├─────────────────────────────────────────────────────┼────────────────────┤
│                     iterations                      │        480         │
╘═════════════════════════════════════════════════════╧════════════════════╛

══════════════════════════════════════════
[33m        job         [0m
────────────────────┬─────────────────────
       status       │ running             
      runTime       │ 2025-07-07 11:51:49.540311
════════════════════╧═════════════════════
╒═════════════════════════════════════════════════════╤════════════════════╕
│       train/episode/rew tracking lin vel/mean       │       17.692       │
├─────────────────────────────────────────────────────┼────────────────────┤
│       train/episode/rew tracking ang vel/mean       │       8.116        │
├─────────────────────────────────────────────────────┼────────────────────┤
│          train/episode/rew lin vel z/mean           │       -0.036       │
├─────────────────────────────────────────────────────┼────────────────────┤
│          train/episode/rew ang vel xy/mean          │       -0.023       │
├─────────────────────────────────────────────────────┼────────────────────┤
│           train/episode/rew torques/mean            │       -2.729       │
├─────────────────────────────────────────────────────┼────────────────────┤
│           train/episode/rew dof vel/mean            │       -0.222       │
├─────────────────────────────────────────────────────┼────────────────────┤
│           train/episode/rew dof acc/mean            │       -1.048       │
├─────────────────────────────────────────────────────┼────────────────────┤
│          train/episode/rew collision/mean           │       -0.24        │
├─────────────────────────────────────────────────────┼────────────────────┤
│         train/episode/rew action rate/mean          │       -1.32        │
├─────────────────────────────────────────────────────┼────────────────────┤
│train/episode/rew tracking contacts shaped force/mean│       -4.142       │
├─────────────────────────────────────────────────────┼────────────────────┤
│ train/episode/rew tracking contacts shaped vel/mean │       -1.896       │
├─────────────────────────────────────────────────────┼────────────────────┤
│             train/episode/rew jump/mean             │       -1.742       │
├─────────────────────────────────────────────────────┼────────────────────┤
│        train/episode/rew dof pos limits/mean        │       -0.344       │
├─────────────────────────────────────────────────────┼────────────────────┤
│          train/episode/rew feet slip/mean           │       -0.236       │
├─────────────────────────────────────────────────────┼────────────────────┤
│  train/episode/rew feet clearance cmd linear/mean   │       -3.026       │
├─────────────────────────────────────────────────────┼────────────────────┤
│     train/episode/rew action smoothness 1/mean      │       -0.603       │
├─────────────────────────────────────────────────────┼────────────────────┤
│     train/episode/rew action smoothness 2/mean      │       -0.844       │
├─────────────────────────────────────────────────────┼────────────────────┤
│      train/episode/rew raibert heuristic/mean       │       -1.844       │
├─────────────────────────────────────────────────────┼────────────────────┤
│     train/episode/rew orientation control/mean      │         0.         │
├─────────────────────────────────────────────────────┼────────────────────┤
│            train/episode/rew total/mean             │       11.404       │
├─────────────────────────────────────────────────────┼────────────────────┤
│       train/episode/min command duration/mean       │        0.5         │
├─────────────────────────────────────────────────────┼────────────────────┤
│       train/episode/max command duration/mean       │        0.5         │
├─────────────────────────────────────────────────────┼────────────────────┤
│        train/episode/min command bound/mean         │         0.         │
├─────────────────────────────────────────────────────┼────────────────────┤
│        train/episode/max command bound/mean         │         0.         │
├─────────────────────────────────────────────────────┼────────────────────┤
│        train/episode/min command offset/mean        │         0.         │
├─────────────────────────────────────────────────────┼────────────────────┤
│        train/episode/max command offset/mean        │         0.         │
├─────────────────────────────────────────────────────┼────────────────────┤
│        train/episode/min command phase/mean         │        0.5         │
├─────────────────────────────────────────────────────┼────────────────────┤
│        train/episode/max command phase/mean         │        0.5         │
├─────────────────────────────────────────────────────┼────────────────────┤
│         train/episode/min command freq/mean         │       2.001        │
├─────────────────────────────────────────────────────┼────────────────────┤
│         train/episode/max command freq/mean         │       3.999        │
├─────────────────────────────────────────────────────┼────────────────────┤
│        train/episode/min command x vel/mean         │       -1.047       │
├─────────────────────────────────────────────────────┼────────────────────┤
│        train/episode/max command x vel/mean         │       1.047        │
├─────────────────────────────────────────────────────┼────────────────────┤
│        train/episode/min command y vel/mean         │        -0.2        │
├─────────────────────────────────────────────────────┼────────────────────┤
│        train/episode/max command y vel/mean         │        0.2         │
├─────────────────────────────────────────────────────┼────────────────────┤
│       train/episode/min command yaw vel/mean        │       -1.047       │
├─────────────────────────────────────────────────────┼────────────────────┤
│       train/episode/max command yaw vel/mean        │       1.047        │
├─────────────────────────────────────────────────────┼────────────────────┤
│     train/episode/min command swing height/mean     │        0.03        │
├─────────────────────────────────────────────────────┼────────────────────┤
│     train/episode/max command swing height/mean     │        0.35        │
├─────────────────────────────────────────────────────┼────────────────────┤
│        train/episode/command area trot/mean         │       0.274        │
├─────────────────────────────────────────────────────┼────────────────────┤
│            train/episode/min action/mean            │       -6.823       │
├─────────────────────────────────────────────────────┼────────────────────┤
│            train/episode/max action/mean            │       5.159        │
├─────────────────────────────────────────────────────┼────────────────────┤
│                  time elapsed/mean                  │      1034.265      │
├─────────────────────────────────────────────────────┼────────────────────┤
│                   time iter/mean                    │        2.12        │
├─────────────────────────────────────────────────────┼────────────────────┤
│                mean value loss/mean                 │       0.001        │
├─────────────────────────────────────────────────────┼────────────────────┤
│              mean surrogate loss/mean               │       -0.008       │
├─────────────────────────────────────────────────────┼────────────────────┤
│               mean decoder loss/mean                │         0.         │
├─────────────────────────────────────────────────────┼────────────────────┤
│           mean decoder loss student/mean            │         0.         │
├─────────────────────────────────────────────────────┼────────────────────┤
│             mean decoder test loss/mean             │         0.         │
├─────────────────────────────────────────────────────┼────────────────────┤
│         mean decoder test loss student/mean         │         0.         │
├─────────────────────────────────────────────────────┼────────────────────┤
│                      timesteps                      │      48267264      │
├─────────────────────────────────────────────────────┼────────────────────┤
│                     iterations                      │        490         │
╘═════════════════════════════════════════════════════╧════════════════════╛

══════════════════════════════════════════
[33m        job         [0m
────────────────────┬─────────────────────
       status       │ running             
      runTime       │ 2025-07-07 11:52:10.737557
════════════════════╧═════════════════════
╒═════════════════════════════════════════════════════╤════════════════════╕
│       train/episode/rew tracking lin vel/mean       │       17.604       │
├─────────────────────────────────────────────────────┼────────────────────┤
│       train/episode/rew tracking ang vel/mean       │       8.031        │
├─────────────────────────────────────────────────────┼────────────────────┤
│          train/episode/rew lin vel z/mean           │       -0.036       │
├─────────────────────────────────────────────────────┼────────────────────┤
│          train/episode/rew ang vel xy/mean          │       -0.022       │
├─────────────────────────────────────────────────────┼────────────────────┤
│           train/episode/rew torques/mean            │       -2.683       │
├─────────────────────────────────────────────────────┼────────────────────┤
│           train/episode/rew dof vel/mean            │       -0.208       │
├─────────────────────────────────────────────────────┼────────────────────┤
│           train/episode/rew dof acc/mean            │       -0.99        │
├─────────────────────────────────────────────────────┼────────────────────┤
│          train/episode/rew collision/mean           │       -0.236       │
├─────────────────────────────────────────────────────┼────────────────────┤
│         train/episode/rew action rate/mean          │       -1.273       │
├─────────────────────────────────────────────────────┼────────────────────┤
│train/episode/rew tracking contacts shaped force/mean│       -4.269       │
├─────────────────────────────────────────────────────┼────────────────────┤
│ train/episode/rew tracking contacts shaped vel/mean │       -1.795       │
├─────────────────────────────────────────────────────┼────────────────────┤
│             train/episode/rew jump/mean             │       -1.557       │
├─────────────────────────────────────────────────────┼────────────────────┤
│        train/episode/rew dof pos limits/mean        │       -0.28        │
├─────────────────────────────────────────────────────┼────────────────────┤
│          train/episode/rew feet slip/mean           │       -0.23        │
├─────────────────────────────────────────────────────┼────────────────────┤
│  train/episode/rew feet clearance cmd linear/mean   │       -2.677       │
├─────────────────────────────────────────────────────┼────────────────────┤
│     train/episode/rew action smoothness 1/mean      │       -0.577       │
├─────────────────────────────────────────────────────┼────────────────────┤
│     train/episode/rew action smoothness 2/mean      │       -0.828       │
├─────────────────────────────────────────────────────┼────────────────────┤
│      train/episode/rew raibert heuristic/mean       │       -1.813       │
├─────────────────────────────────────────────────────┼────────────────────┤
│     train/episode/rew orientation control/mean      │         0.         │
├─────────────────────────────────────────────────────┼────────────────────┤
│            train/episode/rew total/mean             │       11.692       │
├─────────────────────────────────────────────────────┼────────────────────┤
│       train/episode/min command duration/mean       │        0.5         │
├─────────────────────────────────────────────────────┼────────────────────┤
│       train/episode/max command duration/mean       │        0.5         │
├─────────────────────────────────────────────────────┼────────────────────┤
│        train/episode/min command bound/mean         │         0.         │
├─────────────────────────────────────────────────────┼────────────────────┤
│        train/episode/max command bound/mean         │         0.         │
├─────────────────────────────────────────────────────┼────────────────────┤
│        train/episode/min command offset/mean        │         0.         │
├─────────────────────────────────────────────────────┼────────────────────┤
│        train/episode/max command offset/mean        │         0.         │
├─────────────────────────────────────────────────────┼────────────────────┤
│        train/episode/min command phase/mean         │        0.5         │
├─────────────────────────────────────────────────────┼────────────────────┤
│        train/episode/max command phase/mean         │        0.5         │
├─────────────────────────────────────────────────────┼────────────────────┤
│         train/episode/min command freq/mean         │         2.         │
├─────────────────────────────────────────────────────┼────────────────────┤
│         train/episode/max command freq/mean         │       3.999        │
├─────────────────────────────────────────────────────┼────────────────────┤
│        train/episode/min command x vel/mean         │       -1.047       │
├─────────────────────────────────────────────────────┼────────────────────┤
│        train/episode/max command x vel/mean         │       1.047        │
├─────────────────────────────────────────────────────┼────────────────────┤
│        train/episode/min command y vel/mean         │        -0.2        │
├─────────────────────────────────────────────────────┼────────────────────┤
│        train/episode/max command y vel/mean         │        0.2         │
├─────────────────────────────────────────────────────┼────────────────────┤
│       train/episode/min command yaw vel/mean        │       -1.047       │
├─────────────────────────────────────────────────────┼────────────────────┤
│       train/episode/max command yaw vel/mean        │       1.047        │
├─────────────────────────────────────────────────────┼────────────────────┤
│     train/episode/min command swing height/mean     │        0.03        │
├─────────────────────────────────────────────────────┼────────────────────┤
│     train/episode/max command swing height/mean     │        0.35        │
├─────────────────────────────────────────────────────┼────────────────────┤
│        train/episode/command area trot/mean         │       0.274        │
├─────────────────────────────────────────────────────┼────────────────────┤
│            train/episode/min action/mean            │       -6.802       │
├─────────────────────────────────────────────────────┼────────────────────┤
│            train/episode/max action/mean            │       5.195        │
├─────────────────────────────────────────────────────┼────────────────────┤
│                  time elapsed/mean                  │      1055.216      │
├─────────────────────────────────────────────────────┼────────────────────┤
│                   time iter/mean                    │       2.088        │
├─────────────────────────────────────────────────────┼────────────────────┤
│                mean value loss/mean                 │       0.002        │
├─────────────────────────────────────────────────────┼────────────────────┤
│              mean surrogate loss/mean               │       -0.007       │
├─────────────────────────────────────────────────────┼────────────────────┤
│               mean decoder loss/mean                │         0.         │
├─────────────────────────────────────────────────────┼────────────────────┤
│           mean decoder loss student/mean            │         0.         │
├─────────────────────────────────────────────────────┼────────────────────┤
│             mean decoder test loss/mean             │         0.         │
├─────────────────────────────────────────────────────┼────────────────────┤
│         mean decoder test loss student/mean         │         0.         │
├─────────────────────────────────────────────────────┼────────────────────┤
│                      timesteps                      │      49250304      │
├─────────────────────────────────────────────────────┼────────────────────┤
│                     iterations                      │        500         │
╘═════════════════════════════════════════════════════╧════════════════════╛

══════════════════════════════════════════
[33m        job         [0m
────────────────────┬─────────────────────
       status       │ running             
      runTime       │ 2025-07-07 11:52:31.616945
════════════════════╧═════════════════════
╒═════════════════════════════════════════════════════╤════════════════════╕
│       train/episode/rew tracking lin vel/mean       │       17.376       │
├─────────────────────────────────────────────────────┼────────────────────┤
│       train/episode/rew tracking ang vel/mean       │       7.937        │
├─────────────────────────────────────────────────────┼────────────────────┤
│          train/episode/rew lin vel z/mean           │       -0.036       │
├─────────────────────────────────────────────────────┼────────────────────┤
│          train/episode/rew ang vel xy/mean          │       -0.022       │
├─────────────────────────────────────────────────────┼────────────────────┤
│           train/episode/rew torques/mean            │       -2.669       │
├─────────────────────────────────────────────────────┼────────────────────┤
│           train/episode/rew dof vel/mean            │       -0.216       │
├─────────────────────────────────────────────────────┼────────────────────┤
│           train/episode/rew dof acc/mean            │       -1.029       │
├─────────────────────────────────────────────────────┼────────────────────┤
│          train/episode/rew collision/mean           │       -0.235       │
├─────────────────────────────────────────────────────┼────────────────────┤
│         train/episode/rew action rate/mean          │       -1.294       │
├─────────────────────────────────────────────────────┼────────────────────┤
│train/episode/rew tracking contacts shaped force/mean│       -4.051       │
├─────────────────────────────────────────────────────┼────────────────────┤
│ train/episode/rew tracking contacts shaped vel/mean │       -1.892       │
├─────────────────────────────────────────────────────┼────────────────────┤
│             train/episode/rew jump/mean             │       -1.709       │
├─────────────────────────────────────────────────────┼────────────────────┤
│        train/episode/rew dof pos limits/mean        │       -0.309       │
├─────────────────────────────────────────────────────┼────────────────────┤
│          train/episode/rew feet slip/mean           │       -0.229       │
├─────────────────────────────────────────────────────┼────────────────────┤
│  train/episode/rew feet clearance cmd linear/mean   │       -2.828       │
├─────────────────────────────────────────────────────┼────────────────────┤
│     train/episode/rew action smoothness 1/mean      │       -0.589       │
├─────────────────────────────────────────────────────┼────────────────────┤
│     train/episode/rew action smoothness 2/mean      │       -0.834       │
├─────────────────────────────────────────────────────┼────────────────────┤
│      train/episode/rew raibert heuristic/mean       │       -1.836       │
├─────────────────────────────────────────────────────┼────────────────────┤
│     train/episode/rew orientation control/mean      │         0.         │
├─────────────────────────────────────────────────────┼────────────────────┤
│            train/episode/rew total/mean             │       11.267       │
├─────────────────────────────────────────────────────┼────────────────────┤
│       train/episode/min command duration/mean       │        0.5         │
├─────────────────────────────────────────────────────┼────────────────────┤
│       train/episode/max command duration/mean       │        0.5         │
├─────────────────────────────────────────────────────┼────────────────────┤
│        train/episode/min command bound/mean         │         0.         │
├─────────────────────────────────────────────────────┼────────────────────┤
│        train/episode/max command bound/mean         │         0.         │
├─────────────────────────────────────────────────────┼────────────────────┤
│        train/episode/min command offset/mean        │         0.         │
├─────────────────────────────────────────────────────┼────────────────────┤
│        train/episode/max command offset/mean        │         0.         │
├─────────────────────────────────────────────────────┼────────────────────┤
│        train/episode/min command phase/mean         │        0.5         │
├─────────────────────────────────────────────────────┼────────────────────┤
│        train/episode/max command phase/mean         │        0.5         │
├─────────────────────────────────────────────────────┼────────────────────┤
│         train/episode/min command freq/mean         │         2.         │
├─────────────────────────────────────────────────────┼────────────────────┤
│         train/episode/max command freq/mean         │         4.         │
├─────────────────────────────────────────────────────┼────────────────────┤
│        train/episode/min command x vel/mean         │       -1.047       │
├─────────────────────────────────────────────────────┼────────────────────┤
│        train/episode/max command x vel/mean         │       1.047        │
├─────────────────────────────────────────────────────┼────────────────────┤
│        train/episode/min command y vel/mean         │        -0.2        │
├─────────────────────────────────────────────────────┼────────────────────┤
│        train/episode/max command y vel/mean         │        0.2         │
├─────────────────────────────────────────────────────┼────────────────────┤
│       train/episode/min command yaw vel/mean        │       -1.047       │
├─────────────────────────────────────────────────────┼────────────────────┤
│       train/episode/max command yaw vel/mean        │       1.047        │
├─────────────────────────────────────────────────────┼────────────────────┤
│     train/episode/min command swing height/mean     │        0.03        │
├─────────────────────────────────────────────────────┼────────────────────┤
│     train/episode/max command swing height/mean     │        0.35        │
├─────────────────────────────────────────────────────┼────────────────────┤
│        train/episode/command area trot/mean         │       0.274        │
├─────────────────────────────────────────────────────┼────────────────────┤
│            train/episode/min action/mean            │       -6.835       │
├─────────────────────────────────────────────────────┼────────────────────┤
│            train/episode/max action/mean            │       5.188        │
├─────────────────────────────────────────────────────┼────────────────────┤
│                  time elapsed/mean                  │      1077.752      │
├─────────────────────────────────────────────────────┼────────────────────┤
│                   time iter/mean                    │       2.289        │
├─────────────────────────────────────────────────────┼────────────────────┤
│                mean value loss/mean                 │       0.001        │
├─────────────────────────────────────────────────────┼────────────────────┤
│              mean surrogate loss/mean               │       -0.009       │
├─────────────────────────────────────────────────────┼────────────────────┤
│               mean decoder loss/mean                │         0.         │
├─────────────────────────────────────────────────────┼────────────────────┤
│           mean decoder loss student/mean            │         0.         │
├─────────────────────────────────────────────────────┼────────────────────┤
│             mean decoder test loss/mean             │         0.         │
├─────────────────────────────────────────────────────┼────────────────────┤
│         mean decoder test loss student/mean         │         0.         │
├─────────────────────────────────────────────────────┼────────────────────┤
│                      timesteps                      │      50233344      │
├─────────────────────────────────────────────────────┼────────────────────┤
│                     iterations                      │        510         │
╘═════════════════════════════════════════════════════╧════════════════════╛

══════════════════════════════════════════
[33m        job         [0m
────────────────────┬─────────────────────
       status       │ running             
      runTime       │ 2025-07-07 11:52:54.511462
════════════════════╧═════════════════════
╒═════════════════════════════════════════════════════╤════════════════════╕
│       train/episode/rew tracking lin vel/mean       │       17.633       │
├─────────────────────────────────────────────────────┼────────────────────┤
│       train/episode/rew tracking ang vel/mean       │       8.036        │
├─────────────────────────────────────────────────────┼────────────────────┤
│          train/episode/rew lin vel z/mean           │       -0.036       │
├─────────────────────────────────────────────────────┼────────────────────┤
│          train/episode/rew ang vel xy/mean          │       -0.022       │
├─────────────────────────────────────────────────────┼────────────────────┤
│           train/episode/rew torques/mean            │       -2.744       │
├─────────────────────────────────────────────────────┼────────────────────┤
│           train/episode/rew dof vel/mean            │       -0.229       │
├─────────────────────────────────────────────────────┼────────────────────┤
│           train/episode/rew dof acc/mean            │       -1.087       │
├─────────────────────────────────────────────────────┼────────────────────┤
│          train/episode/rew collision/mean           │       -0.24        │
├─────────────────────────────────────────────────────┼────────────────────┤
│         train/episode/rew action rate/mean          │       -1.344       │
├─────────────────────────────────────────────────────┼────────────────────┤
│train/episode/rew tracking contacts shaped force/mean│       -4.115       │
├─────────────────────────────────────────────────────┼────────────────────┤
│ train/episode/rew tracking contacts shaped vel/mean │       -1.947       │
├─────────────────────────────────────────────────────┼────────────────────┤
│             train/episode/rew jump/mean             │       -1.723       │
├─────────────────────────────────────────────────────┼────────────────────┤
│        train/episode/rew dof pos limits/mean        │       -0.49        │
├─────────────────────────────────────────────────────┼────────────────────┤
│          train/episode/rew feet slip/mean           │       -0.239       │
├─────────────────────────────────────────────────────┼────────────────────┤
│  train/episode/rew feet clearance cmd linear/mean   │       -3.102       │
├─────────────────────────────────────────────────────┼────────────────────┤
│     train/episode/rew action smoothness 1/mean      │       -0.616       │
├─────────────────────────────────────────────────────┼────────────────────┤
│     train/episode/rew action smoothness 2/mean      │       -0.858       │
├─────────────────────────────────────────────────────┼────────────────────┤
│      train/episode/rew raibert heuristic/mean       │       -1.89        │
├─────────────────────────────────────────────────────┼────────────────────┤
│     train/episode/rew orientation control/mean      │         0.         │
├─────────────────────────────────────────────────────┼────────────────────┤
│            train/episode/rew total/mean             │       11.251       │
├─────────────────────────────────────────────────────┼────────────────────┤
│       train/episode/min command duration/mean       │        0.5         │
├─────────────────────────────────────────────────────┼────────────────────┤
│       train/episode/max command duration/mean       │        0.5         │
├─────────────────────────────────────────────────────┼────────────────────┤
│        train/episode/min command bound/mean         │         0.         │
├─────────────────────────────────────────────────────┼────────────────────┤
│        train/episode/max command bound/mean         │         0.         │
├─────────────────────────────────────────────────────┼────────────────────┤
│        train/episode/min command offset/mean        │         0.         │
├─────────────────────────────────────────────────────┼────────────────────┤
│        train/episode/max command offset/mean        │         0.         │
├─────────────────────────────────────────────────────┼────────────────────┤
│        train/episode/min command phase/mean         │        0.5         │
├─────────────────────────────────────────────────────┼────────────────────┤
│        train/episode/max command phase/mean         │        0.5         │
├─────────────────────────────────────────────────────┼────────────────────┤
│         train/episode/min command freq/mean         │         2.         │
├─────────────────────────────────────────────────────┼────────────────────┤
│         train/episode/max command freq/mean         │         4.         │
├─────────────────────────────────────────────────────┼────────────────────┤
│        train/episode/min command x vel/mean         │       -1.048       │
├─────────────────────────────────────────────────────┼────────────────────┤
│        train/episode/max command x vel/mean         │       1.048        │
├─────────────────────────────────────────────────────┼────────────────────┤
│        train/episode/min command y vel/mean         │        -0.2        │
├─────────────────────────────────────────────────────┼────────────────────┤
│        train/episode/max command y vel/mean         │        0.2         │
├─────────────────────────────────────────────────────┼────────────────────┤
│       train/episode/min command yaw vel/mean        │       -1.047       │
├─────────────────────────────────────────────────────┼────────────────────┤
│       train/episode/max command yaw vel/mean        │       1.047        │
├─────────────────────────────────────────────────────┼────────────────────┤
│     train/episode/min command swing height/mean     │        0.03        │
├─────────────────────────────────────────────────────┼────────────────────┤
│     train/episode/max command swing height/mean     │        0.35        │
├─────────────────────────────────────────────────────┼────────────────────┤
│        train/episode/command area trot/mean         │       0.274        │
├─────────────────────────────────────────────────────┼────────────────────┤
│            train/episode/min action/mean            │       -6.891       │
├─────────────────────────────────────────────────────┼────────────────────┤
│            train/episode/max action/mean            │        5.13        │
├─────────────────────────────────────────────────────┼────────────────────┤
│                  time elapsed/mean                  │      1099.184      │
├─────────────────────────────────────────────────────┼────────────────────┤
│                   time iter/mean                    │       2.114        │
├─────────────────────────────────────────────────────┼────────────────────┤
│                mean value loss/mean                 │       0.001        │
├─────────────────────────────────────────────────────┼────────────────────┤
│              mean surrogate loss/mean               │       -0.008       │
├─────────────────────────────────────────────────────┼────────────────────┤
│               mean decoder loss/mean                │         0.         │
├─────────────────────────────────────────────────────┼────────────────────┤
│           mean decoder loss student/mean            │         0.         │
├─────────────────────────────────────────────────────┼────────────────────┤
│             mean decoder test loss/mean             │         0.         │
├─────────────────────────────────────────────────────┼────────────────────┤
│         mean decoder test loss student/mean         │         0.         │
├─────────────────────────────────────────────────────┼────────────────────┤
│                      timesteps                      │      51216384      │
├─────────────────────────────────────────────────────┼────────────────────┤
│                     iterations                      │        520         │
╘═════════════════════════════════════════════════════╧════════════════════╛

══════════════════════════════════════════
[33m        job         [0m
────────────────────┬─────────────────────
       status       │ running             
      runTime       │ 2025-07-07 11:53:15.653020
════════════════════╧═════════════════════
╒═════════════════════════════════════════════════════╤════════════════════╕
│       train/episode/rew tracking lin vel/mean       │       17.946       │
├─────────────────────────────────────────────────────┼────────────────────┤
│       train/episode/rew tracking ang vel/mean       │       8.136        │
├─────────────────────────────────────────────────────┼────────────────────┤
│          train/episode/rew lin vel z/mean           │       -0.036       │
├─────────────────────────────────────────────────────┼────────────────────┤
│          train/episode/rew ang vel xy/mean          │       -0.022       │
├─────────────────────────────────────────────────────┼────────────────────┤
│           train/episode/rew torques/mean            │       -2.732       │
├─────────────────────────────────────────────────────┼────────────────────┤
│           train/episode/rew dof vel/mean            │       -0.226       │
├─────────────────────────────────────────────────────┼────────────────────┤
│           train/episode/rew dof acc/mean            │       -1.059       │
├─────────────────────────────────────────────────────┼────────────────────┤
│          train/episode/rew collision/mean           │       -0.167       │
├─────────────────────────────────────────────────────┼────────────────────┤
│         train/episode/rew action rate/mean          │       -1.336       │
├─────────────────────────────────────────────────────┼────────────────────┤
│train/episode/rew tracking contacts shaped force/mean│       -4.098       │
├─────────────────────────────────────────────────────┼────────────────────┤
│ train/episode/rew tracking contacts shaped vel/mean │       -1.934       │
├─────────────────────────────────────────────────────┼────────────────────┤
│             train/episode/rew jump/mean             │       -1.713       │
├─────────────────────────────────────────────────────┼────────────────────┤
│        train/episode/rew dof pos limits/mean        │       -0.396       │
├─────────────────────────────────────────────────────┼────────────────────┤
│          train/episode/rew feet slip/mean           │       -0.226       │
├─────────────────────────────────────────────────────┼────────────────────┤
│  train/episode/rew feet clearance cmd linear/mean   │       -2.783       │
├─────────────────────────────────────────────────────┼────────────────────┤
│     train/episode/rew action smoothness 1/mean      │       -0.608       │
├─────────────────────────────────────────────────────┼────────────────────┤
│     train/episode/rew action smoothness 2/mean      │       -0.853       │
├─────────────────────────────────────────────────────┼────────────────────┤
│      train/episode/rew raibert heuristic/mean       │       -1.822       │
├─────────────────────────────────────────────────────┼────────────────────┤
│     train/episode/rew orientation control/mean      │         0.         │
├─────────────────────────────────────────────────────┼────────────────────┤
│            train/episode/rew total/mean             │       11.701       │
├─────────────────────────────────────────────────────┼────────────────────┤
│       train/episode/min command duration/mean       │        0.5         │
├─────────────────────────────────────────────────────┼────────────────────┤
│       train/episode/max command duration/mean       │        0.5         │
├─────────────────────────────────────────────────────┼────────────────────┤
│        train/episode/min command bound/mean         │         0.         │
├─────────────────────────────────────────────────────┼────────────────────┤
│        train/episode/max command bound/mean         │         0.         │
├─────────────────────────────────────────────────────┼────────────────────┤
│        train/episode/min command offset/mean        │         0.         │
├─────────────────────────────────────────────────────┼────────────────────┤
│        train/episode/max command offset/mean        │         0.         │
├─────────────────────────────────────────────────────┼────────────────────┤
│        train/episode/min command phase/mean         │        0.5         │
├─────────────────────────────────────────────────────┼────────────────────┤
│        train/episode/max command phase/mean         │        0.5         │
├─────────────────────────────────────────────────────┼────────────────────┤
│         train/episode/min command freq/mean         │       2.001        │
├─────────────────────────────────────────────────────┼────────────────────┤
│         train/episode/max command freq/mean         │         4.         │
├─────────────────────────────────────────────────────┼────────────────────┤
│        train/episode/min command x vel/mean         │       -1.048       │
├─────────────────────────────────────────────────────┼────────────────────┤
│        train/episode/max command x vel/mean         │       1.048        │
├─────────────────────────────────────────────────────┼────────────────────┤
│        train/episode/min command y vel/mean         │        -0.2        │
├─────────────────────────────────────────────────────┼────────────────────┤
│        train/episode/max command y vel/mean         │        0.2         │
├─────────────────────────────────────────────────────┼────────────────────┤
│       train/episode/min command yaw vel/mean        │       -1.047       │
├─────────────────────────────────────────────────────┼────────────────────┤
│       train/episode/max command yaw vel/mean        │       1.048        │
├─────────────────────────────────────────────────────┼────────────────────┤
│     train/episode/min command swing height/mean     │        0.03        │
├─────────────────────────────────────────────────────┼────────────────────┤
│     train/episode/max command swing height/mean     │        0.35        │
├─────────────────────────────────────────────────────┼────────────────────┤
│        train/episode/command area trot/mean         │       0.274        │
├─────────────────────────────────────────────────────┼────────────────────┤
│            train/episode/min action/mean            │       -6.914       │
├─────────────────────────────────────────────────────┼────────────────────┤
│            train/episode/max action/mean            │        5.21        │
├─────────────────────────────────────────────────────┼────────────────────┤
│                  time elapsed/mean                  │      1120.35       │
├─────────────────────────────────────────────────────┼────────────────────┤
│                   time iter/mean                    │       2.115        │
├─────────────────────────────────────────────────────┼────────────────────┤
│                mean value loss/mean                 │       0.003        │
├─────────────────────────────────────────────────────┼────────────────────┤
│              mean surrogate loss/mean               │       -0.007       │
├─────────────────────────────────────────────────────┼────────────────────┤
│               mean decoder loss/mean                │         0.         │
├─────────────────────────────────────────────────────┼────────────────────┤
│           mean decoder loss student/mean            │         0.         │
├─────────────────────────────────────────────────────┼────────────────────┤
│             mean decoder test loss/mean             │         0.         │
├─────────────────────────────────────────────────────┼────────────────────┤
│         mean decoder test loss student/mean         │         0.         │
├─────────────────────────────────────────────────────┼────────────────────┤
│                      timesteps                      │      52199424      │
├─────────────────────────────────────────────────────┼────────────────────┤
│                     iterations                      │        530         │
╘═════════════════════════════════════════════════════╧════════════════════╛

══════════════════════════════════════════
[33m        job         [0m
────────────────────┬─────────────────────
       status       │ running             
      runTime       │ 2025-07-07 11:53:36.809458
════════════════════╧═════════════════════
╒═════════════════════════════════════════════════════╤════════════════════╕
│       train/episode/rew tracking lin vel/mean       │       17.624       │
├─────────────────────────────────────────────────────┼────────────────────┤
│       train/episode/rew tracking ang vel/mean       │       8.021        │
├─────────────────────────────────────────────────────┼────────────────────┤
│          train/episode/rew lin vel z/mean           │       -0.035       │
├─────────────────────────────────────────────────────┼────────────────────┤
│          train/episode/rew ang vel xy/mean          │       -0.023       │
├─────────────────────────────────────────────────────┼────────────────────┤
│           train/episode/rew torques/mean            │       -2.694       │
├─────────────────────────────────────────────────────┼────────────────────┤
│           train/episode/rew dof vel/mean            │       -0.226       │
├─────────────────────────────────────────────────────┼────────────────────┤
│           train/episode/rew dof acc/mean            │       -1.071       │
├─────────────────────────────────────────────────────┼────────────────────┤
│          train/episode/rew collision/mean           │       -0.204       │
├─────────────────────────────────────────────────────┼────────────────────┤
│         train/episode/rew action rate/mean          │       -1.335       │
├─────────────────────────────────────────────────────┼────────────────────┤
│train/episode/rew tracking contacts shaped force/mean│       -3.96        │
├─────────────────────────────────────────────────────┼────────────────────┤
│ train/episode/rew tracking contacts shaped vel/mean │       -1.951       │
├─────────────────────────────────────────────────────┼────────────────────┤
│             train/episode/rew jump/mean             │       -1.684       │
├─────────────────────────────────────────────────────┼────────────────────┤
│        train/episode/rew dof pos limits/mean        │       -0.432       │
├─────────────────────────────────────────────────────┼────────────────────┤
│          train/episode/rew feet slip/mean           │       -0.233       │
├─────────────────────────────────────────────────────┼────────────────────┤
│  train/episode/rew feet clearance cmd linear/mean   │       -2.612       │
├─────────────────────────────────────────────────────┼────────────────────┤
│     train/episode/rew action smoothness 1/mean      │       -0.607       │
├─────────────────────────────────────────────────────┼────────────────────┤
│     train/episode/rew action smoothness 2/mean      │       -0.845       │
├─────────────────────────────────────────────────────┼────────────────────┤
│      train/episode/rew raibert heuristic/mean       │       -1.796       │
├─────────────────────────────────────────────────────┼────────────────────┤
│     train/episode/rew orientation control/mean      │         0.         │
├─────────────────────────────────────────────────────┼────────────────────┤
│            train/episode/rew total/mean             │       11.551       │
├─────────────────────────────────────────────────────┼────────────────────┤
│       train/episode/min command duration/mean       │        0.5         │
├─────────────────────────────────────────────────────┼────────────────────┤
│       train/episode/max command duration/mean       │        0.5         │
├─────────────────────────────────────────────────────┼────────────────────┤
│        train/episode/min command bound/mean         │         0.         │
├─────────────────────────────────────────────────────┼────────────────────┤
│        train/episode/max command bound/mean         │         0.         │
├─────────────────────────────────────────────────────┼────────────────────┤
│        train/episode/min command offset/mean        │         0.         │
├─────────────────────────────────────────────────────┼────────────────────┤
│        train/episode/max command offset/mean        │         0.         │
├─────────────────────────────────────────────────────┼────────────────────┤
│        train/episode/min command phase/mean         │        0.5         │
├─────────────────────────────────────────────────────┼────────────────────┤
│        train/episode/max command phase/mean         │        0.5         │
├─────────────────────────────────────────────────────┼────────────────────┤
│         train/episode/min command freq/mean         │       2.001        │
├─────────────────────────────────────────────────────┼────────────────────┤
│         train/episode/max command freq/mean         │         4.         │
├─────────────────────────────────────────────────────┼────────────────────┤
│        train/episode/min command x vel/mean         │       -1.048       │
├─────────────────────────────────────────────────────┼────────────────────┤
│        train/episode/max command x vel/mean         │       1.047        │
├─────────────────────────────────────────────────────┼────────────────────┤
│        train/episode/min command y vel/mean         │        -0.2        │
├─────────────────────────────────────────────────────┼────────────────────┤
│        train/episode/max command y vel/mean         │        0.2         │
├─────────────────────────────────────────────────────┼────────────────────┤
│       train/episode/min command yaw vel/mean        │       -1.048       │
├─────────────────────────────────────────────────────┼────────────────────┤
│       train/episode/max command yaw vel/mean        │       1.048        │
├─────────────────────────────────────────────────────┼────────────────────┤
│     train/episode/min command swing height/mean     │        0.03        │
├─────────────────────────────────────────────────────┼────────────────────┤
│     train/episode/max command swing height/mean     │        0.35        │
├─────────────────────────────────────────────────────┼────────────────────┤
│        train/episode/command area trot/mean         │       0.274        │
├─────────────────────────────────────────────────────┼────────────────────┤
│            train/episode/min action/mean            │       -6.925       │
├─────────────────────────────────────────────────────┼────────────────────┤
│            train/episode/max action/mean            │       5.276        │
├─────────────────────────────────────────────────────┼────────────────────┤
│                  time elapsed/mean                  │      1141.296      │
├─────────────────────────────────────────────────────┼────────────────────┤
│                   time iter/mean                    │       2.074        │
├─────────────────────────────────────────────────────┼────────────────────┤
│                mean value loss/mean                 │       0.001        │
├─────────────────────────────────────────────────────┼────────────────────┤
│              mean surrogate loss/mean               │       -0.007       │
├─────────────────────────────────────────────────────┼────────────────────┤
│               mean decoder loss/mean                │         0.         │
├─────────────────────────────────────────────────────┼────────────────────┤
│           mean decoder loss student/mean            │         0.         │
├─────────────────────────────────────────────────────┼────────────────────┤
│             mean decoder test loss/mean             │         0.         │
├─────────────────────────────────────────────────────┼────────────────────┤
│         mean decoder test loss student/mean         │         0.         │
├─────────────────────────────────────────────────────┼────────────────────┤
│                      timesteps                      │      53182464      │
├─────────────────────────────────────────────────────┼────────────────────┤
│                     iterations                      │        540         │
╘═════════════════════════════════════════════════════╧════════════════════╛

══════════════════════════════════════════
[33m        job         [0m
────────────────────┬─────────────────────
       status       │ running             
      runTime       │ 2025-07-07 11:53:57.550631
════════════════════╧═════════════════════
╒═════════════════════════════════════════════════════╤════════════════════╕
│       train/episode/rew tracking lin vel/mean       │       17.489       │
├─────────────────────────────────────────────────────┼────────────────────┤
│       train/episode/rew tracking ang vel/mean       │        7.99        │
├─────────────────────────────────────────────────────┼────────────────────┤
│          train/episode/rew lin vel z/mean           │       -0.035       │
├─────────────────────────────────────────────────────┼────────────────────┤
│          train/episode/rew ang vel xy/mean          │       -0.023       │
├─────────────────────────────────────────────────────┼────────────────────┤
│           train/episode/rew torques/mean            │       -2.723       │
├─────────────────────────────────────────────────────┼────────────────────┤
│           train/episode/rew dof vel/mean            │       -0.227       │
├─────────────────────────────────────────────────────┼────────────────────┤
│           train/episode/rew dof acc/mean            │       -1.063       │
├─────────────────────────────────────────────────────┼────────────────────┤
│          train/episode/rew collision/mean           │       -0.183       │
├─────────────────────────────────────────────────────┼────────────────────┤
│         train/episode/rew action rate/mean          │       -1.32        │
├─────────────────────────────────────────────────────┼────────────────────┤
│train/episode/rew tracking contacts shaped force/mean│       -3.942       │
├─────────────────────────────────────────────────────┼────────────────────┤
│ train/episode/rew tracking contacts shaped vel/mean │       -1.948       │
├─────────────────────────────────────────────────────┼────────────────────┤
│             train/episode/rew jump/mean             │       -1.57        │
├─────────────────────────────────────────────────────┼────────────────────┤
│        train/episode/rew dof pos limits/mean        │       -0.417       │
├─────────────────────────────────────────────────────┼────────────────────┤
│          train/episode/rew feet slip/mean           │       -0.229       │
├─────────────────────────────────────────────────────┼────────────────────┤
│  train/episode/rew feet clearance cmd linear/mean   │       -2.581       │
├─────────────────────────────────────────────────────┼────────────────────┤
│     train/episode/rew action smoothness 1/mean      │       -0.601       │
├─────────────────────────────────────────────────────┼────────────────────┤
│     train/episode/rew action smoothness 2/mean      │       -0.832       │
├─────────────────────────────────────────────────────┼────────────────────┤
│      train/episode/rew raibert heuristic/mean       │       -1.762       │
├─────────────────────────────────────────────────────┼────────────────────┤
│     train/episode/rew orientation control/mean      │         0.         │
├─────────────────────────────────────────────────────┼────────────────────┤
│            train/episode/rew total/mean             │       11.576       │
├─────────────────────────────────────────────────────┼────────────────────┤
│       train/episode/min command duration/mean       │        0.5         │
├─────────────────────────────────────────────────────┼────────────────────┤
│       train/episode/max command duration/mean       │        0.5         │
├─────────────────────────────────────────────────────┼────────────────────┤
│        train/episode/min command bound/mean         │         0.         │
├─────────────────────────────────────────────────────┼────────────────────┤
│        train/episode/max command bound/mean         │         0.         │
├─────────────────────────────────────────────────────┼────────────────────┤
│        train/episode/min command offset/mean        │         0.         │
├─────────────────────────────────────────────────────┼────────────────────┤
│        train/episode/max command offset/mean        │         0.         │
├─────────────────────────────────────────────────────┼────────────────────┤
│        train/episode/min command phase/mean         │        0.5         │
├─────────────────────────────────────────────────────┼────────────────────┤
│        train/episode/max command phase/mean         │        0.5         │
├─────────────────────────────────────────────────────┼────────────────────┤
│         train/episode/min command freq/mean         │         2.         │
├─────────────────────────────────────────────────────┼────────────────────┤
│         train/episode/max command freq/mean         │       3.999        │
├─────────────────────────────────────────────────────┼────────────────────┤
│        train/episode/min command x vel/mean         │       -1.048       │
├─────────────────────────────────────────────────────┼────────────────────┤
│        train/episode/max command x vel/mean         │       1.047        │
├─────────────────────────────────────────────────────┼────────────────────┤
│        train/episode/min command y vel/mean         │        -0.2        │
├─────────────────────────────────────────────────────┼────────────────────┤
│        train/episode/max command y vel/mean         │        0.2         │
├─────────────────────────────────────────────────────┼────────────────────┤
│       train/episode/min command yaw vel/mean        │       -1.047       │
├─────────────────────────────────────────────────────┼────────────────────┤
│       train/episode/max command yaw vel/mean        │       1.047        │
├─────────────────────────────────────────────────────┼────────────────────┤
│     train/episode/min command swing height/mean     │        0.03        │
├─────────────────────────────────────────────────────┼────────────────────┤
│     train/episode/max command swing height/mean     │        0.35        │
├─────────────────────────────────────────────────────┼────────────────────┤
│        train/episode/command area trot/mean         │       0.274        │
├─────────────────────────────────────────────────────┼────────────────────┤
│            train/episode/min action/mean            │       -6.913       │
├─────────────────────────────────────────────────────┼────────────────────┤
│            train/episode/max action/mean            │       5.336        │
├─────────────────────────────────────────────────────┼────────────────────┤
│                  time elapsed/mean                  │      1163.424      │
├─────────────────────────────────────────────────────┼────────────────────┤
│                   time iter/mean                    │       2.308        │
├─────────────────────────────────────────────────────┼────────────────────┤
│                mean value loss/mean                 │       0.002        │
├─────────────────────────────────────────────────────┼────────────────────┤
│              mean surrogate loss/mean               │       -0.009       │
├─────────────────────────────────────────────────────┼────────────────────┤
│               mean decoder loss/mean                │         0.         │
├─────────────────────────────────────────────────────┼────────────────────┤
│           mean decoder loss student/mean            │         0.         │
├─────────────────────────────────────────────────────┼────────────────────┤
│             mean decoder test loss/mean             │         0.         │
├─────────────────────────────────────────────────────┼────────────────────┤
│         mean decoder test loss student/mean         │         0.         │
├─────────────────────────────────────────────────────┼────────────────────┤
│                      timesteps                      │      54165504      │
├─────────────────────────────────────────────────────┼────────────────────┤
│                     iterations                      │        550         │
╘═════════════════════════════════════════════════════╧════════════════════╛

══════════════════════════════════════════
[33m        job         [0m
────────────────────┬─────────────────────
       status       │ running             
      runTime       │ 2025-07-07 11:54:20.633099
════════════════════╧═════════════════════
╒═════════════════════════════════════════════════════╤════════════════════╕
│       train/episode/rew tracking lin vel/mean       │       17.488       │
├─────────────────────────────────────────────────────┼────────────────────┤
│       train/episode/rew tracking ang vel/mean       │       7.993        │
├─────────────────────────────────────────────────────┼────────────────────┤
│          train/episode/rew lin vel z/mean           │       -0.035       │
├─────────────────────────────────────────────────────┼────────────────────┤
│          train/episode/rew ang vel xy/mean          │       -0.023       │
├─────────────────────────────────────────────────────┼────────────────────┤
│           train/episode/rew torques/mean            │       -2.757       │
├─────────────────────────────────────────────────────┼────────────────────┤
│           train/episode/rew dof vel/mean            │       -0.226       │
├─────────────────────────────────────────────────────┼────────────────────┤
│           train/episode/rew dof acc/mean            │       -1.075       │
├─────────────────────────────────────────────────────┼────────────────────┤
│          train/episode/rew collision/mean           │       -0.251       │
├─────────────────────────────────────────────────────┼────────────────────┤
│         train/episode/rew action rate/mean          │       -1.326       │
├─────────────────────────────────────────────────────┼────────────────────┤
│train/episode/rew tracking contacts shaped force/mean│       -3.967       │
├─────────────────────────────────────────────────────┼────────────────────┤
│ train/episode/rew tracking contacts shaped vel/mean │       -1.936       │
├─────────────────────────────────────────────────────┼────────────────────┤
│             train/episode/rew jump/mean             │       -1.76        │
├─────────────────────────────────────────────────────┼────────────────────┤
│        train/episode/rew dof pos limits/mean        │       -0.483       │
├─────────────────────────────────────────────────────┼────────────────────┤
│          train/episode/rew feet slip/mean           │       -0.227       │
├─────────────────────────────────────────────────────┼────────────────────┤
│  train/episode/rew feet clearance cmd linear/mean   │       -2.696       │
├─────────────────────────────────────────────────────┼────────────────────┤
│     train/episode/rew action smoothness 1/mean      │       -0.603       │
├─────────────────────────────────────────────────────┼────────────────────┤
│     train/episode/rew action smoothness 2/mean      │       -0.831       │
├─────────────────────────────────────────────────────┼────────────────────┤
│      train/episode/rew raibert heuristic/mean       │        -1.8        │
├─────────────────────────────────────────────────────┼────────────────────┤
│     train/episode/rew orientation control/mean      │         0.         │
├─────────────────────────────────────────────────────┼────────────────────┤
│            train/episode/rew total/mean             │        11.4        │
├─────────────────────────────────────────────────────┼────────────────────┤
│       train/episode/min command duration/mean       │        0.5         │
├─────────────────────────────────────────────────────┼────────────────────┤
│       train/episode/max command duration/mean       │        0.5         │
├─────────────────────────────────────────────────────┼────────────────────┤
│        train/episode/min command bound/mean         │         0.         │
├─────────────────────────────────────────────────────┼────────────────────┤
│        train/episode/max command bound/mean         │         0.         │
├─────────────────────────────────────────────────────┼────────────────────┤
│        train/episode/min command offset/mean        │         0.         │
├─────────────────────────────────────────────────────┼────────────────────┤
│        train/episode/max command offset/mean        │         0.         │
├─────────────────────────────────────────────────────┼────────────────────┤
│        train/episode/min command phase/mean         │        0.5         │
├─────────────────────────────────────────────────────┼────────────────────┤
│        train/episode/max command phase/mean         │        0.5         │
├─────────────────────────────────────────────────────┼────────────────────┤
│         train/episode/min command freq/mean         │         2.         │
├─────────────────────────────────────────────────────┼────────────────────┤
│         train/episode/max command freq/mean         │       3.999        │
├─────────────────────────────────────────────────────┼────────────────────┤
│        train/episode/min command x vel/mean         │       -1.047       │
├─────────────────────────────────────────────────────┼────────────────────┤
│        train/episode/max command x vel/mean         │       1.047        │
├─────────────────────────────────────────────────────┼────────────────────┤
│        train/episode/min command y vel/mean         │        -0.2        │
├─────────────────────────────────────────────────────┼────────────────────┤
│        train/episode/max command y vel/mean         │        0.2         │
├─────────────────────────────────────────────────────┼────────────────────┤
│       train/episode/min command yaw vel/mean        │       -1.047       │
├─────────────────────────────────────────────────────┼────────────────────┤
│       train/episode/max command yaw vel/mean        │       1.047        │
├─────────────────────────────────────────────────────┼────────────────────┤
│     train/episode/min command swing height/mean     │        0.03        │
├─────────────────────────────────────────────────────┼────────────────────┤
│     train/episode/max command swing height/mean     │        0.35        │
├─────────────────────────────────────────────────────┼────────────────────┤
│        train/episode/command area trot/mean         │       0.274        │
├─────────────────────────────────────────────────────┼────────────────────┤
│            train/episode/min action/mean            │       -7.11        │
├─────────────────────────────────────────────────────┼────────────────────┤
│            train/episode/max action/mean            │       5.425        │
├─────────────────────────────────────────────────────┼────────────────────┤
│                  time elapsed/mean                  │      1185.38       │
├─────────────────────────────────────────────────────┼────────────────────┤
│                   time iter/mean                    │       2.126        │
├─────────────────────────────────────────────────────┼────────────────────┤
│                mean value loss/mean                 │       0.001        │
├─────────────────────────────────────────────────────┼────────────────────┤
│              mean surrogate loss/mean               │       -0.008       │
├─────────────────────────────────────────────────────┼────────────────────┤
│               mean decoder loss/mean                │         0.         │
├─────────────────────────────────────────────────────┼────────────────────┤
│           mean decoder loss student/mean            │         0.         │
├─────────────────────────────────────────────────────┼────────────────────┤
│             mean decoder test loss/mean             │         0.         │
├─────────────────────────────────────────────────────┼────────────────────┤
│         mean decoder test loss student/mean         │         0.         │
├─────────────────────────────────────────────────────┼────────────────────┤
│                      timesteps                      │      55148544      │
├─────────────────────────────────────────────────────┼────────────────────┤
│                     iterations                      │        560         │
╘═════════════════════════════════════════════════════╧════════════════════╛

══════════════════════════════════════════
[33m        job         [0m
────────────────────┬─────────────────────
       status       │ running             
      runTime       │ 2025-07-07 11:54:41.895770
════════════════════╧═════════════════════
╒═════════════════════════════════════════════════════╤════════════════════╕
│       train/episode/rew tracking lin vel/mean       │       17.89        │
├─────────────────────────────────────────────────────┼────────────────────┤
│       train/episode/rew tracking ang vel/mean       │       8.171        │
├─────────────────────────────────────────────────────┼────────────────────┤
│          train/episode/rew lin vel z/mean           │       -0.035       │
├─────────────────────────────────────────────────────┼────────────────────┤
│          train/episode/rew ang vel xy/mean          │       -0.024       │
├─────────────────────────────────────────────────────┼────────────────────┤
│           train/episode/rew torques/mean            │       -2.816       │
├─────────────────────────────────────────────────────┼────────────────────┤
│           train/episode/rew dof vel/mean            │       -0.225       │
├─────────────────────────────────────────────────────┼────────────────────┤
│           train/episode/rew dof acc/mean            │       -1.052       │
├─────────────────────────────────────────────────────┼────────────────────┤
│          train/episode/rew collision/mean           │       -0.338       │
├─────────────────────────────────────────────────────┼────────────────────┤
│         train/episode/rew action rate/mean          │       -1.331       │
├─────────────────────────────────────────────────────┼────────────────────┤
│train/episode/rew tracking contacts shaped force/mean│       -4.063       │
├─────────────────────────────────────────────────────┼────────────────────┤
│ train/episode/rew tracking contacts shaped vel/mean │       -1.905       │
├─────────────────────────────────────────────────────┼────────────────────┤
│             train/episode/rew jump/mean             │       -1.673       │
├─────────────────────────────────────────────────────┼────────────────────┤
│        train/episode/rew dof pos limits/mean        │       -0.433       │
├─────────────────────────────────────────────────────┼────────────────────┤
│          train/episode/rew feet slip/mean           │       -0.226       │
├─────────────────────────────────────────────────────┼────────────────────┤
│  train/episode/rew feet clearance cmd linear/mean   │       -2.713       │
├─────────────────────────────────────────────────────┼────────────────────┤
│     train/episode/rew action smoothness 1/mean      │       -0.601       │
├─────────────────────────────────────────────────────┼────────────────────┤
│     train/episode/rew action smoothness 2/mean      │       -0.834       │
├─────────────────────────────────────────────────────┼────────────────────┤
│      train/episode/rew raibert heuristic/mean       │       -1.808       │
├─────────────────────────────────────────────────────┼────────────────────┤
│     train/episode/rew orientation control/mean      │         0.         │
├─────────────────────────────────────────────────────┼────────────────────┤
│            train/episode/rew total/mean             │       11.756       │
├─────────────────────────────────────────────────────┼────────────────────┤
│       train/episode/min command duration/mean       │        0.5         │
├─────────────────────────────────────────────────────┼────────────────────┤
│       train/episode/max command duration/mean       │        0.5         │
├─────────────────────────────────────────────────────┼────────────────────┤
│        train/episode/min command bound/mean         │         0.         │
├─────────────────────────────────────────────────────┼────────────────────┤
│        train/episode/max command bound/mean         │         0.         │
├─────────────────────────────────────────────────────┼────────────────────┤
│        train/episode/min command offset/mean        │         0.         │
├─────────────────────────────────────────────────────┼────────────────────┤
│        train/episode/max command offset/mean        │         0.         │
├─────────────────────────────────────────────────────┼────────────────────┤
│        train/episode/min command phase/mean         │        0.5         │
├─────────────────────────────────────────────────────┼────────────────────┤
│        train/episode/max command phase/mean         │        0.5         │
├─────────────────────────────────────────────────────┼────────────────────┤
│         train/episode/min command freq/mean         │         2.         │
├─────────────────────────────────────────────────────┼────────────────────┤
│         train/episode/max command freq/mean         │         4.         │
├─────────────────────────────────────────────────────┼────────────────────┤
│        train/episode/min command x vel/mean         │       -1.047       │
├─────────────────────────────────────────────────────┼────────────────────┤
│        train/episode/max command x vel/mean         │       1.046        │
├─────────────────────────────────────────────────────┼────────────────────┤
│        train/episode/min command y vel/mean         │        -0.2        │
├─────────────────────────────────────────────────────┼────────────────────┤
│        train/episode/max command y vel/mean         │        0.2         │
├─────────────────────────────────────────────────────┼────────────────────┤
│       train/episode/min command yaw vel/mean        │       -1.047       │
├─────────────────────────────────────────────────────┼────────────────────┤
│       train/episode/max command yaw vel/mean        │       1.048        │
├─────────────────────────────────────────────────────┼────────────────────┤
│     train/episode/min command swing height/mean     │        0.03        │
├─────────────────────────────────────────────────────┼────────────────────┤
│     train/episode/max command swing height/mean     │        0.35        │
├─────────────────────────────────────────────────────┼────────────────────┤
│        train/episode/command area trot/mean         │       0.274        │
├─────────────────────────────────────────────────────┼────────────────────┤
│            train/episode/min action/mean            │       -7.185       │
├─────────────────────────────────────────────────────┼────────────────────┤
│            train/episode/max action/mean            │       5.406        │
├─────────────────────────────────────────────────────┼────────────────────┤
│                  time elapsed/mean                  │      1206.646      │
├─────────────────────────────────────────────────────┼────────────────────┤
│                   time iter/mean                    │       2.126        │
├─────────────────────────────────────────────────────┼────────────────────┤
│                mean value loss/mean                 │       0.003        │
├─────────────────────────────────────────────────────┼────────────────────┤
│              mean surrogate loss/mean               │       -0.008       │
├─────────────────────────────────────────────────────┼────────────────────┤
│               mean decoder loss/mean                │         0.         │
├─────────────────────────────────────────────────────┼────────────────────┤
│           mean decoder loss student/mean            │         0.         │
├─────────────────────────────────────────────────────┼────────────────────┤
│             mean decoder test loss/mean             │         0.         │
├─────────────────────────────────────────────────────┼────────────────────┤
│         mean decoder test loss student/mean         │         0.         │
├─────────────────────────────────────────────────────┼────────────────────┤
│                      timesteps                      │      56131584      │
├─────────────────────────────────────────────────────┼────────────────────┤
│                     iterations                      │        570         │
╘═════════════════════════════════════════════════════╧════════════════════╛

══════════════════════════════════════════
[33m        job         [0m
────────────────────┬─────────────────────
       status       │ running             
      runTime       │ 2025-07-07 11:55:03.157820
════════════════════╧═════════════════════
╒═════════════════════════════════════════════════════╤════════════════════╕
│       train/episode/rew tracking lin vel/mean       │       17.592       │
├─────────────────────────────────────────────────────┼────────────────────┤
│       train/episode/rew tracking ang vel/mean       │       8.054        │
├─────────────────────────────────────────────────────┼────────────────────┤
│          train/episode/rew lin vel z/mean           │       -0.036       │
├─────────────────────────────────────────────────────┼────────────────────┤
│          train/episode/rew ang vel xy/mean          │       -0.024       │
├─────────────────────────────────────────────────────┼────────────────────┤
│           train/episode/rew torques/mean            │       -2.728       │
├─────────────────────────────────────────────────────┼────────────────────┤
│           train/episode/rew dof vel/mean            │       -0.227       │
├─────────────────────────────────────────────────────┼────────────────────┤
│           train/episode/rew dof acc/mean            │       -1.062       │
├─────────────────────────────────────────────────────┼────────────────────┤
│          train/episode/rew collision/mean           │       -0.313       │
├─────────────────────────────────────────────────────┼────────────────────┤
│         train/episode/rew action rate/mean          │       -1.318       │
├─────────────────────────────────────────────────────┼────────────────────┤
│train/episode/rew tracking contacts shaped force/mean│       -3.941       │
├─────────────────────────────────────────────────────┼────────────────────┤
│ train/episode/rew tracking contacts shaped vel/mean │       -1.922       │
├─────────────────────────────────────────────────────┼────────────────────┤
│             train/episode/rew jump/mean             │       -1.635       │
├─────────────────────────────────────────────────────┼────────────────────┤
│        train/episode/rew dof pos limits/mean        │       -0.479       │
├─────────────────────────────────────────────────────┼────────────────────┤
│          train/episode/rew feet slip/mean           │       -0.224       │
├─────────────────────────────────────────────────────┼────────────────────┤
│  train/episode/rew feet clearance cmd linear/mean   │       -2.752       │
├─────────────────────────────────────────────────────┼────────────────────┤
│     train/episode/rew action smoothness 1/mean      │       -0.599       │
├─────────────────────────────────────────────────────┼────────────────────┤
│     train/episode/rew action smoothness 2/mean      │       -0.825       │
├─────────────────────────────────────────────────────┼────────────────────┤
│      train/episode/rew raibert heuristic/mean       │       -1.883       │
├─────────────────────────────────────────────────────┼────────────────────┤
│     train/episode/rew orientation control/mean      │         0.         │
├─────────────────────────────────────────────────────┼────────────────────┤
│            train/episode/rew total/mean             │       11.565       │
├─────────────────────────────────────────────────────┼────────────────────┤
│       train/episode/min command duration/mean       │        0.5         │
├─────────────────────────────────────────────────────┼────────────────────┤
│       train/episode/max command duration/mean       │        0.5         │
├─────────────────────────────────────────────────────┼────────────────────┤
│        train/episode/min command bound/mean         │         0.         │
├─────────────────────────────────────────────────────┼────────────────────┤
│        train/episode/max command bound/mean         │         0.         │
├─────────────────────────────────────────────────────┼────────────────────┤
│        train/episode/min command offset/mean        │         0.         │
├─────────────────────────────────────────────────────┼────────────────────┤
│        train/episode/max command offset/mean        │         0.         │
├─────────────────────────────────────────────────────┼────────────────────┤
│        train/episode/min command phase/mean         │        0.5         │
├─────────────────────────────────────────────────────┼────────────────────┤
│        train/episode/max command phase/mean         │        0.5         │
├─────────────────────────────────────────────────────┼────────────────────┤
│         train/episode/min command freq/mean         │       2.001        │
├─────────────────────────────────────────────────────┼────────────────────┤
│         train/episode/max command freq/mean         │         4.         │
├─────────────────────────────────────────────────────┼────────────────────┤
│        train/episode/min command x vel/mean         │       -1.047       │
├─────────────────────────────────────────────────────┼────────────────────┤
│        train/episode/max command x vel/mean         │       1.047        │
├─────────────────────────────────────────────────────┼────────────────────┤
│        train/episode/min command y vel/mean         │        -0.2        │
├─────────────────────────────────────────────────────┼────────────────────┤
│        train/episode/max command y vel/mean         │        0.2         │
├─────────────────────────────────────────────────────┼────────────────────┤
│       train/episode/min command yaw vel/mean        │       -1.048       │
├─────────────────────────────────────────────────────┼────────────────────┤
│       train/episode/max command yaw vel/mean        │       1.048        │
├─────────────────────────────────────────────────────┼────────────────────┤
│     train/episode/min command swing height/mean     │        0.03        │
├─────────────────────────────────────────────────────┼────────────────────┤
│     train/episode/max command swing height/mean     │        0.35        │
├─────────────────────────────────────────────────────┼────────────────────┤
│        train/episode/command area trot/mean         │       0.274        │
├─────────────────────────────────────────────────────┼────────────────────┤
│            train/episode/min action/mean            │       -7.24        │
├─────────────────────────────────────────────────────┼────────────────────┤
│            train/episode/max action/mean            │       5.449        │
├─────────────────────────────────────────────────────┼────────────────────┤
│                  time elapsed/mean                  │      1227.734      │
├─────────────────────────────────────────────────────┼────────────────────┤
│                   time iter/mean                    │       2.091        │
├─────────────────────────────────────────────────────┼────────────────────┤
│                mean value loss/mean                 │       0.002        │
├─────────────────────────────────────────────────────┼────────────────────┤
│              mean surrogate loss/mean               │       -0.007       │
├─────────────────────────────────────────────────────┼────────────────────┤
│               mean decoder loss/mean                │         0.         │
├─────────────────────────────────────────────────────┼────────────────────┤
│           mean decoder loss student/mean            │         0.         │
├─────────────────────────────────────────────────────┼────────────────────┤
│             mean decoder test loss/mean             │         0.         │
├─────────────────────────────────────────────────────┼────────────────────┤
│         mean decoder test loss student/mean         │         0.         │
├─────────────────────────────────────────────────────┼────────────────────┤
│                      timesteps                      │      57114624      │
├─────────────────────────────────────────────────────┼────────────────────┤
│                     iterations                      │        580         │
╘═════════════════════════════════════════════════════╧════════════════════╛

══════════════════════════════════════════
[33m        job         [0m
────────────────────┬─────────────────────
       status       │ running             
      runTime       │ 2025-07-07 11:55:24.063530
════════════════════╧═════════════════════
╒═════════════════════════════════════════════════════╤════════════════════╕
│       train/episode/rew tracking lin vel/mean       │       17.45        │
├─────────────────────────────────────────────────────┼────────────────────┤
│       train/episode/rew tracking ang vel/mean       │        7.99        │
├─────────────────────────────────────────────────────┼────────────────────┤
│          train/episode/rew lin vel z/mean           │       -0.035       │
├─────────────────────────────────────────────────────┼────────────────────┤
│          train/episode/rew ang vel xy/mean          │       -0.023       │
├─────────────────────────────────────────────────────┼────────────────────┤
│           train/episode/rew torques/mean            │       -2.724       │
├─────────────────────────────────────────────────────┼────────────────────┤
│           train/episode/rew dof vel/mean            │       -0.221       │
├─────────────────────────────────────────────────────┼────────────────────┤
│           train/episode/rew dof acc/mean            │       -1.037       │
├─────────────────────────────────────────────────────┼────────────────────┤
│          train/episode/rew collision/mean           │       -0.289       │
├─────────────────────────────────────────────────────┼────────────────────┤
│         train/episode/rew action rate/mean          │       -1.291       │
├─────────────────────────────────────────────────────┼────────────────────┤
│train/episode/rew tracking contacts shaped force/mean│       -3.859       │
├─────────────────────────────────────────────────────┼────────────────────┤
│ train/episode/rew tracking contacts shaped vel/mean │       -1.903       │
├─────────────────────────────────────────────────────┼────────────────────┤
│             train/episode/rew jump/mean             │       -1.533       │
├─────────────────────────────────────────────────────┼────────────────────┤
│        train/episode/rew dof pos limits/mean        │       -0.429       │
├─────────────────────────────────────────────────────┼────────────────────┤
│          train/episode/rew feet slip/mean           │       -0.225       │
├─────────────────────────────────────────────────────┼────────────────────┤
│  train/episode/rew feet clearance cmd linear/mean   │       -2.77        │
├─────────────────────────────────────────────────────┼────────────────────┤
│     train/episode/rew action smoothness 1/mean      │       -0.587       │
├─────────────────────────────────────────────────────┼────────────────────┤
│     train/episode/rew action smoothness 2/mean      │       -0.81        │
├─────────────────────────────────────────────────────┼────────────────────┤
│      train/episode/rew raibert heuristic/mean       │       -1.773       │
├─────────────────────────────────────────────────────┼────────────────────┤
│     train/episode/rew orientation control/mean      │         0.         │
├─────────────────────────────────────────────────────┼────────────────────┤
│            train/episode/rew total/mean             │       11.512       │
├─────────────────────────────────────────────────────┼────────────────────┤
│       train/episode/min command duration/mean       │        0.5         │
├─────────────────────────────────────────────────────┼────────────────────┤
│       train/episode/max command duration/mean       │        0.5         │
├─────────────────────────────────────────────────────┼────────────────────┤
│        train/episode/min command bound/mean         │         0.         │
├─────────────────────────────────────────────────────┼────────────────────┤
│        train/episode/max command bound/mean         │         0.         │
├─────────────────────────────────────────────────────┼────────────────────┤
│        train/episode/min command offset/mean        │         0.         │
├─────────────────────────────────────────────────────┼────────────────────┤
│        train/episode/max command offset/mean        │         0.         │
├─────────────────────────────────────────────────────┼────────────────────┤
│        train/episode/min command phase/mean         │        0.5         │
├─────────────────────────────────────────────────────┼────────────────────┤
│        train/episode/max command phase/mean         │        0.5         │
├─────────────────────────────────────────────────────┼────────────────────┤
│         train/episode/min command freq/mean         │         2.         │
├─────────────────────────────────────────────────────┼────────────────────┤
│         train/episode/max command freq/mean         │         4.         │
├─────────────────────────────────────────────────────┼────────────────────┤
│        train/episode/min command x vel/mean         │       -1.047       │
├─────────────────────────────────────────────────────┼────────────────────┤
│        train/episode/max command x vel/mean         │       1.047        │
├─────────────────────────────────────────────────────┼────────────────────┤
│        train/episode/min command y vel/mean         │        -0.2        │
├─────────────────────────────────────────────────────┼────────────────────┤
│        train/episode/max command y vel/mean         │        0.2         │
├─────────────────────────────────────────────────────┼────────────────────┤
│       train/episode/min command yaw vel/mean        │       -1.047       │
├─────────────────────────────────────────────────────┼────────────────────┤
│       train/episode/max command yaw vel/mean        │       1.047        │
├─────────────────────────────────────────────────────┼────────────────────┤
│     train/episode/min command swing height/mean     │        0.03        │
├─────────────────────────────────────────────────────┼────────────────────┤
│     train/episode/max command swing height/mean     │        0.35        │
├─────────────────────────────────────────────────────┼────────────────────┤
│        train/episode/command area trot/mean         │       0.274        │
├─────────────────────────────────────────────────────┼────────────────────┤
│            train/episode/min action/mean            │       -7.314       │
├─────────────────────────────────────────────────────┼────────────────────┤
│            train/episode/max action/mean            │       5.588        │
├─────────────────────────────────────────────────────┼────────────────────┤
│                  time elapsed/mean                  │      1249.558      │
├─────────────────────────────────────────────────────┼────────────────────┤
│                   time iter/mean                    │       2.288        │
├─────────────────────────────────────────────────────┼────────────────────┤
│                mean value loss/mean                 │       0.002        │
├─────────────────────────────────────────────────────┼────────────────────┤
│              mean surrogate loss/mean               │       -0.008       │
├─────────────────────────────────────────────────────┼────────────────────┤
│               mean decoder loss/mean                │         0.         │
├─────────────────────────────────────────────────────┼────────────────────┤
│           mean decoder loss student/mean            │         0.         │
├─────────────────────────────────────────────────────┼────────────────────┤
│             mean decoder test loss/mean             │         0.         │
├─────────────────────────────────────────────────────┼────────────────────┤
│         mean decoder test loss student/mean         │         0.         │
├─────────────────────────────────────────────────────┼────────────────────┤
│                      timesteps                      │      58097664      │
├─────────────────────────────────────────────────────┼────────────────────┤
│                     iterations                      │        590         │
╘═════════════════════════════════════════════════════╧════════════════════╛

══════════════════════════════════════════
[33m        job         [0m
────────────────────┬─────────────────────
       status       │ running             
      runTime       │ 2025-07-07 11:55:46.941146
════════════════════╧═════════════════════
╒═════════════════════════════════════════════════════╤════════════════════╕
│       train/episode/rew tracking lin vel/mean       │       17.794       │
├─────────────────────────────────────────────────────┼────────────────────┤
│       train/episode/rew tracking ang vel/mean       │       8.138        │
├─────────────────────────────────────────────────────┼────────────────────┤
│          train/episode/rew lin vel z/mean           │       -0.035       │
├─────────────────────────────────────────────────────┼────────────────────┤
│          train/episode/rew ang vel xy/mean          │       -0.023       │
├─────────────────────────────────────────────────────┼────────────────────┤
│           train/episode/rew torques/mean            │       -2.759       │
├─────────────────────────────────────────────────────┼────────────────────┤
│           train/episode/rew dof vel/mean            │       -0.227       │
├─────────────────────────────────────────────────────┼────────────────────┤
│           train/episode/rew dof acc/mean            │       -1.075       │
├─────────────────────────────────────────────────────┼────────────────────┤
│          train/episode/rew collision/mean           │       -0.248       │
├─────────────────────────────────────────────────────┼────────────────────┤
│         train/episode/rew action rate/mean          │       -1.332       │
├─────────────────────────────────────────────────────┼────────────────────┤
│train/episode/rew tracking contacts shaped force/mean│       -3.868       │
├─────────────────────────────────────────────────────┼────────────────────┤
│ train/episode/rew tracking contacts shaped vel/mean │       -1.961       │
├─────────────────────────────────────────────────────┼────────────────────┤
│             train/episode/rew jump/mean             │       -1.481       │
├─────────────────────────────────────────────────────┼────────────────────┤
│        train/episode/rew dof pos limits/mean        │       -0.46        │
├─────────────────────────────────────────────────────┼────────────────────┤
│          train/episode/rew feet slip/mean           │       -0.227       │
├─────────────────────────────────────────────────────┼────────────────────┤
│  train/episode/rew feet clearance cmd linear/mean   │       -2.944       │
├─────────────────────────────────────────────────────┼────────────────────┤
│     train/episode/rew action smoothness 1/mean      │       -0.606       │
├─────────────────────────────────────────────────────┼────────────────────┤
│     train/episode/rew action smoothness 2/mean      │       -0.832       │
├─────────────────────────────────────────────────────┼────────────────────┤
│      train/episode/rew raibert heuristic/mean       │       -1.75        │
├─────────────────────────────────────────────────────┼────────────────────┤
│     train/episode/rew orientation control/mean      │         0.         │
├─────────────────────────────────────────────────────┼────────────────────┤
│            train/episode/rew total/mean             │       11.711       │
├─────────────────────────────────────────────────────┼────────────────────┤
│       train/episode/min command duration/mean       │        0.5         │
├─────────────────────────────────────────────────────┼────────────────────┤
│       train/episode/max command duration/mean       │        0.5         │
├─────────────────────────────────────────────────────┼────────────────────┤
│        train/episode/min command bound/mean         │         0.         │
├─────────────────────────────────────────────────────┼────────────────────┤
│        train/episode/max command bound/mean         │         0.         │
├─────────────────────────────────────────────────────┼────────────────────┤
│        train/episode/min command offset/mean        │         0.         │
├─────────────────────────────────────────────────────┼────────────────────┤
│        train/episode/max command offset/mean        │         0.         │
├─────────────────────────────────────────────────────┼────────────────────┤
│        train/episode/min command phase/mean         │        0.5         │
├─────────────────────────────────────────────────────┼────────────────────┤
│        train/episode/max command phase/mean         │        0.5         │
├─────────────────────────────────────────────────────┼────────────────────┤
│         train/episode/min command freq/mean         │         2.         │
├─────────────────────────────────────────────────────┼────────────────────┤
│         train/episode/max command freq/mean         │         4.         │
├─────────────────────────────────────────────────────┼────────────────────┤
│        train/episode/min command x vel/mean         │       -1.046       │
├─────────────────────────────────────────────────────┼────────────────────┤
│        train/episode/max command x vel/mean         │       1.046        │
├─────────────────────────────────────────────────────┼────────────────────┤
│        train/episode/min command y vel/mean         │        -0.2        │
├─────────────────────────────────────────────────────┼────────────────────┤
│        train/episode/max command y vel/mean         │        0.2         │
├─────────────────────────────────────────────────────┼────────────────────┤
│       train/episode/min command yaw vel/mean        │       -1.046       │
├─────────────────────────────────────────────────────┼────────────────────┤
│       train/episode/max command yaw vel/mean        │       1.047        │
├─────────────────────────────────────────────────────┼────────────────────┤
│     train/episode/min command swing height/mean     │        0.03        │
├─────────────────────────────────────────────────────┼────────────────────┤
│     train/episode/max command swing height/mean     │        0.35        │
├─────────────────────────────────────────────────────┼────────────────────┤
│        train/episode/command area trot/mean         │       0.274        │
├─────────────────────────────────────────────────────┼────────────────────┤
│            train/episode/min action/mean            │       -7.29        │
├─────────────────────────────────────────────────────┼────────────────────┤
│            train/episode/max action/mean            │       5.583        │
├─────────────────────────────────────────────────────┼────────────────────┤
│                  time elapsed/mean                  │      1271.751      │
├─────────────────────────────────────────────────────┼────────────────────┤
│                   time iter/mean                    │       2.137        │
├─────────────────────────────────────────────────────┼────────────────────┤
│                mean value loss/mean                 │       0.001        │
├─────────────────────────────────────────────────────┼────────────────────┤
│              mean surrogate loss/mean               │       -0.008       │
├─────────────────────────────────────────────────────┼────────────────────┤
│               mean decoder loss/mean                │         0.         │
├─────────────────────────────────────────────────────┼────────────────────┤
│           mean decoder loss student/mean            │         0.         │
├─────────────────────────────────────────────────────┼────────────────────┤
│             mean decoder test loss/mean             │         0.         │
├─────────────────────────────────────────────────────┼────────────────────┤
│         mean decoder test loss student/mean         │         0.         │
├─────────────────────────────────────────────────────┼────────────────────┤
│                      timesteps                      │      59080704      │
├─────────────────────────────────────────────────────┼────────────────────┤
│                     iterations                      │        600         │
╘═════════════════════════════════════════════════════╧════════════════════╛

══════════════════════════════════════════
[33m        job         [0m
────────────────────┬─────────────────────
       status       │ running             
      runTime       │ 2025-07-07 11:56:08.311345
════════════════════╧═════════════════════
╒═════════════════════════════════════════════════════╤════════════════════╕
│       train/episode/rew tracking lin vel/mean       │       17.756       │
├─────────────────────────────────────────────────────┼────────────────────┤
│       train/episode/rew tracking ang vel/mean       │       8.116        │
├─────────────────────────────────────────────────────┼────────────────────┤
│          train/episode/rew lin vel z/mean           │       -0.035       │
├─────────────────────────────────────────────────────┼────────────────────┤
│          train/episode/rew ang vel xy/mean          │       -0.023       │
├─────────────────────────────────────────────────────┼────────────────────┤
│           train/episode/rew torques/mean            │       -2.783       │
├─────────────────────────────────────────────────────┼────────────────────┤
│           train/episode/rew dof vel/mean            │       -0.232       │
├─────────────────────────────────────────────────────┼────────────────────┤
│           train/episode/rew dof acc/mean            │       -1.102       │
├─────────────────────────────────────────────────────┼────────────────────┤
│          train/episode/rew collision/mean           │        -0.3        │
├─────────────────────────────────────────────────────┼────────────────────┤
│         train/episode/rew action rate/mean          │       -1.356       │
├─────────────────────────────────────────────────────┼────────────────────┤
│train/episode/rew tracking contacts shaped force/mean│       -3.909       │
├─────────────────────────────────────────────────────┼────────────────────┤
│ train/episode/rew tracking contacts shaped vel/mean │       -1.958       │
├─────────────────────────────────────────────────────┼────────────────────┤
│             train/episode/rew jump/mean             │       -1.496       │
├─────────────────────────────────────────────────────┼────────────────────┤
│        train/episode/rew dof pos limits/mean        │       -0.453       │
├─────────────────────────────────────────────────────┼────────────────────┤
│          train/episode/rew feet slip/mean           │       -0.231       │
├─────────────────────────────────────────────────────┼────────────────────┤
│  train/episode/rew feet clearance cmd linear/mean   │       -2.947       │
├─────────────────────────────────────────────────────┼────────────────────┤
│     train/episode/rew action smoothness 1/mean      │       -0.619       │
├─────────────────────────────────────────────────────┼────────────────────┤
│     train/episode/rew action smoothness 2/mean      │       -0.844       │
├─────────────────────────────────────────────────────┼────────────────────┤
│      train/episode/rew raibert heuristic/mean       │       -1.782       │
├─────────────────────────────────────────────────────┼────────────────────┤
│     train/episode/rew orientation control/mean      │         0.         │
├─────────────────────────────────────────────────────┼────────────────────┤
│            train/episode/rew total/mean             │       11.59        │
├─────────────────────────────────────────────────────┼────────────────────┤
│       train/episode/min command duration/mean       │        0.5         │
├─────────────────────────────────────────────────────┼────────────────────┤
│       train/episode/max command duration/mean       │        0.5         │
├─────────────────────────────────────────────────────┼────────────────────┤
│        train/episode/min command bound/mean         │         0.         │
├─────────────────────────────────────────────────────┼────────────────────┤
│        train/episode/max command bound/mean         │         0.         │
├─────────────────────────────────────────────────────┼────────────────────┤
│        train/episode/min command offset/mean        │         0.         │
├─────────────────────────────────────────────────────┼────────────────────┤
│        train/episode/max command offset/mean        │         0.         │
├─────────────────────────────────────────────────────┼────────────────────┤
│        train/episode/min command phase/mean         │        0.5         │
├─────────────────────────────────────────────────────┼────────────────────┤
│        train/episode/max command phase/mean         │        0.5         │
├─────────────────────────────────────────────────────┼────────────────────┤
│         train/episode/min command freq/mean         │       2.001        │
├─────────────────────────────────────────────────────┼────────────────────┤
│         train/episode/max command freq/mean         │         4.         │
├─────────────────────────────────────────────────────┼────────────────────┤
│        train/episode/min command x vel/mean         │       -1.047       │
├─────────────────────────────────────────────────────┼────────────────────┤
│        train/episode/max command x vel/mean         │       1.047        │
├─────────────────────────────────────────────────────┼────────────────────┤
│        train/episode/min command y vel/mean         │        -0.2        │
├─────────────────────────────────────────────────────┼────────────────────┤
│        train/episode/max command y vel/mean         │        0.2         │
├─────────────────────────────────────────────────────┼────────────────────┤
│       train/episode/min command yaw vel/mean        │       -1.047       │
├─────────────────────────────────────────────────────┼────────────────────┤
│       train/episode/max command yaw vel/mean        │       1.047        │
├─────────────────────────────────────────────────────┼────────────────────┤
│     train/episode/min command swing height/mean     │        0.03        │
├─────────────────────────────────────────────────────┼────────────────────┤
│     train/episode/max command swing height/mean     │        0.35        │
├─────────────────────────────────────────────────────┼────────────────────┤
│        train/episode/command area trot/mean         │       0.274        │
├─────────────────────────────────────────────────────┼────────────────────┤
│            train/episode/min action/mean            │       -7.218       │
├─────────────────────────────────────────────────────┼────────────────────┤
│            train/episode/max action/mean            │        5.64        │
├─────────────────────────────────────────────────────┼────────────────────┤
│                  time elapsed/mean                  │      1293.125      │
├─────────────────────────────────────────────────────┼────────────────────┤
│                   time iter/mean                    │       2.136        │
├─────────────────────────────────────────────────────┼────────────────────┤
│                mean value loss/mean                 │       0.002        │
├─────────────────────────────────────────────────────┼────────────────────┤
│              mean surrogate loss/mean               │       -0.008       │
├─────────────────────────────────────────────────────┼────────────────────┤
│               mean decoder loss/mean                │         0.         │
├─────────────────────────────────────────────────────┼────────────────────┤
│           mean decoder loss student/mean            │         0.         │
├─────────────────────────────────────────────────────┼────────────────────┤
│             mean decoder test loss/mean             │         0.         │
├─────────────────────────────────────────────────────┼────────────────────┤
│         mean decoder test loss student/mean         │         0.         │
├─────────────────────────────────────────────────────┼────────────────────┤
│                      timesteps                      │      60063744      │
├─────────────────────────────────────────────────────┼────────────────────┤
│                     iterations                      │        610         │
╘═════════════════════════════════════════════════════╧════════════════════╛

══════════════════════════════════════════
[33m        job         [0m
────────────────────┬─────────────────────
       status       │ running             
      runTime       │ 2025-07-07 11:56:29.666613
════════════════════╧═════════════════════
╒═════════════════════════════════════════════════════╤════════════════════╕
│       train/episode/rew tracking lin vel/mean       │       17.861       │
├─────────────────────────────────────────────────────┼────────────────────┤
│       train/episode/rew tracking ang vel/mean       │       8.161        │
├─────────────────────────────────────────────────────┼────────────────────┤
│          train/episode/rew lin vel z/mean           │       -0.036       │
├─────────────────────────────────────────────────────┼────────────────────┤
│          train/episode/rew ang vel xy/mean          │       -0.023       │
├─────────────────────────────────────────────────────┼────────────────────┤
│           train/episode/rew torques/mean            │       -2.768       │
├─────────────────────────────────────────────────────┼────────────────────┤
│           train/episode/rew dof vel/mean            │       -0.235       │
├─────────────────────────────────────────────────────┼────────────────────┤
│           train/episode/rew dof acc/mean            │       -1.105       │
├─────────────────────────────────────────────────────┼────────────────────┤
│          train/episode/rew collision/mean           │       -0.262       │
├─────────────────────────────────────────────────────┼────────────────────┤
│         train/episode/rew action rate/mean          │       -1.361       │
├─────────────────────────────────────────────────────┼────────────────────┤
│train/episode/rew tracking contacts shaped force/mean│       -3.826       │
├─────────────────────────────────────────────────────┼────────────────────┤
│ train/episode/rew tracking contacts shaped vel/mean │       -1.981       │
├─────────────────────────────────────────────────────┼────────────────────┤
│             train/episode/rew jump/mean             │       -1.533       │
├─────────────────────────────────────────────────────┼────────────────────┤
│        train/episode/rew dof pos limits/mean        │       -0.507       │
├─────────────────────────────────────────────────────┼────────────────────┤
│          train/episode/rew feet slip/mean           │       -0.225       │
├─────────────────────────────────────────────────────┼────────────────────┤
│  train/episode/rew feet clearance cmd linear/mean   │       -2.962       │
├─────────────────────────────────────────────────────┼────────────────────┤
│     train/episode/rew action smoothness 1/mean      │       -0.62        │
├─────────────────────────────────────────────────────┼────────────────────┤
│     train/episode/rew action smoothness 2/mean      │       -0.848       │
├─────────────────────────────────────────────────────┼────────────────────┤
│      train/episode/rew raibert heuristic/mean       │       -1.856       │
├─────────────────────────────────────────────────────┼────────────────────┤
│     train/episode/rew orientation control/mean      │         0.         │
├─────────────────────────────────────────────────────┼────────────────────┤
│            train/episode/rew total/mean             │       11.626       │
├─────────────────────────────────────────────────────┼────────────────────┤
│       train/episode/min command duration/mean       │        0.5         │
├─────────────────────────────────────────────────────┼────────────────────┤
│       train/episode/max command duration/mean       │        0.5         │
├─────────────────────────────────────────────────────┼────────────────────┤
│        train/episode/min command bound/mean         │         0.         │
├─────────────────────────────────────────────────────┼────────────────────┤
│        train/episode/max command bound/mean         │         0.         │
├─────────────────────────────────────────────────────┼────────────────────┤
│        train/episode/min command offset/mean        │         0.         │
├─────────────────────────────────────────────────────┼────────────────────┤
│        train/episode/max command offset/mean        │         0.         │
├─────────────────────────────────────────────────────┼────────────────────┤
│        train/episode/min command phase/mean         │        0.5         │
├─────────────────────────────────────────────────────┼────────────────────┤
│        train/episode/max command phase/mean         │        0.5         │
├─────────────────────────────────────────────────────┼────────────────────┤
│         train/episode/min command freq/mean         │       2.001        │
├─────────────────────────────────────────────────────┼────────────────────┤
│         train/episode/max command freq/mean         │       3.999        │
├─────────────────────────────────────────────────────┼────────────────────┤
│        train/episode/min command x vel/mean         │       -1.047       │
├─────────────────────────────────────────────────────┼────────────────────┤
│        train/episode/max command x vel/mean         │       1.047        │
├─────────────────────────────────────────────────────┼────────────────────┤
│        train/episode/min command y vel/mean         │        -0.2        │
├─────────────────────────────────────────────────────┼────────────────────┤
│        train/episode/max command y vel/mean         │        0.2         │
├─────────────────────────────────────────────────────┼────────────────────┤
│       train/episode/min command yaw vel/mean        │       -1.047       │
├─────────────────────────────────────────────────────┼────────────────────┤
│       train/episode/max command yaw vel/mean        │       1.047        │
├─────────────────────────────────────────────────────┼────────────────────┤
│     train/episode/min command swing height/mean     │        0.03        │
├─────────────────────────────────────────────────────┼────────────────────┤
│     train/episode/max command swing height/mean     │        0.35        │
├─────────────────────────────────────────────────────┼────────────────────┤
│        train/episode/command area trot/mean         │       0.274        │
├─────────────────────────────────────────────────────┼────────────────────┤
│            train/episode/min action/mean            │       -7.348       │
├─────────────────────────────────────────────────────┼────────────────────┤
│            train/episode/max action/mean            │       5.724        │
├─────────────────────────────────────────────────────┼────────────────────┤
│                  time elapsed/mean                  │      1314.253      │
├─────────────────────────────────────────────────────┼────────────────────┤
│                   time iter/mean                    │       2.092        │
├─────────────────────────────────────────────────────┼────────────────────┤
│                mean value loss/mean                 │       0.002        │
├─────────────────────────────────────────────────────┼────────────────────┤
│              mean surrogate loss/mean               │       -0.007       │
├─────────────────────────────────────────────────────┼────────────────────┤
│               mean decoder loss/mean                │         0.         │
├─────────────────────────────────────────────────────┼────────────────────┤
│           mean decoder loss student/mean            │         0.         │
├─────────────────────────────────────────────────────┼────────────────────┤
│             mean decoder test loss/mean             │         0.         │
├─────────────────────────────────────────────────────┼────────────────────┤
│         mean decoder test loss student/mean         │         0.         │
├─────────────────────────────────────────────────────┼────────────────────┤
│                      timesteps                      │      61046784      │
├─────────────────────────────────────────────────────┼────────────────────┤
│                     iterations                      │        620         │
╘═════════════════════════════════════════════════════╧════════════════════╛

══════════════════════════════════════════
[33m        job         [0m
────────────────────┬─────────────────────
       status       │ running             
      runTime       │ 2025-07-07 11:56:50.585910
════════════════════╧═════════════════════
╒═════════════════════════════════════════════════════╤════════════════════╕
│       train/episode/rew tracking lin vel/mean       │       17.827       │
├─────────────────────────────────────────────────────┼────────────────────┤
│       train/episode/rew tracking ang vel/mean       │       8.138        │
├─────────────────────────────────────────────────────┼────────────────────┤
│          train/episode/rew lin vel z/mean           │       -0.036       │
├─────────────────────────────────────────────────────┼────────────────────┤
│          train/episode/rew ang vel xy/mean          │       -0.023       │
├─────────────────────────────────────────────────────┼────────────────────┤
│           train/episode/rew torques/mean            │       -2.799       │
├─────────────────────────────────────────────────────┼────────────────────┤
│           train/episode/rew dof vel/mean            │       -0.213       │
├─────────────────────────────────────────────────────┼────────────────────┤
│           train/episode/rew dof acc/mean            │       -0.996       │
├─────────────────────────────────────────────────────┼────────────────────┤
│          train/episode/rew collision/mean           │       -0.25        │
├─────────────────────────────────────────────────────┼────────────────────┤
│         train/episode/rew action rate/mean          │       -1.299       │
├─────────────────────────────────────────────────────┼────────────────────┤
│train/episode/rew tracking contacts shaped force/mean│       -4.001       │
├─────────────────────────────────────────────────────┼────────────────────┤
│ train/episode/rew tracking contacts shaped vel/mean │       -1.815       │
├─────────────────────────────────────────────────────┼────────────────────┤
│             train/episode/rew jump/mean             │       -1.387       │
├─────────────────────────────────────────────────────┼────────────────────┤
│        train/episode/rew dof pos limits/mean        │       -0.476       │
├─────────────────────────────────────────────────────┼────────────────────┤
│          train/episode/rew feet slip/mean           │       -0.21        │
├─────────────────────────────────────────────────────┼────────────────────┤
│  train/episode/rew feet clearance cmd linear/mean   │       -2.769       │
├─────────────────────────────────────────────────────┼────────────────────┤
│     train/episode/rew action smoothness 1/mean      │       -0.58        │
├─────────────────────────────────────────────────────┼────────────────────┤
│     train/episode/rew action smoothness 2/mean      │       -0.821       │
├─────────────────────────────────────────────────────┼────────────────────┤
│      train/episode/rew raibert heuristic/mean       │       -1.764       │
├─────────────────────────────────────────────────────┼────────────────────┤
│     train/episode/rew orientation control/mean      │         0.         │
├─────────────────────────────────────────────────────┼────────────────────┤
│            train/episode/rew total/mean             │       11.995       │
├─────────────────────────────────────────────────────┼────────────────────┤
│       train/episode/min command duration/mean       │        0.5         │
├─────────────────────────────────────────────────────┼────────────────────┤
│       train/episode/max command duration/mean       │        0.5         │
├─────────────────────────────────────────────────────┼────────────────────┤
│        train/episode/min command bound/mean         │         0.         │
├─────────────────────────────────────────────────────┼────────────────────┤
│        train/episode/max command bound/mean         │         0.         │
├─────────────────────────────────────────────────────┼────────────────────┤
│        train/episode/min command offset/mean        │         0.         │
├─────────────────────────────────────────────────────┼────────────────────┤
│        train/episode/max command offset/mean        │         0.         │
├─────────────────────────────────────────────────────┼────────────────────┤
│        train/episode/min command phase/mean         │        0.5         │
├─────────────────────────────────────────────────────┼────────────────────┤
│        train/episode/max command phase/mean         │        0.5         │
├─────────────────────────────────────────────────────┼────────────────────┤
│         train/episode/min command freq/mean         │       2.001        │
├─────────────────────────────────────────────────────┼────────────────────┤
│         train/episode/max command freq/mean         │       3.999        │
├─────────────────────────────────────────────────────┼────────────────────┤
│        train/episode/min command x vel/mean         │       -1.047       │
├─────────────────────────────────────────────────────┼────────────────────┤
│        train/episode/max command x vel/mean         │       1.047        │
├─────────────────────────────────────────────────────┼────────────────────┤
│        train/episode/min command y vel/mean         │        -0.2        │
├─────────────────────────────────────────────────────┼────────────────────┤
│        train/episode/max command y vel/mean         │        0.2         │
├─────────────────────────────────────────────────────┼────────────────────┤
│       train/episode/min command yaw vel/mean        │       -1.047       │
├─────────────────────────────────────────────────────┼────────────────────┤
│       train/episode/max command yaw vel/mean        │       1.047        │
├─────────────────────────────────────────────────────┼────────────────────┤
│     train/episode/min command swing height/mean     │        0.03        │
├─────────────────────────────────────────────────────┼────────────────────┤
│     train/episode/max command swing height/mean     │        0.35        │
├─────────────────────────────────────────────────────┼────────────────────┤
│        train/episode/command area trot/mean         │       0.274        │
├─────────────────────────────────────────────────────┼────────────────────┤
│            train/episode/min action/mean            │       -7.511       │
├─────────────────────────────────────────────────────┼────────────────────┤
│            train/episode/max action/mean            │       5.787        │
├─────────────────────────────────────────────────────┼────────────────────┤
│                  time elapsed/mean                  │      1335.717      │
├─────────────────────────────────────────────────────┼────────────────────┤
│                   time iter/mean                    │       2.268        │
├─────────────────────────────────────────────────────┼────────────────────┤
│                mean value loss/mean                 │       0.002        │
├─────────────────────────────────────────────────────┼────────────────────┤
│              mean surrogate loss/mean               │       -0.007       │
├─────────────────────────────────────────────────────┼────────────────────┤
│               mean decoder loss/mean                │         0.         │
├─────────────────────────────────────────────────────┼────────────────────┤
│           mean decoder loss student/mean            │         0.         │
├─────────────────────────────────────────────────────┼────────────────────┤
│             mean decoder test loss/mean             │         0.         │
├─────────────────────────────────────────────────────┼────────────────────┤
│         mean decoder test loss student/mean         │         0.         │
├─────────────────────────────────────────────────────┼────────────────────┤
│                      timesteps                      │      62029824      │
├─────────────────────────────────────────────────────┼────────────────────┤
│                     iterations                      │        630         │
╘═════════════════════════════════════════════════════╧════════════════════╛

══════════════════════════════════════════
[33m        job         [0m
────────────────────┬─────────────────────
       status       │ running             
      runTime       │ 2025-07-07 11:57:13.260360
════════════════════╧═════════════════════
╒═════════════════════════════════════════════════════╤════════════════════╕
│       train/episode/rew tracking lin vel/mean       │       17.705       │
├─────────────────────────────────────────────────────┼────────────────────┤
│       train/episode/rew tracking ang vel/mean       │       8.098        │
├─────────────────────────────────────────────────────┼────────────────────┤
│          train/episode/rew lin vel z/mean           │       -0.037       │
├─────────────────────────────────────────────────────┼────────────────────┤
│          train/episode/rew ang vel xy/mean          │       -0.024       │
├─────────────────────────────────────────────────────┼────────────────────┤
│           train/episode/rew torques/mean            │       -2.787       │
├─────────────────────────────────────────────────────┼────────────────────┤
│           train/episode/rew dof vel/mean            │       -0.23        │
├─────────────────────────────────────────────────────┼────────────────────┤
│           train/episode/rew dof acc/mean            │       -1.077       │
├─────────────────────────────────────────────────────┼────────────────────┤
│          train/episode/rew collision/mean           │       -0.255       │
├─────────────────────────────────────────────────────┼────────────────────┤
│         train/episode/rew action rate/mean          │       -1.347       │
├─────────────────────────────────────────────────────┼────────────────────┤
│train/episode/rew tracking contacts shaped force/mean│       -3.771       │
├─────────────────────────────────────────────────────┼────────────────────┤
│ train/episode/rew tracking contacts shaped vel/mean │       -1.982       │
├─────────────────────────────────────────────────────┼────────────────────┤
│             train/episode/rew jump/mean             │       -1.548       │
├─────────────────────────────────────────────────────┼────────────────────┤
│        train/episode/rew dof pos limits/mean        │       -0.524       │
├─────────────────────────────────────────────────────┼────────────────────┤
│          train/episode/rew feet slip/mean           │       -0.22        │
├─────────────────────────────────────────────────────┼────────────────────┤
│  train/episode/rew feet clearance cmd linear/mean   │       -2.982       │
├─────────────────────────────────────────────────────┼────────────────────┤
│     train/episode/rew action smoothness 1/mean      │       -0.606       │
├─────────────────────────────────────────────────────┼────────────────────┤
│     train/episode/rew action smoothness 2/mean      │       -0.838       │
├─────────────────────────────────────────────────────┼────────────────────┤
│      train/episode/rew raibert heuristic/mean       │       -1.891       │
├─────────────────────────────────────────────────────┼────────────────────┤
│     train/episode/rew orientation control/mean      │         0.         │
├─────────────────────────────────────────────────────┼────────────────────┤
│            train/episode/rew total/mean             │       11.487       │
├─────────────────────────────────────────────────────┼────────────────────┤
│       train/episode/min command duration/mean       │        0.5         │
├─────────────────────────────────────────────────────┼────────────────────┤
│       train/episode/max command duration/mean       │        0.5         │
├─────────────────────────────────────────────────────┼────────────────────┤
│        train/episode/min command bound/mean         │         0.         │
├─────────────────────────────────────────────────────┼────────────────────┤
│        train/episode/max command bound/mean         │         0.         │
├─────────────────────────────────────────────────────┼────────────────────┤
│        train/episode/min command offset/mean        │         0.         │
├─────────────────────────────────────────────────────┼────────────────────┤
│        train/episode/max command offset/mean        │         0.         │
├─────────────────────────────────────────────────────┼────────────────────┤
│        train/episode/min command phase/mean         │        0.5         │
├─────────────────────────────────────────────────────┼────────────────────┤
│        train/episode/max command phase/mean         │        0.5         │
├─────────────────────────────────────────────────────┼────────────────────┤
│         train/episode/min command freq/mean         │         2.         │
├─────────────────────────────────────────────────────┼────────────────────┤
│         train/episode/max command freq/mean         │       3.999        │
├─────────────────────────────────────────────────────┼────────────────────┤
│        train/episode/min command x vel/mean         │       -1.048       │
├─────────────────────────────────────────────────────┼────────────────────┤
│        train/episode/max command x vel/mean         │       1.047        │
├─────────────────────────────────────────────────────┼────────────────────┤
│        train/episode/min command y vel/mean         │        -0.2        │
├─────────────────────────────────────────────────────┼────────────────────┤
│        train/episode/max command y vel/mean         │        0.2         │
├─────────────────────────────────────────────────────┼────────────────────┤
│       train/episode/min command yaw vel/mean        │       -1.047       │
├─────────────────────────────────────────────────────┼────────────────────┤
│       train/episode/max command yaw vel/mean        │       1.047        │
├─────────────────────────────────────────────────────┼────────────────────┤
│     train/episode/min command swing height/mean     │        0.03        │
├─────────────────────────────────────────────────────┼────────────────────┤
│     train/episode/max command swing height/mean     │        0.35        │
├─────────────────────────────────────────────────────┼────────────────────┤
│        train/episode/command area trot/mean         │       0.274        │
├─────────────────────────────────────────────────────┼────────────────────┤
│            train/episode/min action/mean            │       -7.55        │
├─────────────────────────────────────────────────────┼────────────────────┤
│            train/episode/max action/mean            │        5.88        │
├─────────────────────────────────────────────────────┼────────────────────┤
│                  time elapsed/mean                  │      1358.208      │
├─────────────────────────────────────────────────────┼────────────────────┤
│                   time iter/mean                    │       2.154        │
├─────────────────────────────────────────────────────┼────────────────────┤
│                mean value loss/mean                 │       0.001        │
├─────────────────────────────────────────────────────┼────────────────────┤
│              mean surrogate loss/mean               │       -0.007       │
├─────────────────────────────────────────────────────┼────────────────────┤
│               mean decoder loss/mean                │         0.         │
├─────────────────────────────────────────────────────┼────────────────────┤
│           mean decoder loss student/mean            │         0.         │
├─────────────────────────────────────────────────────┼────────────────────┤
│             mean decoder test loss/mean             │         0.         │
├─────────────────────────────────────────────────────┼────────────────────┤
│         mean decoder test loss student/mean         │         0.         │
├─────────────────────────────────────────────────────┼────────────────────┤
│                      timesteps                      │      63012864      │
├─────────────────────────────────────────────────────┼────────────────────┤
│                     iterations                      │        640         │
╘═════════════════════════════════════════════════════╧════════════════════╛

══════════════════════════════════════════
[33m        job         [0m
────────────────────┬─────────────────────
       status       │ running             
      runTime       │ 2025-07-07 11:57:34.807538
════════════════════╧═════════════════════
╒═════════════════════════════════════════════════════╤════════════════════╕
│       train/episode/rew tracking lin vel/mean       │       17.765       │
├─────────────────────────────────────────────────────┼────────────────────┤
│       train/episode/rew tracking ang vel/mean       │       8.072        │
├─────────────────────────────────────────────────────┼────────────────────┤
│          train/episode/rew lin vel z/mean           │       -0.036       │
├─────────────────────────────────────────────────────┼────────────────────┤
│          train/episode/rew ang vel xy/mean          │       -0.023       │
├─────────────────────────────────────────────────────┼────────────────────┤
│           train/episode/rew torques/mean            │       -2.774       │
├─────────────────────────────────────────────────────┼────────────────────┤
│           train/episode/rew dof vel/mean            │       -0.22        │
├─────────────────────────────────────────────────────┼────────────────────┤
│           train/episode/rew dof acc/mean            │       -1.039       │
├─────────────────────────────────────────────────────┼────────────────────┤
│          train/episode/rew collision/mean           │       -0.242       │
├─────────────────────────────────────────────────────┼────────────────────┤
│         train/episode/rew action rate/mean          │       -1.329       │
├─────────────────────────────────────────────────────┼────────────────────┤
│train/episode/rew tracking contacts shaped force/mean│       -3.851       │
├─────────────────────────────────────────────────────┼────────────────────┤
│ train/episode/rew tracking contacts shaped vel/mean │       -1.876       │
├─────────────────────────────────────────────────────┼────────────────────┤
│             train/episode/rew jump/mean             │       -1.395       │
├─────────────────────────────────────────────────────┼────────────────────┤
│        train/episode/rew dof pos limits/mean        │       -0.533       │
├─────────────────────────────────────────────────────┼────────────────────┤
│          train/episode/rew feet slip/mean           │       -0.213       │
├─────────────────────────────────────────────────────┼────────────────────┤
│  train/episode/rew feet clearance cmd linear/mean   │       -2.726       │
├─────────────────────────────────────────────────────┼────────────────────┤
│     train/episode/rew action smoothness 1/mean      │       -0.596       │
├─────────────────────────────────────────────────────┼────────────────────┤
│     train/episode/rew action smoothness 2/mean      │       -0.834       │
├─────────────────────────────────────────────────────┼────────────────────┤
│      train/episode/rew raibert heuristic/mean       │       -1.861       │
├─────────────────────────────────────────────────────┼────────────────────┤
│     train/episode/rew orientation control/mean      │         0.         │
├─────────────────────────────────────────────────────┼────────────────────┤
│            train/episode/rew total/mean             │       11.801       │
├─────────────────────────────────────────────────────┼────────────────────┤
│       train/episode/min command duration/mean       │        0.5         │
├─────────────────────────────────────────────────────┼────────────────────┤
│       train/episode/max command duration/mean       │        0.5         │
├─────────────────────────────────────────────────────┼────────────────────┤
│        train/episode/min command bound/mean         │         0.         │
├─────────────────────────────────────────────────────┼────────────────────┤
│        train/episode/max command bound/mean         │         0.         │
├─────────────────────────────────────────────────────┼────────────────────┤
│        train/episode/min command offset/mean        │         0.         │
├─────────────────────────────────────────────────────┼────────────────────┤
│        train/episode/max command offset/mean        │         0.         │
├─────────────────────────────────────────────────────┼────────────────────┤
│        train/episode/min command phase/mean         │        0.5         │
├─────────────────────────────────────────────────────┼────────────────────┤
│        train/episode/max command phase/mean         │        0.5         │
├─────────────────────────────────────────────────────┼────────────────────┤
│         train/episode/min command freq/mean         │         2.         │
├─────────────────────────────────────────────────────┼────────────────────┤
│         train/episode/max command freq/mean         │         4.         │
├─────────────────────────────────────────────────────┼────────────────────┤
│        train/episode/min command x vel/mean         │       -1.047       │
├─────────────────────────────────────────────────────┼────────────────────┤
│        train/episode/max command x vel/mean         │       1.047        │
├─────────────────────────────────────────────────────┼────────────────────┤
│        train/episode/min command y vel/mean         │        -0.2        │
├─────────────────────────────────────────────────────┼────────────────────┤
│        train/episode/max command y vel/mean         │        0.2         │
├─────────────────────────────────────────────────────┼────────────────────┤
│       train/episode/min command yaw vel/mean        │       -1.047       │
├─────────────────────────────────────────────────────┼────────────────────┤
│       train/episode/max command yaw vel/mean        │       1.047        │
├─────────────────────────────────────────────────────┼────────────────────┤
│     train/episode/min command swing height/mean     │        0.03        │
├─────────────────────────────────────────────────────┼────────────────────┤
│     train/episode/max command swing height/mean     │        0.35        │
├─────────────────────────────────────────────────────┼────────────────────┤
│        train/episode/command area trot/mean         │       0.274        │
├─────────────────────────────────────────────────────┼────────────────────┤
│            train/episode/min action/mean            │       -7.427       │
├─────────────────────────────────────────────────────┼────────────────────┤
│            train/episode/max action/mean            │        5.87        │
├─────────────────────────────────────────────────────┼────────────────────┤
│                  time elapsed/mean                  │      1379.598      │
├─────────────────────────────────────────────────────┼────────────────────┤
│                   time iter/mean                    │       2.137        │
├─────────────────────────────────────────────────────┼────────────────────┤
│                mean value loss/mean                 │       0.001        │
├─────────────────────────────────────────────────────┼────────────────────┤
│              mean surrogate loss/mean               │       -0.008       │
├─────────────────────────────────────────────────────┼────────────────────┤
│               mean decoder loss/mean                │         0.         │
├─────────────────────────────────────────────────────┼────────────────────┤
│           mean decoder loss student/mean            │         0.         │
├─────────────────────────────────────────────────────┼────────────────────┤
│             mean decoder test loss/mean             │         0.         │
├─────────────────────────────────────────────────────┼────────────────────┤
│         mean decoder test loss student/mean         │         0.         │
├─────────────────────────────────────────────────────┼────────────────────┤
│                      timesteps                      │      63995904      │
├─────────────────────────────────────────────────────┼────────────────────┤
│                     iterations                      │        650         │
╘═════════════════════════════════════════════════════╧════════════════════╛

══════════════════════════════════════════
[33m        job         [0m
────────────────────┬─────────────────────
       status       │ running             
      runTime       │ 2025-07-07 11:57:56.173515
════════════════════╧═════════════════════
╒═════════════════════════════════════════════════════╤════════════════════╕
│       train/episode/rew tracking lin vel/mean       │       17.892       │
├─────────────────────────────────────────────────────┼────────────────────┤
│       train/episode/rew tracking ang vel/mean       │       8.172        │
├─────────────────────────────────────────────────────┼────────────────────┤
│          train/episode/rew lin vel z/mean           │       -0.036       │
├─────────────────────────────────────────────────────┼────────────────────┤
│          train/episode/rew ang vel xy/mean          │       -0.024       │
├─────────────────────────────────────────────────────┼────────────────────┤
│           train/episode/rew torques/mean            │       -2.782       │
├─────────────────────────────────────────────────────┼────────────────────┤
│           train/episode/rew dof vel/mean            │       -0.238       │
├─────────────────────────────────────────────────────┼────────────────────┤
│           train/episode/rew dof acc/mean            │       -1.122       │
├─────────────────────────────────────────────────────┼────────────────────┤
│          train/episode/rew collision/mean           │       -0.293       │
├─────────────────────────────────────────────────────┼────────────────────┤
│         train/episode/rew action rate/mean          │       -1.389       │
├─────────────────────────────────────────────────────┼────────────────────┤
│train/episode/rew tracking contacts shaped force/mean│       -3.738       │
├─────────────────────────────────────────────────────┼────────────────────┤
│ train/episode/rew tracking contacts shaped vel/mean │       -1.99        │
├─────────────────────────────────────────────────────┼────────────────────┤
│             train/episode/rew jump/mean             │       -1.372       │
├─────────────────────────────────────────────────────┼────────────────────┤
│        train/episode/rew dof pos limits/mean        │       -0.615       │
├─────────────────────────────────────────────────────┼────────────────────┤
│          train/episode/rew feet slip/mean           │       -0.225       │
├─────────────────────────────────────────────────────┼────────────────────┤
│  train/episode/rew feet clearance cmd linear/mean   │       -2.979       │
├─────────────────────────────────────────────────────┼────────────────────┤
│     train/episode/rew action smoothness 1/mean      │       -0.628       │
├─────────────────────────────────────────────────────┼────────────────────┤
│     train/episode/rew action smoothness 2/mean      │       -0.86        │
├─────────────────────────────────────────────────────┼────────────────────┤
│      train/episode/rew raibert heuristic/mean       │       -1.821       │
├─────────────────────────────────────────────────────┼────────────────────┤
│     train/episode/rew orientation control/mean      │         0.         │
├─────────────────────────────────────────────────────┼────────────────────┤
│            train/episode/rew total/mean             │       11.758       │
├─────────────────────────────────────────────────────┼────────────────────┤
│       train/episode/min command duration/mean       │        0.5         │
├─────────────────────────────────────────────────────┼────────────────────┤
│       train/episode/max command duration/mean       │        0.5         │
├─────────────────────────────────────────────────────┼────────────────────┤
│        train/episode/min command bound/mean         │         0.         │
├─────────────────────────────────────────────────────┼────────────────────┤
│        train/episode/max command bound/mean         │         0.         │
├─────────────────────────────────────────────────────┼────────────────────┤
│        train/episode/min command offset/mean        │         0.         │
├─────────────────────────────────────────────────────┼────────────────────┤
│        train/episode/max command offset/mean        │         0.         │
├─────────────────────────────────────────────────────┼────────────────────┤
│        train/episode/min command phase/mean         │        0.5         │
├─────────────────────────────────────────────────────┼────────────────────┤
│        train/episode/max command phase/mean         │        0.5         │
├─────────────────────────────────────────────────────┼────────────────────┤
│         train/episode/min command freq/mean         │       2.001        │
├─────────────────────────────────────────────────────┼────────────────────┤
│         train/episode/max command freq/mean         │       3.999        │
├─────────────────────────────────────────────────────┼────────────────────┤
│        train/episode/min command x vel/mean         │       -1.047       │
├─────────────────────────────────────────────────────┼────────────────────┤
│        train/episode/max command x vel/mean         │       1.047        │
├─────────────────────────────────────────────────────┼────────────────────┤
│        train/episode/min command y vel/mean         │        -0.2        │
├─────────────────────────────────────────────────────┼────────────────────┤
│        train/episode/max command y vel/mean         │        0.2         │
├─────────────────────────────────────────────────────┼────────────────────┤
│       train/episode/min command yaw vel/mean        │       -1.047       │
├─────────────────────────────────────────────────────┼────────────────────┤
│       train/episode/max command yaw vel/mean        │       1.047        │
├─────────────────────────────────────────────────────┼────────────────────┤
│     train/episode/min command swing height/mean     │        0.03        │
├─────────────────────────────────────────────────────┼────────────────────┤
│     train/episode/max command swing height/mean     │        0.35        │
├─────────────────────────────────────────────────────┼────────────────────┤
│        train/episode/command area trot/mean         │       0.274        │
├─────────────────────────────────────────────────────┼────────────────────┤
│            train/episode/min action/mean            │       -7.388       │
├─────────────────────────────────────────────────────┼────────────────────┤
│            train/episode/max action/mean            │       5.954        │
├─────────────────────────────────────────────────────┼────────────────────┤
│                  time elapsed/mean                  │      1400.828      │
├─────────────────────────────────────────────────────┼────────────────────┤
│                   time iter/mean                    │       2.106        │
├─────────────────────────────────────────────────────┼────────────────────┤
│                mean value loss/mean                 │       0.001        │
├─────────────────────────────────────────────────────┼────────────────────┤
│              mean surrogate loss/mean               │       -0.008       │
├─────────────────────────────────────────────────────┼────────────────────┤
│               mean decoder loss/mean                │         0.         │
├─────────────────────────────────────────────────────┼────────────────────┤
│           mean decoder loss student/mean            │         0.         │
├─────────────────────────────────────────────────────┼────────────────────┤
│             mean decoder test loss/mean             │         0.         │
├─────────────────────────────────────────────────────┼────────────────────┤
│         mean decoder test loss student/mean         │         0.         │
├─────────────────────────────────────────────────────┼────────────────────┤
│                      timesteps                      │      64978944      │
├─────────────────────────────────────────────────────┼────────────────────┤
│                     iterations                      │        660         │
╘═════════════════════════════════════════════════════╧════════════════════╛

══════════════════════════════════════════
[33m        job         [0m
────────────────────┬─────────────────────
       status       │ running             
      runTime       │ 2025-07-07 11:58:17.231453
════════════════════╧═════════════════════
╒═════════════════════════════════════════════════════╤════════════════════╕
│       train/episode/rew tracking lin vel/mean       │       17.465       │
├─────────────────────────────────────────────────────┼────────────────────┤
│       train/episode/rew tracking ang vel/mean       │       7.956        │
├─────────────────────────────────────────────────────┼────────────────────┤
│          train/episode/rew lin vel z/mean           │       -0.036       │
├─────────────────────────────────────────────────────┼────────────────────┤
│          train/episode/rew ang vel xy/mean          │       -0.023       │
├─────────────────────────────────────────────────────┼────────────────────┤
│           train/episode/rew torques/mean            │       -2.733       │
├─────────────────────────────────────────────────────┼────────────────────┤
│           train/episode/rew dof vel/mean            │       -0.236       │
├─────────────────────────────────────────────────────┼────────────────────┤
│           train/episode/rew dof acc/mean            │       -1.106       │
├─────────────────────────────────────────────────────┼────────────────────┤
│          train/episode/rew collision/mean           │       -0.308       │
├─────────────────────────────────────────────────────┼────────────────────┤
│         train/episode/rew action rate/mean          │       -1.364       │
├─────────────────────────────────────────────────────┼────────────────────┤
│train/episode/rew tracking contacts shaped force/mean│       -3.644       │
├─────────────────────────────────────────────────────┼────────────────────┤
│ train/episode/rew tracking contacts shaped vel/mean │       -2.006       │
├─────────────────────────────────────────────────────┼────────────────────┤
│             train/episode/rew jump/mean             │       -1.412       │
├─────────────────────────────────────────────────────┼────────────────────┤
│        train/episode/rew dof pos limits/mean        │        -0.5        │
├─────────────────────────────────────────────────────┼────────────────────┤
│          train/episode/rew feet slip/mean           │       -0.222       │
├─────────────────────────────────────────────────────┼────────────────────┤
│  train/episode/rew feet clearance cmd linear/mean   │       -2.884       │
├─────────────────────────────────────────────────────┼────────────────────┤
│     train/episode/rew action smoothness 1/mean      │       -0.617       │
├─────────────────────────────────────────────────────┼────────────────────┤
│     train/episode/rew action smoothness 2/mean      │       -0.843       │
├─────────────────────────────────────────────────────┼────────────────────┤
│      train/episode/rew raibert heuristic/mean       │       -1.793       │
├─────────────────────────────────────────────────────┼────────────────────┤
│     train/episode/rew orientation control/mean      │         0.         │
├─────────────────────────────────────────────────────┼────────────────────┤
│            train/episode/rew total/mean             │       11.395       │
├─────────────────────────────────────────────────────┼────────────────────┤
│       train/episode/min command duration/mean       │        0.5         │
├─────────────────────────────────────────────────────┼────────────────────┤
│       train/episode/max command duration/mean       │        0.5         │
├─────────────────────────────────────────────────────┼────────────────────┤
│        train/episode/min command bound/mean         │         0.         │
├─────────────────────────────────────────────────────┼────────────────────┤
│        train/episode/max command bound/mean         │         0.         │
├─────────────────────────────────────────────────────┼────────────────────┤
│        train/episode/min command offset/mean        │         0.         │
├─────────────────────────────────────────────────────┼────────────────────┤
│        train/episode/max command offset/mean        │         0.         │
├─────────────────────────────────────────────────────┼────────────────────┤
│        train/episode/min command phase/mean         │        0.5         │
├─────────────────────────────────────────────────────┼────────────────────┤
│        train/episode/max command phase/mean         │        0.5         │
├─────────────────────────────────────────────────────┼────────────────────┤
│         train/episode/min command freq/mean         │       2.001        │
├─────────────────────────────────────────────────────┼────────────────────┤
│         train/episode/max command freq/mean         │       3.998        │
├─────────────────────────────────────────────────────┼────────────────────┤
│        train/episode/min command x vel/mean         │       -1.047       │
├─────────────────────────────────────────────────────┼────────────────────┤
│        train/episode/max command x vel/mean         │       1.047        │
├─────────────────────────────────────────────────────┼────────────────────┤
│        train/episode/min command y vel/mean         │        -0.2        │
├─────────────────────────────────────────────────────┼────────────────────┤
│        train/episode/max command y vel/mean         │        0.2         │
├─────────────────────────────────────────────────────┼────────────────────┤
│       train/episode/min command yaw vel/mean        │       -1.047       │
├─────────────────────────────────────────────────────┼────────────────────┤
│       train/episode/max command yaw vel/mean        │       1.047        │
├─────────────────────────────────────────────────────┼────────────────────┤
│     train/episode/min command swing height/mean     │        0.03        │
├─────────────────────────────────────────────────────┼────────────────────┤
│     train/episode/max command swing height/mean     │        0.35        │
├─────────────────────────────────────────────────────┼────────────────────┤
│        train/episode/command area trot/mean         │       0.274        │
├─────────────────────────────────────────────────────┼────────────────────┤
│            train/episode/min action/mean            │       -7.474       │
├─────────────────────────────────────────────────────┼────────────────────┤
│            train/episode/max action/mean            │       5.973        │
├─────────────────────────────────────────────────────┼────────────────────┤
│                  time elapsed/mean                  │      1422.049      │
├─────────────────────────────────────────────────────┼────────────────────┤
│                   time iter/mean                    │       2.227        │
├─────────────────────────────────────────────────────┼────────────────────┤
│                mean value loss/mean                 │       0.003        │
├─────────────────────────────────────────────────────┼────────────────────┤
│              mean surrogate loss/mean               │       -0.007       │
├─────────────────────────────────────────────────────┼────────────────────┤
│               mean decoder loss/mean                │         0.         │
├─────────────────────────────────────────────────────┼────────────────────┤
│           mean decoder loss student/mean            │         0.         │
├─────────────────────────────────────────────────────┼────────────────────┤
│             mean decoder test loss/mean             │         0.         │
├─────────────────────────────────────────────────────┼────────────────────┤
│         mean decoder test loss student/mean         │         0.         │
├─────────────────────────────────────────────────────┼────────────────────┤
│                      timesteps                      │      65961984      │
├─────────────────────────────────────────────────────┼────────────────────┤
│                     iterations                      │        670         │
╘═════════════════════════════════════════════════════╧════════════════════╛

══════════════════════════════════════════
[33m        job         [0m
────────────────────┬─────────────────────
       status       │ running             
      runTime       │ 2025-07-07 11:58:39.499768
════════════════════╧═════════════════════
╒═════════════════════════════════════════════════════╤════════════════════╕
│       train/episode/rew tracking lin vel/mean       │       17.522       │
├─────────────────────────────────────────────────────┼────────────────────┤
│       train/episode/rew tracking ang vel/mean       │       7.996        │
├─────────────────────────────────────────────────────┼────────────────────┤
│          train/episode/rew lin vel z/mean           │       -0.036       │
├─────────────────────────────────────────────────────┼────────────────────┤
│          train/episode/rew ang vel xy/mean          │       -0.024       │
├─────────────────────────────────────────────────────┼────────────────────┤
│           train/episode/rew torques/mean            │       -2.711       │
├─────────────────────────────────────────────────────┼────────────────────┤
│           train/episode/rew dof vel/mean            │       -0.23        │
├─────────────────────────────────────────────────────┼────────────────────┤
│           train/episode/rew dof acc/mean            │       -1.09        │
├─────────────────────────────────────────────────────┼────────────────────┤
│          train/episode/rew collision/mean           │       -0.267       │
├─────────────────────────────────────────────────────┼────────────────────┤
│         train/episode/rew action rate/mean          │       -1.355       │
├─────────────────────────────────────────────────────┼────────────────────┤
│train/episode/rew tracking contacts shaped force/mean│       -3.636       │
├─────────────────────────────────────────────────────┼────────────────────┤
│ train/episode/rew tracking contacts shaped vel/mean │       -1.969       │
├─────────────────────────────────────────────────────┼────────────────────┤
│             train/episode/rew jump/mean             │       -1.316       │
├─────────────────────────────────────────────────────┼────────────────────┤
│        train/episode/rew dof pos limits/mean        │       -0.477       │
├─────────────────────────────────────────────────────┼────────────────────┤
│          train/episode/rew feet slip/mean           │       -0.224       │
├─────────────────────────────────────────────────────┼────────────────────┤
│  train/episode/rew feet clearance cmd linear/mean   │       -2.888       │
├─────────────────────────────────────────────────────┼────────────────────┤
│     train/episode/rew action smoothness 1/mean      │       -0.611       │
├─────────────────────────────────────────────────────┼────────────────────┤
│     train/episode/rew action smoothness 2/mean      │       -0.849       │
├─────────────────────────────────────────────────────┼────────────────────┤
│      train/episode/rew raibert heuristic/mean       │       -1.832       │
├─────────────────────────────────────────────────────┼────────────────────┤
│     train/episode/rew orientation control/mean      │         0.         │
├─────────────────────────────────────────────────────┼────────────────────┤
│            train/episode/rew total/mean             │       11.583       │
├─────────────────────────────────────────────────────┼────────────────────┤
│       train/episode/min command duration/mean       │        0.5         │
├─────────────────────────────────────────────────────┼────────────────────┤
│       train/episode/max command duration/mean       │        0.5         │
├─────────────────────────────────────────────────────┼────────────────────┤
│        train/episode/min command bound/mean         │         0.         │
├─────────────────────────────────────────────────────┼────────────────────┤
│        train/episode/max command bound/mean         │         0.         │
├─────────────────────────────────────────────────────┼────────────────────┤
│        train/episode/min command offset/mean        │         0.         │
├─────────────────────────────────────────────────────┼────────────────────┤
│        train/episode/max command offset/mean        │         0.         │
├─────────────────────────────────────────────────────┼────────────────────┤
│        train/episode/min command phase/mean         │        0.5         │
├─────────────────────────────────────────────────────┼────────────────────┤
│        train/episode/max command phase/mean         │        0.5         │
├─────────────────────────────────────────────────────┼────────────────────┤
│         train/episode/min command freq/mean         │         2.         │
├─────────────────────────────────────────────────────┼────────────────────┤
│         train/episode/max command freq/mean         │         4.         │
├─────────────────────────────────────────────────────┼────────────────────┤
│        train/episode/min command x vel/mean         │       -1.048       │
├─────────────────────────────────────────────────────┼────────────────────┤
│        train/episode/max command x vel/mean         │       1.047        │
├─────────────────────────────────────────────────────┼────────────────────┤
│        train/episode/min command y vel/mean         │        -0.2        │
├─────────────────────────────────────────────────────┼────────────────────┤
│        train/episode/max command y vel/mean         │        0.2         │
├─────────────────────────────────────────────────────┼────────────────────┤
│       train/episode/min command yaw vel/mean        │       -1.047       │
├─────────────────────────────────────────────────────┼────────────────────┤
│       train/episode/max command yaw vel/mean        │       1.048        │
├─────────────────────────────────────────────────────┼────────────────────┤
│     train/episode/min command swing height/mean     │        0.03        │
├─────────────────────────────────────────────────────┼────────────────────┤
│     train/episode/max command swing height/mean     │        0.35        │
├─────────────────────────────────────────────────────┼────────────────────┤
│        train/episode/command area trot/mean         │       0.274        │
├─────────────────────────────────────────────────────┼────────────────────┤
│            train/episode/min action/mean            │       -7.498       │
├─────────────────────────────────────────────────────┼────────────────────┤
│            train/episode/max action/mean            │       5.972        │
├─────────────────────────────────────────────────────┼────────────────────┤
│                  time elapsed/mean                  │      1444.734      │
├─────────────────────────────────────────────────────┼────────────────────┤
│                   time iter/mean                    │       2.185        │
├─────────────────────────────────────────────────────┼────────────────────┤
│                mean value loss/mean                 │       0.001        │
├─────────────────────────────────────────────────────┼────────────────────┤
│              mean surrogate loss/mean               │       -0.008       │
├─────────────────────────────────────────────────────┼────────────────────┤
│               mean decoder loss/mean                │         0.         │
├─────────────────────────────────────────────────────┼────────────────────┤
│           mean decoder loss student/mean            │         0.         │
├─────────────────────────────────────────────────────┼────────────────────┤
│             mean decoder test loss/mean             │         0.         │
├─────────────────────────────────────────────────────┼────────────────────┤
│         mean decoder test loss student/mean         │         0.         │
├─────────────────────────────────────────────────────┼────────────────────┤
│                      timesteps                      │      66945024      │
├─────────────────────────────────────────────────────┼────────────────────┤
│                     iterations                      │        680         │
╘═════════════════════════════════════════════════════╧════════════════════╛

══════════════════════════════════════════
[33m        job         [0m
────────────────────┬─────────────────────
       status       │ running             
      runTime       │ 2025-07-07 11:59:01.359362
════════════════════╧═════════════════════
╒═════════════════════════════════════════════════════╤════════════════════╕
│       train/episode/rew tracking lin vel/mean       │       17.63        │
├─────────────────────────────────────────────────────┼────────────────────┤
│       train/episode/rew tracking ang vel/mean       │        8.09        │
├─────────────────────────────────────────────────────┼────────────────────┤
│          train/episode/rew lin vel z/mean           │       -0.036       │
├─────────────────────────────────────────────────────┼────────────────────┤
│          train/episode/rew ang vel xy/mean          │       -0.023       │
├─────────────────────────────────────────────────────┼────────────────────┤
│           train/episode/rew torques/mean            │       -2.785       │
├─────────────────────────────────────────────────────┼────────────────────┤
│           train/episode/rew dof vel/mean            │       -0.226       │
├─────────────────────────────────────────────────────┼────────────────────┤
│           train/episode/rew dof acc/mean            │       -1.058       │
├─────────────────────────────────────────────────────┼────────────────────┤
│          train/episode/rew collision/mean           │       -0.256       │
├─────────────────────────────────────────────────────┼────────────────────┤
│         train/episode/rew action rate/mean          │       -1.352       │
├─────────────────────────────────────────────────────┼────────────────────┤
│train/episode/rew tracking contacts shaped force/mean│       -3.726       │
├─────────────────────────────────────────────────────┼────────────────────┤
│ train/episode/rew tracking contacts shaped vel/mean │       -1.926       │
├─────────────────────────────────────────────────────┼────────────────────┤
│             train/episode/rew jump/mean             │       -1.416       │
├─────────────────────────────────────────────────────┼────────────────────┤
│        train/episode/rew dof pos limits/mean        │       -0.588       │
├─────────────────────────────────────────────────────┼────────────────────┤
│          train/episode/rew feet slip/mean           │       -0.222       │
├─────────────────────────────────────────────────────┼────────────────────┤
│  train/episode/rew feet clearance cmd linear/mean   │       -3.452       │
├─────────────────────────────────────────────────────┼────────────────────┤
│     train/episode/rew action smoothness 1/mean      │       -0.607       │
├─────────────────────────────────────────────────────┼────────────────────┤
│     train/episode/rew action smoothness 2/mean      │       -0.85        │
├─────────────────────────────────────────────────────┼────────────────────┤
│      train/episode/rew raibert heuristic/mean       │       -1.793       │
├─────────────────────────────────────────────────────┼────────────────────┤
│     train/episode/rew orientation control/mean      │         0.         │
├─────────────────────────────────────────────────────┼────────────────────┤
│            train/episode/rew total/mean             │       11.398       │
├─────────────────────────────────────────────────────┼────────────────────┤
│       train/episode/min command duration/mean       │        0.5         │
├─────────────────────────────────────────────────────┼────────────────────┤
│       train/episode/max command duration/mean       │        0.5         │
├─────────────────────────────────────────────────────┼────────────────────┤
│        train/episode/min command bound/mean         │         0.         │
├─────────────────────────────────────────────────────┼────────────────────┤
│        train/episode/max command bound/mean         │         0.         │
├─────────────────────────────────────────────────────┼────────────────────┤
│        train/episode/min command offset/mean        │         0.         │
├─────────────────────────────────────────────────────┼────────────────────┤
│        train/episode/max command offset/mean        │         0.         │
├─────────────────────────────────────────────────────┼────────────────────┤
│        train/episode/min command phase/mean         │        0.5         │
├─────────────────────────────────────────────────────┼────────────────────┤
│        train/episode/max command phase/mean         │        0.5         │
├─────────────────────────────────────────────────────┼────────────────────┤
│         train/episode/min command freq/mean         │         2.         │
├─────────────────────────────────────────────────────┼────────────────────┤
│         train/episode/max command freq/mean         │         4.         │
├─────────────────────────────────────────────────────┼────────────────────┤
│        train/episode/min command x vel/mean         │       -1.048       │
├─────────────────────────────────────────────────────┼────────────────────┤
│        train/episode/max command x vel/mean         │       1.047        │
├─────────────────────────────────────────────────────┼────────────────────┤
│        train/episode/min command y vel/mean         │        -0.2        │
├─────────────────────────────────────────────────────┼────────────────────┤
│        train/episode/max command y vel/mean         │        0.2         │
├─────────────────────────────────────────────────────┼────────────────────┤
│       train/episode/min command yaw vel/mean        │       -1.047       │
├─────────────────────────────────────────────────────┼────────────────────┤
│       train/episode/max command yaw vel/mean        │       1.047        │
├─────────────────────────────────────────────────────┼────────────────────┤
│     train/episode/min command swing height/mean     │        0.03        │
├─────────────────────────────────────────────────────┼────────────────────┤
│     train/episode/max command swing height/mean     │        0.35        │
├─────────────────────────────────────────────────────┼────────────────────┤
│        train/episode/command area trot/mean         │       0.274        │
├─────────────────────────────────────────────────────┼────────────────────┤
│            train/episode/min action/mean            │       -7.456       │
├─────────────────────────────────────────────────────┼────────────────────┤
│            train/episode/max action/mean            │       5.989        │
├─────────────────────────────────────────────────────┼────────────────────┤
│                  time elapsed/mean                  │      1466.189      │
├─────────────────────────────────────────────────────┼────────────────────┤
│                   time iter/mean                    │       2.143        │
├─────────────────────────────────────────────────────┼────────────────────┤
│                mean value loss/mean                 │       0.002        │
├─────────────────────────────────────────────────────┼────────────────────┤
│              mean surrogate loss/mean               │       -0.008       │
├─────────────────────────────────────────────────────┼────────────────────┤
│               mean decoder loss/mean                │         0.         │
├─────────────────────────────────────────────────────┼────────────────────┤
│           mean decoder loss student/mean            │         0.         │
├─────────────────────────────────────────────────────┼────────────────────┤
│             mean decoder test loss/mean             │         0.         │
├─────────────────────────────────────────────────────┼────────────────────┤
│         mean decoder test loss student/mean         │         0.         │
├─────────────────────────────────────────────────────┼────────────────────┤
│                      timesteps                      │      67928064      │
├─────────────────────────────────────────────────────┼────────────────────┤
│                     iterations                      │        690         │
╘═════════════════════════════════════════════════════╧════════════════════╛

══════════════════════════════════════════
[33m        job         [0m
────────────────────┬─────────────────────
       status       │ running             
      runTime       │ 2025-07-07 11:59:22.783068
════════════════════╧═════════════════════
╒═════════════════════════════════════════════════════╤════════════════════╕
│       train/episode/rew tracking lin vel/mean       │       17.79        │
├─────────────────────────────────────────────────────┼────────────────────┤
│       train/episode/rew tracking ang vel/mean       │       8.111        │
├─────────────────────────────────────────────────────┼────────────────────┤
│          train/episode/rew lin vel z/mean           │       -0.035       │
├─────────────────────────────────────────────────────┼────────────────────┤
│          train/episode/rew ang vel xy/mean          │       -0.023       │
├─────────────────────────────────────────────────────┼────────────────────┤
│           train/episode/rew torques/mean            │       -2.754       │
├─────────────────────────────────────────────────────┼────────────────────┤
│           train/episode/rew dof vel/mean            │       -0.226       │
├─────────────────────────────────────────────────────┼────────────────────┤
│           train/episode/rew dof acc/mean            │       -1.075       │
├─────────────────────────────────────────────────────┼────────────────────┤
│          train/episode/rew collision/mean           │       -0.237       │
├─────────────────────────────────────────────────────┼────────────────────┤
│         train/episode/rew action rate/mean          │       -1.37        │
├─────────────────────────────────────────────────────┼────────────────────┤
│train/episode/rew tracking contacts shaped force/mean│       -3.755       │
├─────────────────────────────────────────────────────┼────────────────────┤
│ train/episode/rew tracking contacts shaped vel/mean │       -1.918       │
├─────────────────────────────────────────────────────┼────────────────────┤
│             train/episode/rew jump/mean             │       -1.306       │
├─────────────────────────────────────────────────────┼────────────────────┤
│        train/episode/rew dof pos limits/mean        │       -0.409       │
├─────────────────────────────────────────────────────┼────────────────────┤
│          train/episode/rew feet slip/mean           │       -0.217       │
├─────────────────────────────────────────────────────┼────────────────────┤
│  train/episode/rew feet clearance cmd linear/mean   │       -2.987       │
├─────────────────────────────────────────────────────┼────────────────────┤
│     train/episode/rew action smoothness 1/mean      │       -0.615       │
├─────────────────────────────────────────────────────┼────────────────────┤
│     train/episode/rew action smoothness 2/mean      │       -0.863       │
├─────────────────────────────────────────────────────┼────────────────────┤
│      train/episode/rew raibert heuristic/mean       │       -1.771       │
├─────────────────────────────────────────────────────┼────────────────────┤
│     train/episode/rew orientation control/mean      │         0.         │
├─────────────────────────────────────────────────────┼────────────────────┤
│            train/episode/rew total/mean             │       11.826       │
├─────────────────────────────────────────────────────┼────────────────────┤
│       train/episode/min command duration/mean       │        0.5         │
├─────────────────────────────────────────────────────┼────────────────────┤
│       train/episode/max command duration/mean       │        0.5         │
├─────────────────────────────────────────────────────┼────────────────────┤
│        train/episode/min command bound/mean         │         0.         │
├─────────────────────────────────────────────────────┼────────────────────┤
│        train/episode/max command bound/mean         │         0.         │
├─────────────────────────────────────────────────────┼────────────────────┤
│        train/episode/min command offset/mean        │         0.         │
├─────────────────────────────────────────────────────┼────────────────────┤
│        train/episode/max command offset/mean        │         0.         │
├─────────────────────────────────────────────────────┼────────────────────┤
│        train/episode/min command phase/mean         │        0.5         │
├─────────────────────────────────────────────────────┼────────────────────┤
│        train/episode/max command phase/mean         │        0.5         │
├─────────────────────────────────────────────────────┼────────────────────┤
│         train/episode/min command freq/mean         │         2.         │
├─────────────────────────────────────────────────────┼────────────────────┤
│         train/episode/max command freq/mean         │       3.999        │
├─────────────────────────────────────────────────────┼────────────────────┤
│        train/episode/min command x vel/mean         │       -1.047       │
├─────────────────────────────────────────────────────┼────────────────────┤
│        train/episode/max command x vel/mean         │       1.046        │
├─────────────────────────────────────────────────────┼────────────────────┤
│        train/episode/min command y vel/mean         │        -0.2        │
├─────────────────────────────────────────────────────┼────────────────────┤
│        train/episode/max command y vel/mean         │        0.2         │
├─────────────────────────────────────────────────────┼────────────────────┤
│       train/episode/min command yaw vel/mean        │       -1.047       │
├─────────────────────────────────────────────────────┼────────────────────┤
│       train/episode/max command yaw vel/mean        │       1.048        │
├─────────────────────────────────────────────────────┼────────────────────┤
│     train/episode/min command swing height/mean     │        0.03        │
├─────────────────────────────────────────────────────┼────────────────────┤
│     train/episode/max command swing height/mean     │        0.35        │
├─────────────────────────────────────────────────────┼────────────────────┤
│        train/episode/command area trot/mean         │       0.274        │
├─────────────────────────────────────────────────────┼────────────────────┤
│            train/episode/min action/mean            │       -7.736       │
├─────────────────────────────────────────────────────┼────────────────────┤
│            train/episode/max action/mean            │       5.977        │
├─────────────────────────────────────────────────────┼────────────────────┤
│                  time elapsed/mean                  │      1487.492      │
├─────────────────────────────────────────────────────┼────────────────────┤
│                   time iter/mean                    │       2.114        │
├─────────────────────────────────────────────────────┼────────────────────┤
│                mean value loss/mean                 │       0.001        │
├─────────────────────────────────────────────────────┼────────────────────┤
│              mean surrogate loss/mean               │       -0.008       │
├─────────────────────────────────────────────────────┼────────────────────┤
│               mean decoder loss/mean                │         0.         │
├─────────────────────────────────────────────────────┼────────────────────┤
│           mean decoder loss student/mean            │         0.         │
├─────────────────────────────────────────────────────┼────────────────────┤
│             mean decoder test loss/mean             │         0.         │
├─────────────────────────────────────────────────────┼────────────────────┤
│         mean decoder test loss student/mean         │         0.         │
├─────────────────────────────────────────────────────┼────────────────────┤
│                      timesteps                      │      68911104      │
├─────────────────────────────────────────────────────┼────────────────────┤
│                     iterations                      │        700         │
╘═════════════════════════════════════════════════════╧════════════════════╛

══════════════════════════════════════════
[33m        job         [0m
────────────────────┬─────────────────────
       status       │ running             
      runTime       │ 2025-07-07 11:59:43.923873
════════════════════╧═════════════════════
╒═════════════════════════════════════════════════════╤════════════════════╕
│       train/episode/rew tracking lin vel/mean       │       17.241       │
├─────────────────────────────────────────────────────┼────────────────────┤
│       train/episode/rew tracking ang vel/mean       │       7.825        │
├─────────────────────────────────────────────────────┼────────────────────┤
│          train/episode/rew lin vel z/mean           │       -0.035       │
├─────────────────────────────────────────────────────┼────────────────────┤
│          train/episode/rew ang vel xy/mean          │       -0.022       │
├─────────────────────────────────────────────────────┼────────────────────┤
│           train/episode/rew torques/mean            │       -2.74        │
├─────────────────────────────────────────────────────┼────────────────────┤
│           train/episode/rew dof vel/mean            │       -0.231       │
├─────────────────────────────────────────────────────┼────────────────────┤
│           train/episode/rew dof acc/mean            │        -1.1        │
├─────────────────────────────────────────────────────┼────────────────────┤
│          train/episode/rew collision/mean           │       -0.23        │
├─────────────────────────────────────────────────────┼────────────────────┤
│         train/episode/rew action rate/mean          │       -1.369       │
├─────────────────────────────────────────────────────┼────────────────────┤
│train/episode/rew tracking contacts shaped force/mean│       -3.62        │
├─────────────────────────────────────────────────────┼────────────────────┤
│ train/episode/rew tracking contacts shaped vel/mean │       -1.929       │
├─────────────────────────────────────────────────────┼────────────────────┤
│             train/episode/rew jump/mean             │       -1.321       │
├─────────────────────────────────────────────────────┼────────────────────┤
│        train/episode/rew dof pos limits/mean        │       -0.391       │
├─────────────────────────────────────────────────────┼────────────────────┤
│          train/episode/rew feet slip/mean           │       -0.216       │
├─────────────────────────────────────────────────────┼────────────────────┤
│  train/episode/rew feet clearance cmd linear/mean   │       -2.913       │
├─────────────────────────────────────────────────────┼────────────────────┤
│     train/episode/rew action smoothness 1/mean      │       -0.614       │
├─────────────────────────────────────────────────────┼────────────────────┤
│     train/episode/rew action smoothness 2/mean      │       -0.845       │
├─────────────────────────────────────────────────────┼────────────────────┤
│      train/episode/rew raibert heuristic/mean       │       -1.675       │
├─────────────────────────────────────────────────────┼────────────────────┤
│     train/episode/rew orientation control/mean      │         0.         │
├─────────────────────────────────────────────────────┼────────────────────┤
│            train/episode/rew total/mean             │       11.291       │
├─────────────────────────────────────────────────────┼────────────────────┤
│       train/episode/min command duration/mean       │        0.5         │
├─────────────────────────────────────────────────────┼────────────────────┤
│       train/episode/max command duration/mean       │        0.5         │
├─────────────────────────────────────────────────────┼────────────────────┤
│        train/episode/min command bound/mean         │         0.         │
├─────────────────────────────────────────────────────┼────────────────────┤
│        train/episode/max command bound/mean         │         0.         │
├─────────────────────────────────────────────────────┼────────────────────┤
│        train/episode/min command offset/mean        │         0.         │
├─────────────────────────────────────────────────────┼────────────────────┤
│        train/episode/max command offset/mean        │         0.         │
├─────────────────────────────────────────────────────┼────────────────────┤
│        train/episode/min command phase/mean         │        0.5         │
├─────────────────────────────────────────────────────┼────────────────────┤
│        train/episode/max command phase/mean         │        0.5         │
├─────────────────────────────────────────────────────┼────────────────────┤
│         train/episode/min command freq/mean         │         2.         │
├─────────────────────────────────────────────────────┼────────────────────┤
│         train/episode/max command freq/mean         │       3.999        │
├─────────────────────────────────────────────────────┼────────────────────┤
│        train/episode/min command x vel/mean         │       -1.047       │
├─────────────────────────────────────────────────────┼────────────────────┤
│        train/episode/max command x vel/mean         │       1.047        │
├─────────────────────────────────────────────────────┼────────────────────┤
│        train/episode/min command y vel/mean         │        -0.2        │
├─────────────────────────────────────────────────────┼────────────────────┤
│        train/episode/max command y vel/mean         │        0.2         │
├─────────────────────────────────────────────────────┼────────────────────┤
│       train/episode/min command yaw vel/mean        │       -1.047       │
├─────────────────────────────────────────────────────┼────────────────────┤
│       train/episode/max command yaw vel/mean        │       1.047        │
├─────────────────────────────────────────────────────┼────────────────────┤
│     train/episode/min command swing height/mean     │        0.03        │
├─────────────────────────────────────────────────────┼────────────────────┤
│     train/episode/max command swing height/mean     │        0.35        │
├─────────────────────────────────────────────────────┼────────────────────┤
│        train/episode/command area trot/mean         │       0.274        │
├─────────────────────────────────────────────────────┼────────────────────┤
│            train/episode/min action/mean            │       -7.953       │
├─────────────────────────────────────────────────────┼────────────────────┤
│            train/episode/max action/mean            │       5.906        │
├─────────────────────────────────────────────────────┼────────────────────┤
│                  time elapsed/mean                  │      1508.54       │
├─────────────────────────────────────────────────────┼────────────────────┤
│                   time iter/mean                    │       2.164        │
├─────────────────────────────────────────────────────┼────────────────────┤
│                mean value loss/mean                 │       0.002        │
├─────────────────────────────────────────────────────┼────────────────────┤
│              mean surrogate loss/mean               │       -0.007       │
├─────────────────────────────────────────────────────┼────────────────────┤
│               mean decoder loss/mean                │         0.         │
├─────────────────────────────────────────────────────┼────────────────────┤
│           mean decoder loss student/mean            │         0.         │
├─────────────────────────────────────────────────────┼────────────────────┤
│             mean decoder test loss/mean             │         0.         │
├─────────────────────────────────────────────────────┼────────────────────┤
│         mean decoder test loss student/mean         │         0.         │
├─────────────────────────────────────────────────────┼────────────────────┤
│                      timesteps                      │      69894144      │
├─────────────────────────────────────────────────────┼────────────────────┤
│                     iterations                      │        710         │
╘═════════════════════════════════════════════════════╧════════════════════╛

══════════════════════════════════════════
[33m        job         [0m
────────────────────┬─────────────────────
       status       │ running             
      runTime       │ 2025-07-07 12:00:05.560393
════════════════════╧═════════════════════
╒═════════════════════════════════════════════════════╤════════════════════╕
│       train/episode/rew tracking lin vel/mean       │       17.641       │
├─────────────────────────────────────────────────────┼────────────────────┤
│       train/episode/rew tracking ang vel/mean       │       8.039        │
├─────────────────────────────────────────────────────┼────────────────────┤
│          train/episode/rew lin vel z/mean           │       -0.036       │
├─────────────────────────────────────────────────────┼────────────────────┤
│          train/episode/rew ang vel xy/mean          │       -0.024       │
├─────────────────────────────────────────────────────┼────────────────────┤
│           train/episode/rew torques/mean            │       -2.762       │
├─────────────────────────────────────────────────────┼────────────────────┤
│           train/episode/rew dof vel/mean            │       -0.233       │
├─────────────────────────────────────────────────────┼────────────────────┤
│           train/episode/rew dof acc/mean            │       -1.099       │
├─────────────────────────────────────────────────────┼────────────────────┤
│          train/episode/rew collision/mean           │       -0.224       │
├─────────────────────────────────────────────────────┼────────────────────┤
│         train/episode/rew action rate/mean          │       -1.372       │
├─────────────────────────────────────────────────────┼────────────────────┤
│train/episode/rew tracking contacts shaped force/mean│       -3.723       │
├─────────────────────────────────────────────────────┼────────────────────┤
│ train/episode/rew tracking contacts shaped vel/mean │       -1.987       │
├─────────────────────────────────────────────────────┼────────────────────┤
│             train/episode/rew jump/mean             │       -1.43        │
├─────────────────────────────────────────────────────┼────────────────────┤
│        train/episode/rew dof pos limits/mean        │       -0.447       │
├─────────────────────────────────────────────────────┼────────────────────┤
│          train/episode/rew feet slip/mean           │       -0.223       │
├─────────────────────────────────────────────────────┼────────────────────┤
│  train/episode/rew feet clearance cmd linear/mean   │       -2.974       │
├─────────────────────────────────────────────────────┼────────────────────┤
│     train/episode/rew action smoothness 1/mean      │       -0.614       │
├─────────────────────────────────────────────────────┼────────────────────┤
│     train/episode/rew action smoothness 2/mean      │       -0.852       │
├─────────────────────────────────────────────────────┼────────────────────┤
│      train/episode/rew raibert heuristic/mean       │       -1.787       │
├─────────────────────────────────────────────────────┼────────────────────┤
│     train/episode/rew orientation control/mean      │         0.         │
├─────────────────────────────────────────────────────┼────────────────────┤
│            train/episode/rew total/mean             │       11.634       │
├─────────────────────────────────────────────────────┼────────────────────┤
│       train/episode/min command duration/mean       │        0.5         │
├─────────────────────────────────────────────────────┼────────────────────┤
│       train/episode/max command duration/mean       │        0.5         │
├─────────────────────────────────────────────────────┼────────────────────┤
│        train/episode/min command bound/mean         │         0.         │
├─────────────────────────────────────────────────────┼────────────────────┤
│        train/episode/max command bound/mean         │         0.         │
├─────────────────────────────────────────────────────┼────────────────────┤
│        train/episode/min command offset/mean        │         0.         │
├─────────────────────────────────────────────────────┼────────────────────┤
│        train/episode/max command offset/mean        │         0.         │
├─────────────────────────────────────────────────────┼────────────────────┤
│        train/episode/min command phase/mean         │        0.5         │
├─────────────────────────────────────────────────────┼────────────────────┤
│        train/episode/max command phase/mean         │        0.5         │
├─────────────────────────────────────────────────────┼────────────────────┤
│         train/episode/min command freq/mean         │         2.         │
├─────────────────────────────────────────────────────┼────────────────────┤
│         train/episode/max command freq/mean         │       3.999        │
├─────────────────────────────────────────────────────┼────────────────────┤
│        train/episode/min command x vel/mean         │       -1.047       │
├─────────────────────────────────────────────────────┼────────────────────┤
│        train/episode/max command x vel/mean         │       1.047        │
├─────────────────────────────────────────────────────┼────────────────────┤
│        train/episode/min command y vel/mean         │        -0.2        │
├─────────────────────────────────────────────────────┼────────────────────┤
│        train/episode/max command y vel/mean         │        0.2         │
├─────────────────────────────────────────────────────┼────────────────────┤
│       train/episode/min command yaw vel/mean        │       -1.047       │
├─────────────────────────────────────────────────────┼────────────────────┤
│       train/episode/max command yaw vel/mean        │       1.047        │
├─────────────────────────────────────────────────────┼────────────────────┤
│     train/episode/min command swing height/mean     │        0.03        │
├─────────────────────────────────────────────────────┼────────────────────┤
│     train/episode/max command swing height/mean     │        0.35        │
├─────────────────────────────────────────────────────┼────────────────────┤
│        train/episode/command area trot/mean         │       0.274        │
├─────────────────────────────────────────────────────┼────────────────────┤
│            train/episode/min action/mean            │       -7.581       │
├─────────────────────────────────────────────────────┼────────────────────┤
│            train/episode/max action/mean            │       5.797        │
├─────────────────────────────────────────────────────┼────────────────────┤
│                  time elapsed/mean                  │      1531.233      │
├─────────────────────────────────────────────────────┼────────────────────┤
│                   time iter/mean                    │       2.238        │
├─────────────────────────────────────────────────────┼────────────────────┤
│                mean value loss/mean                 │       0.001        │
├─────────────────────────────────────────────────────┼────────────────────┤
│              mean surrogate loss/mean               │       -0.008       │
├─────────────────────────────────────────────────────┼────────────────────┤
│               mean decoder loss/mean                │         0.         │
├─────────────────────────────────────────────────────┼────────────────────┤
│           mean decoder loss student/mean            │         0.         │
├─────────────────────────────────────────────────────┼────────────────────┤
│             mean decoder test loss/mean             │         0.         │
├─────────────────────────────────────────────────────┼────────────────────┤
│         mean decoder test loss student/mean         │         0.         │
├─────────────────────────────────────────────────────┼────────────────────┤
│                      timesteps                      │      70877184      │
├─────────────────────────────────────────────────────┼────────────────────┤
│                     iterations                      │        720         │
╘═════════════════════════════════════════════════════╧════════════════════╛

══════════════════════════════════════════
[33m        job         [0m
────────────────────┬─────────────────────
       status       │ running             
      runTime       │ 2025-07-07 12:00:27.942651
════════════════════╧═════════════════════
╒═════════════════════════════════════════════════════╤════════════════════╕
│       train/episode/rew tracking lin vel/mean       │       17.731       │
├─────────────────────────────────────────────────────┼────────────────────┤
│       train/episode/rew tracking ang vel/mean       │       8.074        │
├─────────────────────────────────────────────────────┼────────────────────┤
│          train/episode/rew lin vel z/mean           │       -0.035       │
├─────────────────────────────────────────────────────┼────────────────────┤
│          train/episode/rew ang vel xy/mean          │       -0.024       │
├─────────────────────────────────────────────────────┼────────────────────┤
│           train/episode/rew torques/mean            │       -2.835       │
├─────────────────────────────────────────────────────┼────────────────────┤
│           train/episode/rew dof vel/mean            │       -0.232       │
├─────────────────────────────────────────────────────┼────────────────────┤
│           train/episode/rew dof acc/mean            │       -1.094       │
├─────────────────────────────────────────────────────┼────────────────────┤
│          train/episode/rew collision/mean           │       -0.211       │
├─────────────────────────────────────────────────────┼────────────────────┤
│         train/episode/rew action rate/mean          │       -1.38        │
├─────────────────────────────────────────────────────┼────────────────────┤
│train/episode/rew tracking contacts shaped force/mean│       -3.753       │
├─────────────────────────────────────────────────────┼────────────────────┤
│ train/episode/rew tracking contacts shaped vel/mean │       -1.976       │
├─────────────────────────────────────────────────────┼────────────────────┤
│             train/episode/rew jump/mean             │       -1.516       │
├─────────────────────────────────────────────────────┼────────────────────┤
│        train/episode/rew dof pos limits/mean        │       -0.481       │
├─────────────────────────────────────────────────────┼────────────────────┤
│          train/episode/rew feet slip/mean           │       -0.222       │
├─────────────────────────────────────────────────────┼────────────────────┤
│  train/episode/rew feet clearance cmd linear/mean   │       -3.233       │
├─────────────────────────────────────────────────────┼────────────────────┤
│     train/episode/rew action smoothness 1/mean      │       -0.617       │
├─────────────────────────────────────────────────────┼────────────────────┤
│     train/episode/rew action smoothness 2/mean      │       -0.846       │
├─────────────────────────────────────────────────────┼────────────────────┤
│      train/episode/rew raibert heuristic/mean       │       -1.763       │
├─────────────────────────────────────────────────────┼────────────────────┤
│     train/episode/rew orientation control/mean      │         0.         │
├─────────────────────────────────────────────────────┼────────────────────┤
│            train/episode/rew total/mean             │       11.456       │
├─────────────────────────────────────────────────────┼────────────────────┤
│       train/episode/min command duration/mean       │        0.5         │
├─────────────────────────────────────────────────────┼────────────────────┤
│       train/episode/max command duration/mean       │        0.5         │
├─────────────────────────────────────────────────────┼────────────────────┤
│        train/episode/min command bound/mean         │         0.         │
├─────────────────────────────────────────────────────┼────────────────────┤
│        train/episode/max command bound/mean         │         0.         │
├─────────────────────────────────────────────────────┼────────────────────┤
│        train/episode/min command offset/mean        │         0.         │
├─────────────────────────────────────────────────────┼────────────────────┤
│        train/episode/max command offset/mean        │         0.         │
├─────────────────────────────────────────────────────┼────────────────────┤
│        train/episode/min command phase/mean         │        0.5         │
├─────────────────────────────────────────────────────┼────────────────────┤
│        train/episode/max command phase/mean         │        0.5         │
├─────────────────────────────────────────────────────┼────────────────────┤
│         train/episode/min command freq/mean         │         2.         │
├─────────────────────────────────────────────────────┼────────────────────┤
│         train/episode/max command freq/mean         │       3.999        │
├─────────────────────────────────────────────────────┼────────────────────┤
│        train/episode/min command x vel/mean         │       -1.046       │
├─────────────────────────────────────────────────────┼────────────────────┤
│        train/episode/max command x vel/mean         │       1.047        │
├─────────────────────────────────────────────────────┼────────────────────┤
│        train/episode/min command y vel/mean         │        -0.2        │
├─────────────────────────────────────────────────────┼────────────────────┤
│        train/episode/max command y vel/mean         │        0.2         │
├─────────────────────────────────────────────────────┼────────────────────┤
│       train/episode/min command yaw vel/mean        │       -1.047       │
├─────────────────────────────────────────────────────┼────────────────────┤
│       train/episode/max command yaw vel/mean        │       1.048        │
├─────────────────────────────────────────────────────┼────────────────────┤
│     train/episode/min command swing height/mean     │        0.03        │
├─────────────────────────────────────────────────────┼────────────────────┤
│     train/episode/max command swing height/mean     │        0.35        │
├─────────────────────────────────────────────────────┼────────────────────┤
│        train/episode/command area trot/mean         │       0.274        │
├─────────────────────────────────────────────────────┼────────────────────┤
│            train/episode/min action/mean            │       -7.698       │
├─────────────────────────────────────────────────────┼────────────────────┤
│            train/episode/max action/mean            │       5.781        │
├─────────────────────────────────────────────────────┼────────────────────┤
│                  time elapsed/mean                  │       1552.7       │
├─────────────────────────────────────────────────────┼────────────────────┤
│                   time iter/mean                    │       2.134        │
├─────────────────────────────────────────────────────┼────────────────────┤
│                mean value loss/mean                 │       0.002        │
├─────────────────────────────────────────────────────┼────────────────────┤
│              mean surrogate loss/mean               │       -0.008       │
├─────────────────────────────────────────────────────┼────────────────────┤
│               mean decoder loss/mean                │         0.         │
├─────────────────────────────────────────────────────┼────────────────────┤
│           mean decoder loss student/mean            │         0.         │
├─────────────────────────────────────────────────────┼────────────────────┤
│             mean decoder test loss/mean             │         0.         │
├─────────────────────────────────────────────────────┼────────────────────┤
│         mean decoder test loss student/mean         │         0.         │
├─────────────────────────────────────────────────────┼────────────────────┤
│                      timesteps                      │      71860224      │
├─────────────────────────────────────────────────────┼────────────────────┤
│                     iterations                      │        730         │
╘═════════════════════════════════════════════════════╧════════════════════╛

══════════════════════════════════════════
[33m        job         [0m
────────────────────┬─────────────────────
       status       │ running             
      runTime       │ 2025-07-07 12:00:49.279395
════════════════════╧═════════════════════
╒═════════════════════════════════════════════════════╤════════════════════╕
│       train/episode/rew tracking lin vel/mean       │       17.731       │
├─────────────────────────────────────────────────────┼────────────────────┤
│       train/episode/rew tracking ang vel/mean       │       8.081        │
├─────────────────────────────────────────────────────┼────────────────────┤
│          train/episode/rew lin vel z/mean           │       -0.035       │
├─────────────────────────────────────────────────────┼────────────────────┤
│          train/episode/rew ang vel xy/mean          │       -0.023       │
├─────────────────────────────────────────────────────┼────────────────────┤
│           train/episode/rew torques/mean            │       -2.752       │
├─────────────────────────────────────────────────────┼────────────────────┤
│           train/episode/rew dof vel/mean            │       -0.225       │
├─────────────────────────────────────────────────────┼────────────────────┤
│           train/episode/rew dof acc/mean            │       -1.054       │
├─────────────────────────────────────────────────────┼────────────────────┤
│          train/episode/rew collision/mean           │       -0.187       │
├─────────────────────────────────────────────────────┼────────────────────┤
│         train/episode/rew action rate/mean          │       -1.343       │
├─────────────────────────────────────────────────────┼────────────────────┤
│train/episode/rew tracking contacts shaped force/mean│       -3.777       │
├─────────────────────────────────────────────────────┼────────────────────┤
│ train/episode/rew tracking contacts shaped vel/mean │       -1.902       │
├─────────────────────────────────────────────────────┼────────────────────┤
│             train/episode/rew jump/mean             │       -1.349       │
├─────────────────────────────────────────────────────┼────────────────────┤
│        train/episode/rew dof pos limits/mean        │       -0.342       │
├─────────────────────────────────────────────────────┼────────────────────┤
│          train/episode/rew feet slip/mean           │       -0.215       │
├─────────────────────────────────────────────────────┼────────────────────┤
│  train/episode/rew feet clearance cmd linear/mean   │       -2.666       │
├─────────────────────────────────────────────────────┼────────────────────┤
│     train/episode/rew action smoothness 1/mean      │       -0.599       │
├─────────────────────────────────────────────────────┼────────────────────┤
│     train/episode/rew action smoothness 2/mean      │       -0.829       │
├─────────────────────────────────────────────────────┼────────────────────┤
│      train/episode/rew raibert heuristic/mean       │       -1.689       │
├─────────────────────────────────────────────────────┼────────────────────┤
│     train/episode/rew orientation control/mean      │         0.         │
├─────────────────────────────────────────────────────┼────────────────────┤
│            train/episode/rew total/mean             │       11.977       │
├─────────────────────────────────────────────────────┼────────────────────┤
│       train/episode/min command duration/mean       │        0.5         │
├─────────────────────────────────────────────────────┼────────────────────┤
│       train/episode/max command duration/mean       │        0.5         │
├─────────────────────────────────────────────────────┼────────────────────┤
│        train/episode/min command bound/mean         │         0.         │
├─────────────────────────────────────────────────────┼────────────────────┤
│        train/episode/max command bound/mean         │         0.         │
├─────────────────────────────────────────────────────┼────────────────────┤
│        train/episode/min command offset/mean        │         0.         │
├─────────────────────────────────────────────────────┼────────────────────┤
│        train/episode/max command offset/mean        │         0.         │
├─────────────────────────────────────────────────────┼────────────────────┤
│        train/episode/min command phase/mean         │        0.5         │
├─────────────────────────────────────────────────────┼────────────────────┤
│        train/episode/max command phase/mean         │        0.5         │
├─────────────────────────────────────────────────────┼────────────────────┤
│         train/episode/min command freq/mean         │       2.001        │
├─────────────────────────────────────────────────────┼────────────────────┤
│         train/episode/max command freq/mean         │       3.999        │
├─────────────────────────────────────────────────────┼────────────────────┤
│        train/episode/min command x vel/mean         │       -1.047       │
├─────────────────────────────────────────────────────┼────────────────────┤
│        train/episode/max command x vel/mean         │       1.048        │
├─────────────────────────────────────────────────────┼────────────────────┤
│        train/episode/min command y vel/mean         │        -0.2        │
├─────────────────────────────────────────────────────┼────────────────────┤
│        train/episode/max command y vel/mean         │        0.2         │
├─────────────────────────────────────────────────────┼────────────────────┤
│       train/episode/min command yaw vel/mean        │       -1.048       │
├─────────────────────────────────────────────────────┼────────────────────┤
│       train/episode/max command yaw vel/mean        │       1.047        │
├─────────────────────────────────────────────────────┼────────────────────┤
│     train/episode/min command swing height/mean     │        0.03        │
├─────────────────────────────────────────────────────┼────────────────────┤
│     train/episode/max command swing height/mean     │        0.35        │
├─────────────────────────────────────────────────────┼────────────────────┤
│        train/episode/command area trot/mean         │       0.274        │
├─────────────────────────────────────────────────────┼────────────────────┤
│            train/episode/min action/mean            │       -7.576       │
├─────────────────────────────────────────────────────┼────────────────────┤
│            train/episode/max action/mean            │       5.861        │
├─────────────────────────────────────────────────────┼────────────────────┤
│                  time elapsed/mean                  │      1574.022      │
├─────────────────────────────────────────────────────┼────────────────────┤
│                   time iter/mean                    │       2.122        │
├─────────────────────────────────────────────────────┼────────────────────┤
│                mean value loss/mean                 │       0.001        │
├─────────────────────────────────────────────────────┼────────────────────┤
│              mean surrogate loss/mean               │       -0.008       │
├─────────────────────────────────────────────────────┼────────────────────┤
│               mean decoder loss/mean                │         0.         │
├─────────────────────────────────────────────────────┼────────────────────┤
│           mean decoder loss student/mean            │         0.         │
├─────────────────────────────────────────────────────┼────────────────────┤
│             mean decoder test loss/mean             │         0.         │
├─────────────────────────────────────────────────────┼────────────────────┤
│         mean decoder test loss student/mean         │         0.         │
├─────────────────────────────────────────────────────┼────────────────────┤
│                      timesteps                      │      72843264      │
├─────────────────────────────────────────────────────┼────────────────────┤
│                     iterations                      │        740         │
╘═════════════════════════════════════════════════════╧════════════════════╛

══════════════════════════════════════════
[33m        job         [0m
────────────────────┬─────────────────────
       status       │ running             
      runTime       │ 2025-07-07 12:01:10.502125
════════════════════╧═════════════════════
╒═════════════════════════════════════════════════════╤════════════════════╕
│       train/episode/rew tracking lin vel/mean       │       17.644       │
├─────────────────────────────────────────────────────┼────────────────────┤
│       train/episode/rew tracking ang vel/mean       │       8.061        │
├─────────────────────────────────────────────────────┼────────────────────┤
│          train/episode/rew lin vel z/mean           │       -0.036       │
├─────────────────────────────────────────────────────┼────────────────────┤
│          train/episode/rew ang vel xy/mean          │       -0.022       │
├─────────────────────────────────────────────────────┼────────────────────┤
│           train/episode/rew torques/mean            │       -2.748       │
├─────────────────────────────────────────────────────┼────────────────────┤
│           train/episode/rew dof vel/mean            │       -0.227       │
├─────────────────────────────────────────────────────┼────────────────────┤
│           train/episode/rew dof acc/mean            │       -1.059       │
├─────────────────────────────────────────────────────┼────────────────────┤
│          train/episode/rew collision/mean           │       -0.179       │
├─────────────────────────────────────────────────────┼────────────────────┤
│         train/episode/rew action rate/mean          │       -1.347       │
├─────────────────────────────────────────────────────┼────────────────────┤
│train/episode/rew tracking contacts shaped force/mean│       -3.735       │
├─────────────────────────────────────────────────────┼────────────────────┤
│ train/episode/rew tracking contacts shaped vel/mean │       -1.918       │
├─────────────────────────────────────────────────────┼────────────────────┤
│             train/episode/rew jump/mean             │       -1.355       │
├─────────────────────────────────────────────────────┼────────────────────┤
│        train/episode/rew dof pos limits/mean        │       -0.31        │
├─────────────────────────────────────────────────────┼────────────────────┤
│          train/episode/rew feet slip/mean           │       -0.216       │
├─────────────────────────────────────────────────────┼────────────────────┤
│  train/episode/rew feet clearance cmd linear/mean   │       -2.618       │
├─────────────────────────────────────────────────────┼────────────────────┤
│     train/episode/rew action smoothness 1/mean      │       -0.599       │
├─────────────────────────────────────────────────────┼────────────────────┤
│     train/episode/rew action smoothness 2/mean      │       -0.824       │
├─────────────────────────────────────────────────────┼────────────────────┤
│      train/episode/rew raibert heuristic/mean       │       -1.757       │
├─────────────────────────────────────────────────────┼────────────────────┤
│     train/episode/rew orientation control/mean      │         0.         │
├─────────────────────────────────────────────────────┼────────────────────┤
│            train/episode/rew total/mean             │       11.925       │
├─────────────────────────────────────────────────────┼────────────────────┤
│       train/episode/min command duration/mean       │        0.5         │
├─────────────────────────────────────────────────────┼────────────────────┤
│       train/episode/max command duration/mean       │        0.5         │
├─────────────────────────────────────────────────────┼────────────────────┤
│        train/episode/min command bound/mean         │         0.         │
├─────────────────────────────────────────────────────┼────────────────────┤
│        train/episode/max command bound/mean         │         0.         │
├─────────────────────────────────────────────────────┼────────────────────┤
│        train/episode/min command offset/mean        │         0.         │
├─────────────────────────────────────────────────────┼────────────────────┤
│        train/episode/max command offset/mean        │         0.         │
├─────────────────────────────────────────────────────┼────────────────────┤
│        train/episode/min command phase/mean         │        0.5         │
├─────────────────────────────────────────────────────┼────────────────────┤
│        train/episode/max command phase/mean         │        0.5         │
├─────────────────────────────────────────────────────┼────────────────────┤
│         train/episode/min command freq/mean         │       2.001        │
├─────────────────────────────────────────────────────┼────────────────────┤
│         train/episode/max command freq/mean         │       3.999        │
├─────────────────────────────────────────────────────┼────────────────────┤
│        train/episode/min command x vel/mean         │       -1.047       │
├─────────────────────────────────────────────────────┼────────────────────┤
│        train/episode/max command x vel/mean         │       1.048        │
├─────────────────────────────────────────────────────┼────────────────────┤
│        train/episode/min command y vel/mean         │        -0.2        │
├─────────────────────────────────────────────────────┼────────────────────┤
│        train/episode/max command y vel/mean         │        0.2         │
├─────────────────────────────────────────────────────┼────────────────────┤
│       train/episode/min command yaw vel/mean        │       -1.047       │
├─────────────────────────────────────────────────────┼────────────────────┤
│       train/episode/max command yaw vel/mean        │       1.046        │
├─────────────────────────────────────────────────────┼────────────────────┤
│     train/episode/min command swing height/mean     │        0.03        │
├─────────────────────────────────────────────────────┼────────────────────┤
│     train/episode/max command swing height/mean     │        0.35        │
├─────────────────────────────────────────────────────┼────────────────────┤
│        train/episode/command area trot/mean         │       0.274        │
├─────────────────────────────────────────────────────┼────────────────────┤
│            train/episode/min action/mean            │       -7.873       │
├─────────────────────────────────────────────────────┼────────────────────┤
│            train/episode/max action/mean            │       5.884        │
├─────────────────────────────────────────────────────┼────────────────────┤
│                  time elapsed/mean                  │      1594.981      │
├─────────────────────────────────────────────────────┼────────────────────┤
│                   time iter/mean                    │       2.079        │
├─────────────────────────────────────────────────────┼────────────────────┤
│                mean value loss/mean                 │       0.001        │
├─────────────────────────────────────────────────────┼────────────────────┤
│              mean surrogate loss/mean               │       -0.006       │
├─────────────────────────────────────────────────────┼────────────────────┤
│               mean decoder loss/mean                │         0.         │
├─────────────────────────────────────────────────────┼────────────────────┤
│           mean decoder loss student/mean            │         0.         │
├─────────────────────────────────────────────────────┼────────────────────┤
│             mean decoder test loss/mean             │         0.         │
├─────────────────────────────────────────────────────┼────────────────────┤
│         mean decoder test loss student/mean         │         0.         │
├─────────────────────────────────────────────────────┼────────────────────┤
│                      timesteps                      │      73826304      │
├─────────────────────────────────────────────────────┼────────────────────┤
│                     iterations                      │        750         │
╘═════════════════════════════════════════════════════╧════════════════════╛

══════════════════════════════════════════
[33m        job         [0m
────────────────────┬─────────────────────
       status       │ running             
      runTime       │ 2025-07-07 12:01:31.286405
════════════════════╧═════════════════════
╒═════════════════════════════════════════════════════╤════════════════════╕
│       train/episode/rew tracking lin vel/mean       │       17.439       │
├─────────────────────────────────────────────────────┼────────────────────┤
│       train/episode/rew tracking ang vel/mean       │       7.951        │
├─────────────────────────────────────────────────────┼────────────────────┤
│          train/episode/rew lin vel z/mean           │       -0.036       │
├─────────────────────────────────────────────────────┼────────────────────┤
│          train/episode/rew ang vel xy/mean          │       -0.022       │
├─────────────────────────────────────────────────────┼────────────────────┤
│           train/episode/rew torques/mean            │       -2.726       │
├─────────────────────────────────────────────────────┼────────────────────┤
│           train/episode/rew dof vel/mean            │       -0.228       │
├─────────────────────────────────────────────────────┼────────────────────┤
│           train/episode/rew dof acc/mean            │       -1.071       │
├─────────────────────────────────────────────────────┼────────────────────┤
│          train/episode/rew collision/mean           │       -0.187       │
├─────────────────────────────────────────────────────┼────────────────────┤
│         train/episode/rew action rate/mean          │       -1.336       │
├─────────────────────────────────────────────────────┼────────────────────┤
│train/episode/rew tracking contacts shaped force/mean│       -3.627       │
├─────────────────────────────────────────────────────┼────────────────────┤
│ train/episode/rew tracking contacts shaped vel/mean │       -1.967       │
├─────────────────────────────────────────────────────┼────────────────────┤
│             train/episode/rew jump/mean             │       -1.364       │
├─────────────────────────────────────────────────────┼────────────────────┤
│        train/episode/rew dof pos limits/mean        │       -0.385       │
├─────────────────────────────────────────────────────┼────────────────────┤
│          train/episode/rew feet slip/mean           │       -0.21        │
├─────────────────────────────────────────────────────┼────────────────────┤
│  train/episode/rew feet clearance cmd linear/mean   │       -2.838       │
├─────────────────────────────────────────────────────┼────────────────────┤
│     train/episode/rew action smoothness 1/mean      │       -0.596       │
├─────────────────────────────────────────────────────┼────────────────────┤
│     train/episode/rew action smoothness 2/mean      │       -0.813       │
├─────────────────────────────────────────────────────┼────────────────────┤
│      train/episode/rew raibert heuristic/mean       │       -1.719       │
├─────────────────────────────────────────────────────┼────────────────────┤
│     train/episode/rew orientation control/mean      │         0.         │
├─────────────────────────────────────────────────────┼────────────────────┤
│            train/episode/rew total/mean             │       11.66        │
├─────────────────────────────────────────────────────┼────────────────────┤
│       train/episode/min command duration/mean       │        0.5         │
├─────────────────────────────────────────────────────┼────────────────────┤
│       train/episode/max command duration/mean       │        0.5         │
├─────────────────────────────────────────────────────┼────────────────────┤
│        train/episode/min command bound/mean         │         0.         │
├─────────────────────────────────────────────────────┼────────────────────┤
│        train/episode/max command bound/mean         │         0.         │
├─────────────────────────────────────────────────────┼────────────────────┤
│        train/episode/min command offset/mean        │         0.         │
├─────────────────────────────────────────────────────┼────────────────────┤
│        train/episode/max command offset/mean        │         0.         │
├─────────────────────────────────────────────────────┼────────────────────┤
│        train/episode/min command phase/mean         │        0.5         │
├─────────────────────────────────────────────────────┼────────────────────┤
│        train/episode/max command phase/mean         │        0.5         │
├─────────────────────────────────────────────────────┼────────────────────┤
│         train/episode/min command freq/mean         │         2.         │
├─────────────────────────────────────────────────────┼────────────────────┤
│         train/episode/max command freq/mean         │         4.         │
├─────────────────────────────────────────────────────┼────────────────────┤
│        train/episode/min command x vel/mean         │       -1.047       │
├─────────────────────────────────────────────────────┼────────────────────┤
│        train/episode/max command x vel/mean         │       1.047        │
├─────────────────────────────────────────────────────┼────────────────────┤
│        train/episode/min command y vel/mean         │        -0.2        │
├─────────────────────────────────────────────────────┼────────────────────┤
│        train/episode/max command y vel/mean         │        0.2         │
├─────────────────────────────────────────────────────┼────────────────────┤
│       train/episode/min command yaw vel/mean        │       -1.048       │
├─────────────────────────────────────────────────────┼────────────────────┤
│       train/episode/max command yaw vel/mean        │       1.047        │
├─────────────────────────────────────────────────────┼────────────────────┤
│     train/episode/min command swing height/mean     │        0.03        │
├─────────────────────────────────────────────────────┼────────────────────┤
│     train/episode/max command swing height/mean     │        0.35        │
├─────────────────────────────────────────────────────┼────────────────────┤
│        train/episode/command area trot/mean         │       0.274        │
├─────────────────────────────────────────────────────┼────────────────────┤
│            train/episode/min action/mean            │       -7.699       │
├─────────────────────────────────────────────────────┼────────────────────┤
│            train/episode/max action/mean            │        5.93        │
├─────────────────────────────────────────────────────┼────────────────────┤
│                  time elapsed/mean                  │      1617.424      │
├─────────────────────────────────────────────────────┼────────────────────┤
│                   time iter/mean                    │       2.305        │
├─────────────────────────────────────────────────────┼────────────────────┤
│                mean value loss/mean                 │       0.002        │
├─────────────────────────────────────────────────────┼────────────────────┤
│              mean surrogate loss/mean               │       -0.008       │
├─────────────────────────────────────────────────────┼────────────────────┤
│               mean decoder loss/mean                │         0.         │
├─────────────────────────────────────────────────────┼────────────────────┤
│           mean decoder loss student/mean            │         0.         │
├─────────────────────────────────────────────────────┼────────────────────┤
│             mean decoder test loss/mean             │         0.         │
├─────────────────────────────────────────────────────┼────────────────────┤
│         mean decoder test loss student/mean         │         0.         │
├─────────────────────────────────────────────────────┼────────────────────┤
│                      timesteps                      │      74809344      │
├─────────────────────────────────────────────────────┼────────────────────┤
│                     iterations                      │        760         │
╘═════════════════════════════════════════════════════╧════════════════════╛

══════════════════════════════════════════
[33m        job         [0m
────────────────────┬─────────────────────
       status       │ running             
      runTime       │ 2025-07-07 12:01:54.339155
════════════════════╧═════════════════════
╒═════════════════════════════════════════════════════╤════════════════════╕
│       train/episode/rew tracking lin vel/mean       │       17.923       │
├─────────────────────────────────────────────────────┼────────────────────┤
│       train/episode/rew tracking ang vel/mean       │       8.127        │
├─────────────────────────────────────────────────────┼────────────────────┤
│          train/episode/rew lin vel z/mean           │       -0.035       │
├─────────────────────────────────────────────────────┼────────────────────┤
│          train/episode/rew ang vel xy/mean          │       -0.022       │
├─────────────────────────────────────────────────────┼────────────────────┤
│           train/episode/rew torques/mean            │       -2.78        │
├─────────────────────────────────────────────────────┼────────────────────┤
│           train/episode/rew dof vel/mean            │       -0.224       │
├─────────────────────────────────────────────────────┼────────────────────┤
│           train/episode/rew dof acc/mean            │       -1.062       │
├─────────────────────────────────────────────────────┼────────────────────┤
│          train/episode/rew collision/mean           │       -0.137       │
├─────────────────────────────────────────────────────┼────────────────────┤
│         train/episode/rew action rate/mean          │       -1.349       │
├─────────────────────────────────────────────────────┼────────────────────┤
│train/episode/rew tracking contacts shaped force/mean│       -3.815       │
├─────────────────────────────────────────────────────┼────────────────────┤
│ train/episode/rew tracking contacts shaped vel/mean │       -1.901       │
├─────────────────────────────────────────────────────┼────────────────────┤
│             train/episode/rew jump/mean             │       -1.281       │
├─────────────────────────────────────────────────────┼────────────────────┤
│        train/episode/rew dof pos limits/mean        │       -0.344       │
├─────────────────────────────────────────────────────┼────────────────────┤
│          train/episode/rew feet slip/mean           │       -0.212       │
├─────────────────────────────────────────────────────┼────────────────────┤
│  train/episode/rew feet clearance cmd linear/mean   │       -2.578       │
├─────────────────────────────────────────────────────┼────────────────────┤
│     train/episode/rew action smoothness 1/mean      │       -0.601       │
├─────────────────────────────────────────────────────┼────────────────────┤
│     train/episode/rew action smoothness 2/mean      │       -0.826       │
├─────────────────────────────────────────────────────┼────────────────────┤
│      train/episode/rew raibert heuristic/mean       │       -1.648       │
├─────────────────────────────────────────────────────┼────────────────────┤
│     train/episode/rew orientation control/mean      │         0.         │
├─────────────────────────────────────────────────────┼────────────────────┤
│            train/episode/rew total/mean             │       12.286       │
├─────────────────────────────────────────────────────┼────────────────────┤
│       train/episode/min command duration/mean       │        0.5         │
├─────────────────────────────────────────────────────┼────────────────────┤
│       train/episode/max command duration/mean       │        0.5         │
├─────────────────────────────────────────────────────┼────────────────────┤
│        train/episode/min command bound/mean         │         0.         │
├─────────────────────────────────────────────────────┼────────────────────┤
│        train/episode/max command bound/mean         │         0.         │
├─────────────────────────────────────────────────────┼────────────────────┤
│        train/episode/min command offset/mean        │         0.         │
├─────────────────────────────────────────────────────┼────────────────────┤
│        train/episode/max command offset/mean        │         0.         │
├─────────────────────────────────────────────────────┼────────────────────┤
│        train/episode/min command phase/mean         │        0.5         │
├─────────────────────────────────────────────────────┼────────────────────┤
│        train/episode/max command phase/mean         │        0.5         │
├─────────────────────────────────────────────────────┼────────────────────┤
│         train/episode/min command freq/mean         │         2.         │
├─────────────────────────────────────────────────────┼────────────────────┤
│         train/episode/max command freq/mean         │         4.         │
├─────────────────────────────────────────────────────┼────────────────────┤
│        train/episode/min command x vel/mean         │       -1.047       │
├─────────────────────────────────────────────────────┼────────────────────┤
│        train/episode/max command x vel/mean         │       1.047        │
├─────────────────────────────────────────────────────┼────────────────────┤
│        train/episode/min command y vel/mean         │        -0.2        │
├─────────────────────────────────────────────────────┼────────────────────┤
│        train/episode/max command y vel/mean         │        0.2         │
├─────────────────────────────────────────────────────┼────────────────────┤
│       train/episode/min command yaw vel/mean        │       -1.048       │
├─────────────────────────────────────────────────────┼────────────────────┤
│       train/episode/max command yaw vel/mean        │       1.047        │
├─────────────────────────────────────────────────────┼────────────────────┤
│     train/episode/min command swing height/mean     │        0.03        │
├─────────────────────────────────────────────────────┼────────────────────┤
│     train/episode/max command swing height/mean     │        0.35        │
├─────────────────────────────────────────────────────┼────────────────────┤
│        train/episode/command area trot/mean         │       0.274        │
├─────────────────────────────────────────────────────┼────────────────────┤
│            train/episode/min action/mean            │       -7.613       │
├─────────────────────────────────────────────────────┼────────────────────┤
│            train/episode/max action/mean            │       5.951        │
├─────────────────────────────────────────────────────┼────────────────────┤
│                  time elapsed/mean                  │      1639.087      │
├─────────────────────────────────────────────────────┼────────────────────┤
│                   time iter/mean                    │       2.129        │
├─────────────────────────────────────────────────────┼────────────────────┤
│                mean value loss/mean                 │       0.001        │
├─────────────────────────────────────────────────────┼────────────────────┤
│              mean surrogate loss/mean               │       -0.007       │
├─────────────────────────────────────────────────────┼────────────────────┤
│               mean decoder loss/mean                │         0.         │
├─────────────────────────────────────────────────────┼────────────────────┤
│           mean decoder loss student/mean            │         0.         │
├─────────────────────────────────────────────────────┼────────────────────┤
│             mean decoder test loss/mean             │         0.         │
├─────────────────────────────────────────────────────┼────────────────────┤
│         mean decoder test loss student/mean         │         0.         │
├─────────────────────────────────────────────────────┼────────────────────┤
│                      timesteps                      │      75792384      │
├─────────────────────────────────────────────────────┼────────────────────┤
│                     iterations                      │        770         │
╘═════════════════════════════════════════════════════╧════════════════════╛

══════════════════════════════════════════
[33m        job         [0m
────────────────────┬─────────────────────
       status       │ running             
      runTime       │ 2025-07-07 12:02:15.627924
════════════════════╧═════════════════════
╒═════════════════════════════════════════════════════╤════════════════════╕
│       train/episode/rew tracking lin vel/mean       │       17.829       │
├─────────────────────────────────────────────────────┼────────────────────┤
│       train/episode/rew tracking ang vel/mean       │       8.146        │
├─────────────────────────────────────────────────────┼────────────────────┤
│          train/episode/rew lin vel z/mean           │       -0.036       │
├─────────────────────────────────────────────────────┼────────────────────┤
│          train/episode/rew ang vel xy/mean          │       -0.022       │
├─────────────────────────────────────────────────────┼────────────────────┤
│           train/episode/rew torques/mean            │       -2.759       │
├─────────────────────────────────────────────────────┼────────────────────┤
│           train/episode/rew dof vel/mean            │       -0.223       │
├─────────────────────────────────────────────────────┼────────────────────┤
│           train/episode/rew dof acc/mean            │       -1.041       │
├─────────────────────────────────────────────────────┼────────────────────┤
│          train/episode/rew collision/mean           │       -0.181       │
├─────────────────────────────────────────────────────┼────────────────────┤
│         train/episode/rew action rate/mean          │       -1.336       │
├─────────────────────────────────────────────────────┼────────────────────┤
│train/episode/rew tracking contacts shaped force/mean│       -3.823       │
├─────────────────────────────────────────────────────┼────────────────────┤
│ train/episode/rew tracking contacts shaped vel/mean │       -1.899       │
├─────────────────────────────────────────────────────┼────────────────────┤
│             train/episode/rew jump/mean             │       -1.376       │
├─────────────────────────────────────────────────────┼────────────────────┤
│        train/episode/rew dof pos limits/mean        │       -0.367       │
├─────────────────────────────────────────────────────┼────────────────────┤
│          train/episode/rew feet slip/mean           │       -0.214       │
├─────────────────────────────────────────────────────┼────────────────────┤
│  train/episode/rew feet clearance cmd linear/mean   │       -2.618       │
├─────────────────────────────────────────────────────┼────────────────────┤
│     train/episode/rew action smoothness 1/mean      │       -0.595       │
├─────────────────────────────────────────────────────┼────────────────────┤
│     train/episode/rew action smoothness 2/mean      │       -0.817       │
├─────────────────────────────────────────────────────┼────────────────────┤
│      train/episode/rew raibert heuristic/mean       │       -1.671       │
├─────────────────────────────────────────────────────┼────────────────────┤
│     train/episode/rew orientation control/mean      │         0.         │
├─────────────────────────────────────────────────────┼────────────────────┤
│            train/episode/rew total/mean             │       12.144       │
├─────────────────────────────────────────────────────┼────────────────────┤
│       train/episode/min command duration/mean       │        0.5         │
├─────────────────────────────────────────────────────┼────────────────────┤
│       train/episode/max command duration/mean       │        0.5         │
├─────────────────────────────────────────────────────┼────────────────────┤
│        train/episode/min command bound/mean         │         0.         │
├─────────────────────────────────────────────────────┼────────────────────┤
│        train/episode/max command bound/mean         │         0.         │
├─────────────────────────────────────────────────────┼────────────────────┤
│        train/episode/min command offset/mean        │         0.         │
├─────────────────────────────────────────────────────┼────────────────────┤
│        train/episode/max command offset/mean        │         0.         │
├─────────────────────────────────────────────────────┼────────────────────┤
│        train/episode/min command phase/mean         │        0.5         │
├─────────────────────────────────────────────────────┼────────────────────┤
│        train/episode/max command phase/mean         │        0.5         │
├─────────────────────────────────────────────────────┼────────────────────┤
│         train/episode/min command freq/mean         │       2.001        │
├─────────────────────────────────────────────────────┼────────────────────┤
│         train/episode/max command freq/mean         │       3.999        │
├─────────────────────────────────────────────────────┼────────────────────┤
│        train/episode/min command x vel/mean         │       -1.048       │
├─────────────────────────────────────────────────────┼────────────────────┤
│        train/episode/max command x vel/mean         │       1.047        │
├─────────────────────────────────────────────────────┼────────────────────┤
│        train/episode/min command y vel/mean         │        -0.2        │
├─────────────────────────────────────────────────────┼────────────────────┤
│        train/episode/max command y vel/mean         │        0.2         │
├─────────────────────────────────────────────────────┼────────────────────┤
│       train/episode/min command yaw vel/mean        │       -1.047       │
├─────────────────────────────────────────────────────┼────────────────────┤
│       train/episode/max command yaw vel/mean        │       1.047        │
├─────────────────────────────────────────────────────┼────────────────────┤
│     train/episode/min command swing height/mean     │        0.03        │
├─────────────────────────────────────────────────────┼────────────────────┤
│     train/episode/max command swing height/mean     │        0.35        │
├─────────────────────────────────────────────────────┼────────────────────┤
│        train/episode/command area trot/mean         │       0.274        │
├─────────────────────────────────────────────────────┼────────────────────┤
│            train/episode/min action/mean            │       -7.697       │
├─────────────────────────────────────────────────────┼────────────────────┤
│            train/episode/max action/mean            │       5.863        │
├─────────────────────────────────────────────────────┼────────────────────┤
│                  time elapsed/mean                  │      1660.503      │
├─────────────────────────────────────────────────────┼────────────────────┤
│                   time iter/mean                    │       2.139        │
├─────────────────────────────────────────────────────┼────────────────────┤
│                mean value loss/mean                 │       0.002        │
├─────────────────────────────────────────────────────┼────────────────────┤
│              mean surrogate loss/mean               │       -0.008       │
├─────────────────────────────────────────────────────┼────────────────────┤
│               mean decoder loss/mean                │         0.         │
├─────────────────────────────────────────────────────┼────────────────────┤
│           mean decoder loss student/mean            │         0.         │
├─────────────────────────────────────────────────────┼────────────────────┤
│             mean decoder test loss/mean             │         0.         │
├─────────────────────────────────────────────────────┼────────────────────┤
│         mean decoder test loss student/mean         │         0.         │
├─────────────────────────────────────────────────────┼────────────────────┤
│                      timesteps                      │      76775424      │
├─────────────────────────────────────────────────────┼────────────────────┤
│                     iterations                      │        780         │
╘═════════════════════════════════════════════════════╧════════════════════╛

══════════════════════════════════════════
[33m        job         [0m
────────────────────┬─────────────────────
       status       │ running             
      runTime       │ 2025-07-07 12:02:37.022618
════════════════════╧═════════════════════
╒═════════════════════════════════════════════════════╤════════════════════╕
│       train/episode/rew tracking lin vel/mean       │       17.749       │
├─────────────────────────────────────────────────────┼────────────────────┤
│       train/episode/rew tracking ang vel/mean       │       8.118        │
├─────────────────────────────────────────────────────┼────────────────────┤
│          train/episode/rew lin vel z/mean           │       -0.036       │
├─────────────────────────────────────────────────────┼────────────────────┤
│          train/episode/rew ang vel xy/mean          │       -0.022       │
├─────────────────────────────────────────────────────┼────────────────────┤
│           train/episode/rew torques/mean            │       -2.747       │
├─────────────────────────────────────────────────────┼────────────────────┤
│           train/episode/rew dof vel/mean            │       -0.226       │
├─────────────────────────────────────────────────────┼────────────────────┤
│           train/episode/rew dof acc/mean            │       -1.071       │
├─────────────────────────────────────────────────────┼────────────────────┤
│          train/episode/rew collision/mean           │       -0.185       │
├─────────────────────────────────────────────────────┼────────────────────┤
│         train/episode/rew action rate/mean          │       -1.342       │
├─────────────────────────────────────────────────────┼────────────────────┤
│train/episode/rew tracking contacts shaped force/mean│       -3.639       │
├─────────────────────────────────────────────────────┼────────────────────┤
│ train/episode/rew tracking contacts shaped vel/mean │       -1.956       │
├─────────────────────────────────────────────────────┼────────────────────┤
│             train/episode/rew jump/mean             │       -1.461       │
├─────────────────────────────────────────────────────┼────────────────────┤
│        train/episode/rew dof pos limits/mean        │       -0.437       │
├─────────────────────────────────────────────────────┼────────────────────┤
│          train/episode/rew feet slip/mean           │       -0.207       │
├─────────────────────────────────────────────────────┼────────────────────┤
│  train/episode/rew feet clearance cmd linear/mean   │       -2.819       │
├─────────────────────────────────────────────────────┼────────────────────┤
│     train/episode/rew action smoothness 1/mean      │       -0.601       │
├─────────────────────────────────────────────────────┼────────────────────┤
│     train/episode/rew action smoothness 2/mean      │       -0.821       │
├─────────────────────────────────────────────────────┼────────────────────┤
│      train/episode/rew raibert heuristic/mean       │       -1.659       │
├─────────────────────────────────────────────────────┼────────────────────┤
│     train/episode/rew orientation control/mean      │         0.         │
├─────────────────────────────────────────────────────┼────────────────────┤
│            train/episode/rew total/mean             │       11.905       │
├─────────────────────────────────────────────────────┼────────────────────┤
│       train/episode/min command duration/mean       │        0.5         │
├─────────────────────────────────────────────────────┼────────────────────┤
│       train/episode/max command duration/mean       │        0.5         │
├─────────────────────────────────────────────────────┼────────────────────┤
│        train/episode/min command bound/mean         │         0.         │
├─────────────────────────────────────────────────────┼────────────────────┤
│        train/episode/max command bound/mean         │         0.         │
├─────────────────────────────────────────────────────┼────────────────────┤
│        train/episode/min command offset/mean        │         0.         │
├─────────────────────────────────────────────────────┼────────────────────┤
│        train/episode/max command offset/mean        │         0.         │
├─────────────────────────────────────────────────────┼────────────────────┤
│        train/episode/min command phase/mean         │        0.5         │
├─────────────────────────────────────────────────────┼────────────────────┤
│        train/episode/max command phase/mean         │        0.5         │
├─────────────────────────────────────────────────────┼────────────────────┤
│         train/episode/min command freq/mean         │       2.001        │
├─────────────────────────────────────────────────────┼────────────────────┤
│         train/episode/max command freq/mean         │       3.999        │
├─────────────────────────────────────────────────────┼────────────────────┤
│        train/episode/min command x vel/mean         │       -1.048       │
├─────────────────────────────────────────────────────┼────────────────────┤
│        train/episode/max command x vel/mean         │       1.047        │
├─────────────────────────────────────────────────────┼────────────────────┤
│        train/episode/min command y vel/mean         │        -0.2        │
├─────────────────────────────────────────────────────┼────────────────────┤
│        train/episode/max command y vel/mean         │        0.2         │
├─────────────────────────────────────────────────────┼────────────────────┤
│       train/episode/min command yaw vel/mean        │       -1.047       │
├─────────────────────────────────────────────────────┼────────────────────┤
│       train/episode/max command yaw vel/mean        │       1.048        │
├─────────────────────────────────────────────────────┼────────────────────┤
│     train/episode/min command swing height/mean     │        0.03        │
├─────────────────────────────────────────────────────┼────────────────────┤
│     train/episode/max command swing height/mean     │        0.35        │
├─────────────────────────────────────────────────────┼────────────────────┤
│        train/episode/command area trot/mean         │       0.274        │
├─────────────────────────────────────────────────────┼────────────────────┤
│            train/episode/min action/mean            │       -7.929       │
├─────────────────────────────────────────────────────┼────────────────────┤
│            train/episode/max action/mean            │       5.911        │
├─────────────────────────────────────────────────────┼────────────────────┤
│                  time elapsed/mean                  │      1681.579      │
├─────────────────────────────────────────────────────┼────────────────────┤
│                   time iter/mean                    │       2.089        │
├─────────────────────────────────────────────────────┼────────────────────┤
│                mean value loss/mean                 │       0.001        │
├─────────────────────────────────────────────────────┼────────────────────┤
│              mean surrogate loss/mean               │       -0.006       │
├─────────────────────────────────────────────────────┼────────────────────┤
│               mean decoder loss/mean                │         0.         │
├─────────────────────────────────────────────────────┼────────────────────┤
│           mean decoder loss student/mean            │         0.         │
├─────────────────────────────────────────────────────┼────────────────────┤
│             mean decoder test loss/mean             │         0.         │
├─────────────────────────────────────────────────────┼────────────────────┤
│         mean decoder test loss student/mean         │         0.         │
├─────────────────────────────────────────────────────┼────────────────────┤
│                      timesteps                      │      77758464      │
├─────────────────────────────────────────────────────┼────────────────────┤
│                     iterations                      │        790         │
╘═════════════════════════════════════════════════════╧════════════════════╛

══════════════════════════════════════════
[33m        job         [0m
────────────────────┬─────────────────────
       status       │ running             
      runTime       │ 2025-07-07 12:02:57.907067
════════════════════╧═════════════════════
╒═════════════════════════════════════════════════════╤════════════════════╕
│       train/episode/rew tracking lin vel/mean       │       17.549       │
├─────────────────────────────────────────────────────┼────────────────────┤
│       train/episode/rew tracking ang vel/mean       │       8.023        │
├─────────────────────────────────────────────────────┼────────────────────┤
│          train/episode/rew lin vel z/mean           │       -0.035       │
├─────────────────────────────────────────────────────┼────────────────────┤
│          train/episode/rew ang vel xy/mean          │       -0.023       │
├─────────────────────────────────────────────────────┼────────────────────┤
│           train/episode/rew torques/mean            │       -2.734       │
├─────────────────────────────────────────────────────┼────────────────────┤
│           train/episode/rew dof vel/mean            │       -0.231       │
├─────────────────────────────────────────────────────┼────────────────────┤
│           train/episode/rew dof acc/mean            │       -1.084       │
├─────────────────────────────────────────────────────┼────────────────────┤
│          train/episode/rew collision/mean           │       -0.174       │
├─────────────────────────────────────────────────────┼────────────────────┤
│         train/episode/rew action rate/mean          │       -1.344       │
├─────────────────────────────────────────────────────┼────────────────────┤
│train/episode/rew tracking contacts shaped force/mean│       -3.678       │
├─────────────────────────────────────────────────────┼────────────────────┤
│ train/episode/rew tracking contacts shaped vel/mean │       -1.96        │
├─────────────────────────────────────────────────────┼────────────────────┤
│             train/episode/rew jump/mean             │       -1.347       │
├─────────────────────────────────────────────────────┼────────────────────┤
│        train/episode/rew dof pos limits/mean        │       -0.403       │
├─────────────────────────────────────────────────────┼────────────────────┤
│          train/episode/rew feet slip/mean           │       -0.215       │
├─────────────────────────────────────────────────────┼────────────────────┤
│  train/episode/rew feet clearance cmd linear/mean   │       -2.708       │
├─────────────────────────────────────────────────────┼────────────────────┤
│     train/episode/rew action smoothness 1/mean      │       -0.604       │
├─────────────────────────────────────────────────────┼────────────────────┤
│     train/episode/rew action smoothness 2/mean      │       -0.818       │
├─────────────────────────────────────────────────────┼────────────────────┤
│      train/episode/rew raibert heuristic/mean       │       -1.678       │
├─────────────────────────────────────────────────────┼────────────────────┤
│     train/episode/rew orientation control/mean      │         0.         │
├─────────────────────────────────────────────────────┼────────────────────┤
│            train/episode/rew total/mean             │       11.834       │
├─────────────────────────────────────────────────────┼────────────────────┤
│       train/episode/min command duration/mean       │        0.5         │
├─────────────────────────────────────────────────────┼────────────────────┤
│       train/episode/max command duration/mean       │        0.5         │
├─────────────────────────────────────────────────────┼────────────────────┤
│        train/episode/min command bound/mean         │         0.         │
├─────────────────────────────────────────────────────┼────────────────────┤
│        train/episode/max command bound/mean         │         0.         │
├─────────────────────────────────────────────────────┼────────────────────┤
│        train/episode/min command offset/mean        │         0.         │
├─────────────────────────────────────────────────────┼────────────────────┤
│        train/episode/max command offset/mean        │         0.         │
├─────────────────────────────────────────────────────┼────────────────────┤
│        train/episode/min command phase/mean         │        0.5         │
├─────────────────────────────────────────────────────┼────────────────────┤
│        train/episode/max command phase/mean         │        0.5         │
├─────────────────────────────────────────────────────┼────────────────────┤
│         train/episode/min command freq/mean         │       2.001        │
├─────────────────────────────────────────────────────┼────────────────────┤
│         train/episode/max command freq/mean         │       3.999        │
├─────────────────────────────────────────────────────┼────────────────────┤
│        train/episode/min command x vel/mean         │       -1.047       │
├─────────────────────────────────────────────────────┼────────────────────┤
│        train/episode/max command x vel/mean         │       1.047        │
├─────────────────────────────────────────────────────┼────────────────────┤
│        train/episode/min command y vel/mean         │        -0.2        │
├─────────────────────────────────────────────────────┼────────────────────┤
│        train/episode/max command y vel/mean         │        0.2         │
├─────────────────────────────────────────────────────┼────────────────────┤
│       train/episode/min command yaw vel/mean        │       -1.047       │
├─────────────────────────────────────────────────────┼────────────────────┤
│       train/episode/max command yaw vel/mean        │       1.047        │
├─────────────────────────────────────────────────────┼────────────────────┤
│     train/episode/min command swing height/mean     │        0.03        │
├─────────────────────────────────────────────────────┼────────────────────┤
│     train/episode/max command swing height/mean     │        0.35        │
├─────────────────────────────────────────────────────┼────────────────────┤
│        train/episode/command area trot/mean         │       0.274        │
├─────────────────────────────────────────────────────┼────────────────────┤
│            train/episode/min action/mean            │       -8.151       │
├─────────────────────────────────────────────────────┼────────────────────┤
│            train/episode/max action/mean            │        5.98        │
├─────────────────────────────────────────────────────┼────────────────────┤
│                  time elapsed/mean                  │      1703.644      │
├─────────────────────────────────────────────────────┼────────────────────┤
│                   time iter/mean                    │       2.295        │
├─────────────────────────────────────────────────────┼────────────────────┤
│                mean value loss/mean                 │       0.002        │
├─────────────────────────────────────────────────────┼────────────────────┤
│              mean surrogate loss/mean               │       -0.009       │
├─────────────────────────────────────────────────────┼────────────────────┤
│               mean decoder loss/mean                │         0.         │
├─────────────────────────────────────────────────────┼────────────────────┤
│           mean decoder loss student/mean            │         0.         │
├─────────────────────────────────────────────────────┼────────────────────┤
│             mean decoder test loss/mean             │         0.         │
├─────────────────────────────────────────────────────┼────────────────────┤
│         mean decoder test loss student/mean         │         0.         │
├─────────────────────────────────────────────────────┼────────────────────┤
│                      timesteps                      │      78741504      │
├─────────────────────────────────────────────────────┼────────────────────┤
│                     iterations                      │        800         │
╘═════════════════════════════════════════════════════╧════════════════════╛

══════════════════════════════════════════
[33m        job         [0m
────────────────────┬─────────────────────
       status       │ running             
      runTime       │ 2025-07-07 12:03:20.854314
════════════════════╧═════════════════════
╒═════════════════════════════════════════════════════╤════════════════════╕
│       train/episode/rew tracking lin vel/mean       │       17.912       │
├─────────────────────────────────────────────────────┼────────────────────┤
│       train/episode/rew tracking ang vel/mean       │       8.163        │
├─────────────────────────────────────────────────────┼────────────────────┤
│          train/episode/rew lin vel z/mean           │       -0.035       │
├─────────────────────────────────────────────────────┼────────────────────┤
│          train/episode/rew ang vel xy/mean          │       -0.023       │
├─────────────────────────────────────────────────────┼────────────────────┤
│           train/episode/rew torques/mean            │       -2.783       │
├─────────────────────────────────────────────────────┼────────────────────┤
│           train/episode/rew dof vel/mean            │       -0.233       │
├─────────────────────────────────────────────────────┼────────────────────┤
│           train/episode/rew dof acc/mean            │       -1.094       │
├─────────────────────────────────────────────────────┼────────────────────┤
│          train/episode/rew collision/mean           │       -0.165       │
├─────────────────────────────────────────────────────┼────────────────────┤
│         train/episode/rew action rate/mean          │       -1.367       │
├─────────────────────────────────────────────────────┼────────────────────┤
│train/episode/rew tracking contacts shaped force/mean│       -3.701       │
├─────────────────────────────────────────────────────┼────────────────────┤
│ train/episode/rew tracking contacts shaped vel/mean │       -1.953       │
├─────────────────────────────────────────────────────┼────────────────────┤
│             train/episode/rew jump/mean             │       -1.342       │
├─────────────────────────────────────────────────────┼────────────────────┤
│        train/episode/rew dof pos limits/mean        │       -0.355       │
├─────────────────────────────────────────────────────┼────────────────────┤
│          train/episode/rew feet slip/mean           │       -0.211       │
├─────────────────────────────────────────────────────┼────────────────────┤
│  train/episode/rew feet clearance cmd linear/mean   │       -2.526       │
├─────────────────────────────────────────────────────┼────────────────────┤
│     train/episode/rew action smoothness 1/mean      │       -0.614       │
├─────────────────────────────────────────────────────┼────────────────────┤
│     train/episode/rew action smoothness 2/mean      │       -0.835       │
├─────────────────────────────────────────────────────┼────────────────────┤
│      train/episode/rew raibert heuristic/mean       │       -1.643       │
├─────────────────────────────────────────────────────┼────────────────────┤
│     train/episode/rew orientation control/mean      │         0.         │
├─────────────────────────────────────────────────────┼────────────────────┤
│            train/episode/rew total/mean             │       12.217       │
├─────────────────────────────────────────────────────┼────────────────────┤
│       train/episode/min command duration/mean       │        0.5         │
├─────────────────────────────────────────────────────┼────────────────────┤
│       train/episode/max command duration/mean       │        0.5         │
├─────────────────────────────────────────────────────┼────────────────────┤
│        train/episode/min command bound/mean         │         0.         │
├─────────────────────────────────────────────────────┼────────────────────┤
│        train/episode/max command bound/mean         │         0.         │
├─────────────────────────────────────────────────────┼────────────────────┤
│        train/episode/min command offset/mean        │         0.         │
├─────────────────────────────────────────────────────┼────────────────────┤
│        train/episode/max command offset/mean        │         0.         │
├─────────────────────────────────────────────────────┼────────────────────┤
│        train/episode/min command phase/mean         │        0.5         │
├─────────────────────────────────────────────────────┼────────────────────┤
│        train/episode/max command phase/mean         │        0.5         │
├─────────────────────────────────────────────────────┼────────────────────┤
│         train/episode/min command freq/mean         │         2.         │
├─────────────────────────────────────────────────────┼────────────────────┤
│         train/episode/max command freq/mean         │         4.         │
├─────────────────────────────────────────────────────┼────────────────────┤
│        train/episode/min command x vel/mean         │       -1.047       │
├─────────────────────────────────────────────────────┼────────────────────┤
│        train/episode/max command x vel/mean         │       1.047        │
├─────────────────────────────────────────────────────┼────────────────────┤
│        train/episode/min command y vel/mean         │        -0.2        │
├─────────────────────────────────────────────────────┼────────────────────┤
│        train/episode/max command y vel/mean         │        0.2         │
├─────────────────────────────────────────────────────┼────────────────────┤
│       train/episode/min command yaw vel/mean        │       -1.046       │
├─────────────────────────────────────────────────────┼────────────────────┤
│       train/episode/max command yaw vel/mean        │       1.046        │
├─────────────────────────────────────────────────────┼────────────────────┤
│     train/episode/min command swing height/mean     │        0.03        │
├─────────────────────────────────────────────────────┼────────────────────┤
│     train/episode/max command swing height/mean     │        0.35        │
├─────────────────────────────────────────────────────┼────────────────────┤
│        train/episode/command area trot/mean         │       0.274        │
├─────────────────────────────────────────────────────┼────────────────────┤
│            train/episode/min action/mean            │       -8.257       │
├─────────────────────────────────────────────────────┼────────────────────┤
│            train/episode/max action/mean            │       6.084        │
├─────────────────────────────────────────────────────┼────────────────────┤
│                  time elapsed/mean                  │      1725.703      │
├─────────────────────────────────────────────────────┼────────────────────┤
│                   time iter/mean                    │       2.142        │
├─────────────────────────────────────────────────────┼────────────────────┤
│                mean value loss/mean                 │       0.001        │
├─────────────────────────────────────────────────────┼────────────────────┤
│              mean surrogate loss/mean               │       -0.008       │
├─────────────────────────────────────────────────────┼────────────────────┤
│               mean decoder loss/mean                │         0.         │
├─────────────────────────────────────────────────────┼────────────────────┤
│           mean decoder loss student/mean            │         0.         │
├─────────────────────────────────────────────────────┼────────────────────┤
│             mean decoder test loss/mean             │         0.         │
├─────────────────────────────────────────────────────┼────────────────────┤
│         mean decoder test loss student/mean         │         0.         │
├─────────────────────────────────────────────────────┼────────────────────┤
│                      timesteps                      │      79724544      │
├─────────────────────────────────────────────────────┼────────────────────┤
│                     iterations                      │        810         │
╘═════════════════════════════════════════════════════╧════════════════════╛

══════════════════════════════════════════
[33m        job         [0m
────────────────────┬─────────────────────
       status       │ running             
      runTime       │ 2025-07-07 12:03:42.275204
════════════════════╧═════════════════════
╒═════════════════════════════════════════════════════╤════════════════════╕
│       train/episode/rew tracking lin vel/mean       │       18.022       │
├─────────────────────────────────────────────────────┼────────────────────┤
│       train/episode/rew tracking ang vel/mean       │        8.22        │
├─────────────────────────────────────────────────────┼────────────────────┤
│          train/episode/rew lin vel z/mean           │       -0.034       │
├─────────────────────────────────────────────────────┼────────────────────┤
│          train/episode/rew ang vel xy/mean          │       -0.023       │
├─────────────────────────────────────────────────────┼────────────────────┤
│           train/episode/rew torques/mean            │       -2.803       │
├─────────────────────────────────────────────────────┼────────────────────┤
│           train/episode/rew dof vel/mean            │       -0.237       │
├─────────────────────────────────────────────────────┼────────────────────┤
│           train/episode/rew dof acc/mean            │       -1.124       │
├─────────────────────────────────────────────────────┼────────────────────┤
│          train/episode/rew collision/mean           │       -0.188       │
├─────────────────────────────────────────────────────┼────────────────────┤
│         train/episode/rew action rate/mean          │       -1.397       │
├─────────────────────────────────────────────────────┼────────────────────┤
│train/episode/rew tracking contacts shaped force/mean│       -3.685       │
├─────────────────────────────────────────────────────┼────────────────────┤
│ train/episode/rew tracking contacts shaped vel/mean │       -1.994       │
├─────────────────────────────────────────────────────┼────────────────────┤
│             train/episode/rew jump/mean             │       -1.346       │
├─────────────────────────────────────────────────────┼────────────────────┤
│        train/episode/rew dof pos limits/mean        │       -0.411       │
├─────────────────────────────────────────────────────┼────────────────────┤
│          train/episode/rew feet slip/mean           │       -0.217       │
├─────────────────────────────────────────────────────┼────────────────────┤
│  train/episode/rew feet clearance cmd linear/mean   │       -2.641       │
├─────────────────────────────────────────────────────┼────────────────────┤
│     train/episode/rew action smoothness 1/mean      │       -0.63        │
├─────────────────────────────────────────────────────┼────────────────────┤
│     train/episode/rew action smoothness 2/mean      │       -0.852       │
├─────────────────────────────────────────────────────┼────────────────────┤
│      train/episode/rew raibert heuristic/mean       │       -1.599       │
├─────────────────────────────────────────────────────┼────────────────────┤
│     train/episode/rew orientation control/mean      │         0.         │
├─────────────────────────────────────────────────────┼────────────────────┤
│            train/episode/rew total/mean             │       12.19        │
├─────────────────────────────────────────────────────┼────────────────────┤
│       train/episode/min command duration/mean       │        0.5         │
├─────────────────────────────────────────────────────┼────────────────────┤
│       train/episode/max command duration/mean       │        0.5         │
├─────────────────────────────────────────────────────┼────────────────────┤
│        train/episode/min command bound/mean         │         0.         │
├─────────────────────────────────────────────────────┼────────────────────┤
│        train/episode/max command bound/mean         │         0.         │
├─────────────────────────────────────────────────────┼────────────────────┤
│        train/episode/min command offset/mean        │         0.         │
├─────────────────────────────────────────────────────┼────────────────────┤
│        train/episode/max command offset/mean        │         0.         │
├─────────────────────────────────────────────────────┼────────────────────┤
│        train/episode/min command phase/mean         │        0.5         │
├─────────────────────────────────────────────────────┼────────────────────┤
│        train/episode/max command phase/mean         │        0.5         │
├─────────────────────────────────────────────────────┼────────────────────┤
│         train/episode/min command freq/mean         │         2.         │
├─────────────────────────────────────────────────────┼────────────────────┤
│         train/episode/max command freq/mean         │       3.999        │
├─────────────────────────────────────────────────────┼────────────────────┤
│        train/episode/min command x vel/mean         │       -1.046       │
├─────────────────────────────────────────────────────┼────────────────────┤
│        train/episode/max command x vel/mean         │       1.047        │
├─────────────────────────────────────────────────────┼────────────────────┤
│        train/episode/min command y vel/mean         │        -0.2        │
├─────────────────────────────────────────────────────┼────────────────────┤
│        train/episode/max command y vel/mean         │        0.2         │
├─────────────────────────────────────────────────────┼────────────────────┤
│       train/episode/min command yaw vel/mean        │       -1.047       │
├─────────────────────────────────────────────────────┼────────────────────┤
│       train/episode/max command yaw vel/mean        │       1.046        │
├─────────────────────────────────────────────────────┼────────────────────┤
│     train/episode/min command swing height/mean     │        0.03        │
├─────────────────────────────────────────────────────┼────────────────────┤
│     train/episode/max command swing height/mean     │        0.35        │
├─────────────────────────────────────────────────────┼────────────────────┤
│        train/episode/command area trot/mean         │       0.274        │
├─────────────────────────────────────────────────────┼────────────────────┤
│            train/episode/min action/mean            │       -8.483       │
├─────────────────────────────────────────────────────┼────────────────────┤
│            train/episode/max action/mean            │       6.106        │
├─────────────────────────────────────────────────────┼────────────────────┤
│                  time elapsed/mean                  │      1747.065      │
├─────────────────────────────────────────────────────┼────────────────────┤
│                   time iter/mean                    │       2.134        │
├─────────────────────────────────────────────────────┼────────────────────┤
│                mean value loss/mean                 │       0.002        │
├─────────────────────────────────────────────────────┼────────────────────┤
│              mean surrogate loss/mean               │       -0.007       │
├─────────────────────────────────────────────────────┼────────────────────┤
│               mean decoder loss/mean                │         0.         │
├─────────────────────────────────────────────────────┼────────────────────┤
│           mean decoder loss student/mean            │         0.         │
├─────────────────────────────────────────────────────┼────────────────────┤
│             mean decoder test loss/mean             │         0.         │
├─────────────────────────────────────────────────────┼────────────────────┤
│         mean decoder test loss student/mean         │         0.         │
├─────────────────────────────────────────────────────┼────────────────────┤
│                      timesteps                      │      80707584      │
├─────────────────────────────────────────────────────┼────────────────────┤
│                     iterations                      │        820         │
╘═════════════════════════════════════════════════════╧════════════════════╛

══════════════════════════════════════════
[33m        job         [0m
────────────────────┬─────────────────────
       status       │ running             
      runTime       │ 2025-07-07 12:04:03.611800
════════════════════╧═════════════════════
╒═════════════════════════════════════════════════════╤════════════════════╕
│       train/episode/rew tracking lin vel/mean       │       17.815       │
├─────────────────────────────────────────────────────┼────────────────────┤
│       train/episode/rew tracking ang vel/mean       │        8.17        │
├─────────────────────────────────────────────────────┼────────────────────┤
│          train/episode/rew lin vel z/mean           │       -0.034       │
├─────────────────────────────────────────────────────┼────────────────────┤
│          train/episode/rew ang vel xy/mean          │       -0.024       │
├─────────────────────────────────────────────────────┼────────────────────┤
│           train/episode/rew torques/mean            │       -2.792       │
├─────────────────────────────────────────────────────┼────────────────────┤
│           train/episode/rew dof vel/mean            │       -0.251       │
├─────────────────────────────────────────────────────┼────────────────────┤
│           train/episode/rew dof acc/mean            │       -1.177       │
├─────────────────────────────────────────────────────┼────────────────────┤
│          train/episode/rew collision/mean           │       -0.143       │
├─────────────────────────────────────────────────────┼────────────────────┤
│         train/episode/rew action rate/mean          │       -1.419       │
├─────────────────────────────────────────────────────┼────────────────────┤
│train/episode/rew tracking contacts shaped force/mean│       -3.559       │
├─────────────────────────────────────────────────────┼────────────────────┤
│ train/episode/rew tracking contacts shaped vel/mean │       -2.121       │
├─────────────────────────────────────────────────────┼────────────────────┤
│             train/episode/rew jump/mean             │       -1.229       │
├─────────────────────────────────────────────────────┼────────────────────┤
│        train/episode/rew dof pos limits/mean        │       -0.403       │
├─────────────────────────────────────────────────────┼────────────────────┤
│          train/episode/rew feet slip/mean           │       -0.231       │
├─────────────────────────────────────────────────────┼────────────────────┤
│  train/episode/rew feet clearance cmd linear/mean   │       -2.682       │
├─────────────────────────────────────────────────────┼────────────────────┤
│     train/episode/rew action smoothness 1/mean      │       -0.64        │
├─────────────────────────────────────────────────────┼────────────────────┤
│     train/episode/rew action smoothness 2/mean      │       -0.852       │
├─────────────────────────────────────────────────────┼────────────────────┤
│      train/episode/rew raibert heuristic/mean       │       -1.689       │
├─────────────────────────────────────────────────────┼────────────────────┤
│     train/episode/rew orientation control/mean      │         0.         │
├─────────────────────────────────────────────────────┼────────────────────┤
│            train/episode/rew total/mean             │       12.028       │
├─────────────────────────────────────────────────────┼────────────────────┤
│       train/episode/min command duration/mean       │        0.5         │
├─────────────────────────────────────────────────────┼────────────────────┤
│       train/episode/max command duration/mean       │        0.5         │
├─────────────────────────────────────────────────────┼────────────────────┤
│        train/episode/min command bound/mean         │         0.         │
├─────────────────────────────────────────────────────┼────────────────────┤
│        train/episode/max command bound/mean         │         0.         │
├─────────────────────────────────────────────────────┼────────────────────┤
│        train/episode/min command offset/mean        │         0.         │
├─────────────────────────────────────────────────────┼────────────────────┤
│        train/episode/max command offset/mean        │         0.         │
├─────────────────────────────────────────────────────┼────────────────────┤
│        train/episode/min command phase/mean         │        0.5         │
├─────────────────────────────────────────────────────┼────────────────────┤
│        train/episode/max command phase/mean         │        0.5         │
├─────────────────────────────────────────────────────┼────────────────────┤
│         train/episode/min command freq/mean         │         2.         │
├─────────────────────────────────────────────────────┼────────────────────┤
│         train/episode/max command freq/mean         │       3.999        │
├─────────────────────────────────────────────────────┼────────────────────┤
│        train/episode/min command x vel/mean         │       -1.046       │
├─────────────────────────────────────────────────────┼────────────────────┤
│        train/episode/max command x vel/mean         │       1.047        │
├─────────────────────────────────────────────────────┼────────────────────┤
│        train/episode/min command y vel/mean         │        -0.2        │
├─────────────────────────────────────────────────────┼────────────────────┤
│        train/episode/max command y vel/mean         │        0.2         │
├─────────────────────────────────────────────────────┼────────────────────┤
│       train/episode/min command yaw vel/mean        │       -1.047       │
├─────────────────────────────────────────────────────┼────────────────────┤
│       train/episode/max command yaw vel/mean        │       1.047        │
├─────────────────────────────────────────────────────┼────────────────────┤
│     train/episode/min command swing height/mean     │        0.03        │
├─────────────────────────────────────────────────────┼────────────────────┤
│     train/episode/max command swing height/mean     │        0.35        │
├─────────────────────────────────────────────────────┼────────────────────┤
│        train/episode/command area trot/mean         │       0.274        │
├─────────────────────────────────────────────────────┼────────────────────┤
│            train/episode/min action/mean            │       -8.706       │
├─────────────────────────────────────────────────────┼────────────────────┤
│            train/episode/max action/mean            │       6.118        │
├─────────────────────────────────────────────────────┼────────────────────┤
│                  time elapsed/mean                  │      1768.224      │
├─────────────────────────────────────────────────────┼────────────────────┤
│                   time iter/mean                    │       2.095        │
├─────────────────────────────────────────────────────┼────────────────────┤
│                mean value loss/mean                 │       0.001        │
├─────────────────────────────────────────────────────┼────────────────────┤
│              mean surrogate loss/mean               │       -0.007       │
├─────────────────────────────────────────────────────┼────────────────────┤
│               mean decoder loss/mean                │         0.         │
├─────────────────────────────────────────────────────┼────────────────────┤
│           mean decoder loss student/mean            │         0.         │
├─────────────────────────────────────────────────────┼────────────────────┤
│             mean decoder test loss/mean             │         0.         │
├─────────────────────────────────────────────────────┼────────────────────┤
│         mean decoder test loss student/mean         │         0.         │
├─────────────────────────────────────────────────────┼────────────────────┤
│                      timesteps                      │      81690624      │
├─────────────────────────────────────────────────────┼────────────────────┤
│                     iterations                      │        830         │
╘═════════════════════════════════════════════════════╧════════════════════╛

══════════════════════════════════════════
[33m        job         [0m
────────────────────┬─────────────────────
       status       │ running             
      runTime       │ 2025-07-07 12:04:24.561795
════════════════════╧═════════════════════
╒═════════════════════════════════════════════════════╤════════════════════╕
│       train/episode/rew tracking lin vel/mean       │       17.764       │
├─────────────────────────────────────────────────────┼────────────────────┤
│       train/episode/rew tracking ang vel/mean       │       8.091        │
├─────────────────────────────────────────────────────┼────────────────────┤
│          train/episode/rew lin vel z/mean           │       -0.034       │
├─────────────────────────────────────────────────────┼────────────────────┤
│          train/episode/rew ang vel xy/mean          │       -0.023       │
├─────────────────────────────────────────────────────┼────────────────────┤
│           train/episode/rew torques/mean            │       -2.769       │
├─────────────────────────────────────────────────────┼────────────────────┤
│           train/episode/rew dof vel/mean            │       -0.237       │
├─────────────────────────────────────────────────────┼────────────────────┤
│           train/episode/rew dof acc/mean            │       -1.106       │
├─────────────────────────────────────────────────────┼────────────────────┤
│          train/episode/rew collision/mean           │       -0.186       │
├─────────────────────────────────────────────────────┼────────────────────┤
│         train/episode/rew action rate/mean          │       -1.372       │
├─────────────────────────────────────────────────────┼────────────────────┤
│train/episode/rew tracking contacts shaped force/mean│       -3.589       │
├─────────────────────────────────────────────────────┼────────────────────┤
│ train/episode/rew tracking contacts shaped vel/mean │        -2.         │
├─────────────────────────────────────────────────────┼────────────────────┤
│             train/episode/rew jump/mean             │       -1.282       │
├─────────────────────────────────────────────────────┼────────────────────┤
│        train/episode/rew dof pos limits/mean        │       -0.454       │
├─────────────────────────────────────────────────────┼────────────────────┤
│          train/episode/rew feet slip/mean           │       -0.22        │
├─────────────────────────────────────────────────────┼────────────────────┤
│  train/episode/rew feet clearance cmd linear/mean   │       -2.692       │
├─────────────────────────────────────────────────────┼────────────────────┤
│     train/episode/rew action smoothness 1/mean      │       -0.615       │
├─────────────────────────────────────────────────────┼────────────────────┤
│     train/episode/rew action smoothness 2/mean      │       -0.834       │
├─────────────────────────────────────────────────────┼────────────────────┤
│      train/episode/rew raibert heuristic/mean       │       -1.72        │
├─────────────────────────────────────────────────────┼────────────────────┤
│     train/episode/rew orientation control/mean      │         0.         │
├─────────────────────────────────────────────────────┼────────────────────┤
│            train/episode/rew total/mean             │       11.948       │
├─────────────────────────────────────────────────────┼────────────────────┤
│       train/episode/min command duration/mean       │        0.5         │
├─────────────────────────────────────────────────────┼────────────────────┤
│       train/episode/max command duration/mean       │        0.5         │
├─────────────────────────────────────────────────────┼────────────────────┤
│        train/episode/min command bound/mean         │         0.         │
├─────────────────────────────────────────────────────┼────────────────────┤
│        train/episode/max command bound/mean         │         0.         │
├─────────────────────────────────────────────────────┼────────────────────┤
│        train/episode/min command offset/mean        │         0.         │
├─────────────────────────────────────────────────────┼────────────────────┤
│        train/episode/max command offset/mean        │         0.         │
├─────────────────────────────────────────────────────┼────────────────────┤
│        train/episode/min command phase/mean         │        0.5         │
├─────────────────────────────────────────────────────┼────────────────────┤
│        train/episode/max command phase/mean         │        0.5         │
├─────────────────────────────────────────────────────┼────────────────────┤
│         train/episode/min command freq/mean         │         2.         │
├─────────────────────────────────────────────────────┼────────────────────┤
│         train/episode/max command freq/mean         │       3.999        │
├─────────────────────────────────────────────────────┼────────────────────┤
│        train/episode/min command x vel/mean         │       -1.046       │
├─────────────────────────────────────────────────────┼────────────────────┤
│        train/episode/max command x vel/mean         │       1.047        │
├─────────────────────────────────────────────────────┼────────────────────┤
│        train/episode/min command y vel/mean         │        -0.2        │
├─────────────────────────────────────────────────────┼────────────────────┤
│        train/episode/max command y vel/mean         │        0.2         │
├─────────────────────────────────────────────────────┼────────────────────┤
│       train/episode/min command yaw vel/mean        │       -1.047       │
├─────────────────────────────────────────────────────┼────────────────────┤
│       train/episode/max command yaw vel/mean        │       1.047        │
├─────────────────────────────────────────────────────┼────────────────────┤
│     train/episode/min command swing height/mean     │        0.03        │
├─────────────────────────────────────────────────────┼────────────────────┤
│     train/episode/max command swing height/mean     │        0.35        │
├─────────────────────────────────────────────────────┼────────────────────┤
│        train/episode/command area trot/mean         │       0.274        │
├─────────────────────────────────────────────────────┼────────────────────┤
│            train/episode/min action/mean            │       -8.753       │
├─────────────────────────────────────────────────────┼────────────────────┤
│            train/episode/max action/mean            │       6.154        │
├─────────────────────────────────────────────────────┼────────────────────┤
│                  time elapsed/mean                  │      1789.909      │
├─────────────────────────────────────────────────────┼────────────────────┤
│                   time iter/mean                    │       2.276        │
├─────────────────────────────────────────────────────┼────────────────────┤
│                mean value loss/mean                 │       0.005        │
├─────────────────────────────────────────────────────┼────────────────────┤
│              mean surrogate loss/mean               │       -0.008       │
├─────────────────────────────────────────────────────┼────────────────────┤
│               mean decoder loss/mean                │         0.         │
├─────────────────────────────────────────────────────┼────────────────────┤
│           mean decoder loss student/mean            │         0.         │
├─────────────────────────────────────────────────────┼────────────────────┤
│             mean decoder test loss/mean             │         0.         │
├─────────────────────────────────────────────────────┼────────────────────┤
│         mean decoder test loss student/mean         │         0.         │
├─────────────────────────────────────────────────────┼────────────────────┤
│                      timesteps                      │      82673664      │
├─────────────────────────────────────────────────────┼────────────────────┤
│                     iterations                      │        840         │
╘═════════════════════════════════════════════════════╧════════════════════╛

══════════════════════════════════════════
[33m        job         [0m
────────────────────┬─────────────────────
       status       │ running             
      runTime       │ 2025-07-07 12:04:47.321582
════════════════════╧═════════════════════
╒═════════════════════════════════════════════════════╤════════════════════╕
│       train/episode/rew tracking lin vel/mean       │       17.873       │
├─────────────────────────────────────────────────────┼────────────────────┤
│       train/episode/rew tracking ang vel/mean       │       8.163        │
├─────────────────────────────────────────────────────┼────────────────────┤
│          train/episode/rew lin vel z/mean           │       -0.033       │
├─────────────────────────────────────────────────────┼────────────────────┤
│          train/episode/rew ang vel xy/mean          │       -0.023       │
├─────────────────────────────────────────────────────┼────────────────────┤
│           train/episode/rew torques/mean            │       -2.76        │
├─────────────────────────────────────────────────────┼────────────────────┤
│           train/episode/rew dof vel/mean            │       -0.241       │
├─────────────────────────────────────────────────────┼────────────────────┤
│           train/episode/rew dof acc/mean            │       -1.13        │
├─────────────────────────────────────────────────────┼────────────────────┤
│          train/episode/rew collision/mean           │       -0.143       │
├─────────────────────────────────────────────────────┼────────────────────┤
│         train/episode/rew action rate/mean          │       -1.382       │
├─────────────────────────────────────────────────────┼────────────────────┤
│train/episode/rew tracking contacts shaped force/mean│       -3.486       │
├─────────────────────────────────────────────────────┼────────────────────┤
│ train/episode/rew tracking contacts shaped vel/mean │       -2.038       │
├─────────────────────────────────────────────────────┼────────────────────┤
│             train/episode/rew jump/mean             │       -1.273       │
├─────────────────────────────────────────────────────┼────────────────────┤
│        train/episode/rew dof pos limits/mean        │       -0.424       │
├─────────────────────────────────────────────────────┼────────────────────┤
│          train/episode/rew feet slip/mean           │       -0.212       │
├─────────────────────────────────────────────────────┼────────────────────┤
│  train/episode/rew feet clearance cmd linear/mean   │       -2.665       │
├─────────────────────────────────────────────────────┼────────────────────┤
│     train/episode/rew action smoothness 1/mean      │       -0.62        │
├─────────────────────────────────────────────────────┼────────────────────┤
│     train/episode/rew action smoothness 2/mean      │       -0.839       │
├─────────────────────────────────────────────────────┼────────────────────┤
│      train/episode/rew raibert heuristic/mean       │       -1.687       │
├─────────────────────────────────────────────────────┼────────────────────┤
│     train/episode/rew orientation control/mean      │         0.         │
├─────────────────────────────────────────────────────┼────────────────────┤
│            train/episode/rew total/mean             │       12.101       │
├─────────────────────────────────────────────────────┼────────────────────┤
│       train/episode/min command duration/mean       │        0.5         │
├─────────────────────────────────────────────────────┼────────────────────┤
│       train/episode/max command duration/mean       │        0.5         │
├─────────────────────────────────────────────────────┼────────────────────┤
│        train/episode/min command bound/mean         │         0.         │
├─────────────────────────────────────────────────────┼────────────────────┤
│        train/episode/max command bound/mean         │         0.         │
├─────────────────────────────────────────────────────┼────────────────────┤
│        train/episode/min command offset/mean        │         0.         │
├─────────────────────────────────────────────────────┼────────────────────┤
│        train/episode/max command offset/mean        │         0.         │
├─────────────────────────────────────────────────────┼────────────────────┤
│        train/episode/min command phase/mean         │        0.5         │
├─────────────────────────────────────────────────────┼────────────────────┤
│        train/episode/max command phase/mean         │        0.5         │
├─────────────────────────────────────────────────────┼────────────────────┤
│         train/episode/min command freq/mean         │         2.         │
├─────────────────────────────────────────────────────┼────────────────────┤
│         train/episode/max command freq/mean         │       3.999        │
├─────────────────────────────────────────────────────┼────────────────────┤
│        train/episode/min command x vel/mean         │       -1.047       │
├─────────────────────────────────────────────────────┼────────────────────┤
│        train/episode/max command x vel/mean         │       1.047        │
├─────────────────────────────────────────────────────┼────────────────────┤
│        train/episode/min command y vel/mean         │        -0.2        │
├─────────────────────────────────────────────────────┼────────────────────┤
│        train/episode/max command y vel/mean         │        0.2         │
├─────────────────────────────────────────────────────┼────────────────────┤
│       train/episode/min command yaw vel/mean        │       -1.047       │
├─────────────────────────────────────────────────────┼────────────────────┤
│       train/episode/max command yaw vel/mean        │       1.047        │
├─────────────────────────────────────────────────────┼────────────────────┤
│     train/episode/min command swing height/mean     │        0.03        │
├─────────────────────────────────────────────────────┼────────────────────┤
│     train/episode/max command swing height/mean     │        0.35        │
├─────────────────────────────────────────────────────┼────────────────────┤
│        train/episode/command area trot/mean         │       0.274        │
├─────────────────────────────────────────────────────┼────────────────────┤
│            train/episode/min action/mean            │       -8.427       │
├─────────────────────────────────────────────────────┼────────────────────┤
│            train/episode/max action/mean            │       6.104        │
├─────────────────────────────────────────────────────┼────────────────────┤
│                  time elapsed/mean                  │      1812.166      │
├─────────────────────────────────────────────────────┼────────────────────┤
│                   time iter/mean                    │       2.141        │
├─────────────────────────────────────────────────────┼────────────────────┤
│                mean value loss/mean                 │       0.001        │
├─────────────────────────────────────────────────────┼────────────────────┤
│              mean surrogate loss/mean               │       -0.008       │
├─────────────────────────────────────────────────────┼────────────────────┤
│               mean decoder loss/mean                │         0.         │
├─────────────────────────────────────────────────────┼────────────────────┤
│           mean decoder loss student/mean            │         0.         │
├─────────────────────────────────────────────────────┼────────────────────┤
│             mean decoder test loss/mean             │         0.         │
├─────────────────────────────────────────────────────┼────────────────────┤
│         mean decoder test loss student/mean         │         0.         │
├─────────────────────────────────────────────────────┼────────────────────┤
│                      timesteps                      │      83656704      │
├─────────────────────────────────────────────────────┼────────────────────┤
│                     iterations                      │        850         │
╘═════════════════════════════════════════════════════╧════════════════════╛

══════════════════════════════════════════
[33m        job         [0m
────────────────────┬─────────────────────
       status       │ running             
      runTime       │ 2025-07-07 12:05:08.737000
════════════════════╧═════════════════════
╒═════════════════════════════════════════════════════╤════════════════════╕
│       train/episode/rew tracking lin vel/mean       │       17.632       │
├─────────────────────────────────────────────────────┼────────────────────┤
│       train/episode/rew tracking ang vel/mean       │       8.072        │
├─────────────────────────────────────────────────────┼────────────────────┤
│          train/episode/rew lin vel z/mean           │       -0.033       │
├─────────────────────────────────────────────────────┼────────────────────┤
│          train/episode/rew ang vel xy/mean          │       -0.023       │
├─────────────────────────────────────────────────────┼────────────────────┤
│           train/episode/rew torques/mean            │       -2.771       │
├─────────────────────────────────────────────────────┼────────────────────┤
│           train/episode/rew dof vel/mean            │       -0.233       │
├─────────────────────────────────────────────────────┼────────────────────┤
│           train/episode/rew dof acc/mean            │       -1.099       │
├─────────────────────────────────────────────────────┼────────────────────┤
│          train/episode/rew collision/mean           │       -0.183       │
├─────────────────────────────────────────────────────┼────────────────────┤
│         train/episode/rew action rate/mean          │       -1.38        │
├─────────────────────────────────────────────────────┼────────────────────┤
│train/episode/rew tracking contacts shaped force/mean│       -3.603       │
├─────────────────────────────────────────────────────┼────────────────────┤
│ train/episode/rew tracking contacts shaped vel/mean │       -1.957       │
├─────────────────────────────────────────────────────┼────────────────────┤
│             train/episode/rew jump/mean             │       -1.244       │
├─────────────────────────────────────────────────────┼────────────────────┤
│        train/episode/rew dof pos limits/mean        │       -0.372       │
├─────────────────────────────────────────────────────┼────────────────────┤
│          train/episode/rew feet slip/mean           │       -0.222       │
├─────────────────────────────────────────────────────┼────────────────────┤
│  train/episode/rew feet clearance cmd linear/mean   │       -2.762       │
├─────────────────────────────────────────────────────┼────────────────────┤
│     train/episode/rew action smoothness 1/mean      │       -0.616       │
├─────────────────────────────────────────────────────┼────────────────────┤
│     train/episode/rew action smoothness 2/mean      │       -0.838       │
├─────────────────────────────────────────────────────┼────────────────────┤
│      train/episode/rew raibert heuristic/mean       │       -1.76        │
├─────────────────────────────────────────────────────┼────────────────────┤
│     train/episode/rew orientation control/mean      │         0.         │
├─────────────────────────────────────────────────────┼────────────────────┤
│            train/episode/rew total/mean             │       11.867       │
├─────────────────────────────────────────────────────┼────────────────────┤
│       train/episode/min command duration/mean       │        0.5         │
├─────────────────────────────────────────────────────┼────────────────────┤
│       train/episode/max command duration/mean       │        0.5         │
├─────────────────────────────────────────────────────┼────────────────────┤
│        train/episode/min command bound/mean         │         0.         │
├─────────────────────────────────────────────────────┼────────────────────┤
│        train/episode/max command bound/mean         │         0.         │
├─────────────────────────────────────────────────────┼────────────────────┤
│        train/episode/min command offset/mean        │         0.         │
├─────────────────────────────────────────────────────┼────────────────────┤
│        train/episode/max command offset/mean        │         0.         │
├─────────────────────────────────────────────────────┼────────────────────┤
│        train/episode/min command phase/mean         │        0.5         │
├─────────────────────────────────────────────────────┼────────────────────┤
│        train/episode/max command phase/mean         │        0.5         │
├─────────────────────────────────────────────────────┼────────────────────┤
│         train/episode/min command freq/mean         │         2.         │
├─────────────────────────────────────────────────────┼────────────────────┤
│         train/episode/max command freq/mean         │         4.         │
├─────────────────────────────────────────────────────┼────────────────────┤
│        train/episode/min command x vel/mean         │       -1.047       │
├─────────────────────────────────────────────────────┼────────────────────┤
│        train/episode/max command x vel/mean         │       1.047        │
├─────────────────────────────────────────────────────┼────────────────────┤
│        train/episode/min command y vel/mean         │        -0.2        │
├─────────────────────────────────────────────────────┼────────────────────┤
│        train/episode/max command y vel/mean         │        0.2         │
├─────────────────────────────────────────────────────┼────────────────────┤
│       train/episode/min command yaw vel/mean        │       -1.047       │
├─────────────────────────────────────────────────────┼────────────────────┤
│       train/episode/max command yaw vel/mean        │       1.047        │
├─────────────────────────────────────────────────────┼────────────────────┤
│     train/episode/min command swing height/mean     │        0.03        │
├─────────────────────────────────────────────────────┼────────────────────┤
│     train/episode/max command swing height/mean     │        0.35        │
├─────────────────────────────────────────────────────┼────────────────────┤
│        train/episode/command area trot/mean         │       0.274        │
├─────────────────────────────────────────────────────┼────────────────────┤
│            train/episode/min action/mean            │       -8.362       │
├─────────────────────────────────────────────────────┼────────────────────┤
│            train/episode/max action/mean            │       6.106        │
├─────────────────────────────────────────────────────┼────────────────────┤
│                  time elapsed/mean                  │      1833.541      │
├─────────────────────────────────────────────────────┼────────────────────┤
│                   time iter/mean                    │       2.139        │
├─────────────────────────────────────────────────────┼────────────────────┤
│                mean value loss/mean                 │       0.003        │
├─────────────────────────────────────────────────────┼────────────────────┤
│              mean surrogate loss/mean               │       -0.007       │
├─────────────────────────────────────────────────────┼────────────────────┤
│               mean decoder loss/mean                │         0.         │
├─────────────────────────────────────────────────────┼────────────────────┤
│           mean decoder loss student/mean            │         0.         │
├─────────────────────────────────────────────────────┼────────────────────┤
│             mean decoder test loss/mean             │         0.         │
├─────────────────────────────────────────────────────┼────────────────────┤
│         mean decoder test loss student/mean         │         0.         │
├─────────────────────────────────────────────────────┼────────────────────┤
│                      timesteps                      │      84639744      │
├─────────────────────────────────────────────────────┼────────────────────┤
│                     iterations                      │        860         │
╘═════════════════════════════════════════════════════╧════════════════════╛

══════════════════════════════════════════
[33m        job         [0m
────────────────────┬─────────────────────
       status       │ running             
      runTime       │ 2025-07-07 12:05:30.126872
════════════════════╧═════════════════════
╒═════════════════════════════════════════════════════╤════════════════════╕
│       train/episode/rew tracking lin vel/mean       │       17.588       │
├─────────────────────────────────────────────────────┼────────────────────┤
│       train/episode/rew tracking ang vel/mean       │       8.051        │
├─────────────────────────────────────────────────────┼────────────────────┤
│          train/episode/rew lin vel z/mean           │       -0.034       │
├─────────────────────────────────────────────────────┼────────────────────┤
│          train/episode/rew ang vel xy/mean          │       -0.022       │
├─────────────────────────────────────────────────────┼────────────────────┤
│           train/episode/rew torques/mean            │       -2.73        │
├─────────────────────────────────────────────────────┼────────────────────┤
│           train/episode/rew dof vel/mean            │       -0.24        │
├─────────────────────────────────────────────────────┼────────────────────┤
│           train/episode/rew dof acc/mean            │       -1.134       │
├─────────────────────────────────────────────────────┼────────────────────┤
│          train/episode/rew collision/mean           │       -0.171       │
├─────────────────────────────────────────────────────┼────────────────────┤
│         train/episode/rew action rate/mean          │       -1.399       │
├─────────────────────────────────────────────────────┼────────────────────┤
│train/episode/rew tracking contacts shaped force/mean│       -3.49        │
├─────────────────────────────────────────────────────┼────────────────────┤
│ train/episode/rew tracking contacts shaped vel/mean │       -2.019       │
├─────────────────────────────────────────────────────┼────────────────────┤
│             train/episode/rew jump/mean             │       -1.25        │
├─────────────────────────────────────────────────────┼────────────────────┤
│        train/episode/rew dof pos limits/mean        │       -0.325       │
├─────────────────────────────────────────────────────┼────────────────────┤
│          train/episode/rew feet slip/mean           │       -0.211       │
├─────────────────────────────────────────────────────┼────────────────────┤
│  train/episode/rew feet clearance cmd linear/mean   │       -2.563       │
├─────────────────────────────────────────────────────┼────────────────────┤
│     train/episode/rew action smoothness 1/mean      │       -0.627       │
├─────────────────────────────────────────────────────┼────────────────────┤
│     train/episode/rew action smoothness 2/mean      │       -0.845       │
├─────────────────────────────────────────────────────┼────────────────────┤
│      train/episode/rew raibert heuristic/mean       │       -1.637       │
├─────────────────────────────────────────────────────┼────────────────────┤
│     train/episode/rew orientation control/mean      │         0.         │
├─────────────────────────────────────────────────────┼────────────────────┤
│            train/episode/rew total/mean             │       11.961       │
├─────────────────────────────────────────────────────┼────────────────────┤
│       train/episode/min command duration/mean       │        0.5         │
├─────────────────────────────────────────────────────┼────────────────────┤
│       train/episode/max command duration/mean       │        0.5         │
├─────────────────────────────────────────────────────┼────────────────────┤
│        train/episode/min command bound/mean         │         0.         │
├─────────────────────────────────────────────────────┼────────────────────┤
│        train/episode/max command bound/mean         │         0.         │
├─────────────────────────────────────────────────────┼────────────────────┤
│        train/episode/min command offset/mean        │         0.         │
├─────────────────────────────────────────────────────┼────────────────────┤
│        train/episode/max command offset/mean        │         0.         │
├─────────────────────────────────────────────────────┼────────────────────┤
│        train/episode/min command phase/mean         │        0.5         │
├─────────────────────────────────────────────────────┼────────────────────┤
│        train/episode/max command phase/mean         │        0.5         │
├─────────────────────────────────────────────────────┼────────────────────┤
│         train/episode/min command freq/mean         │         2.         │
├─────────────────────────────────────────────────────┼────────────────────┤
│         train/episode/max command freq/mean         │       3.999        │
├─────────────────────────────────────────────────────┼────────────────────┤
│        train/episode/min command x vel/mean         │       -1.047       │
├─────────────────────────────────────────────────────┼────────────────────┤
│        train/episode/max command x vel/mean         │       1.048        │
├─────────────────────────────────────────────────────┼────────────────────┤
│        train/episode/min command y vel/mean         │        -0.2        │
├─────────────────────────────────────────────────────┼────────────────────┤
│        train/episode/max command y vel/mean         │        0.2         │
├─────────────────────────────────────────────────────┼────────────────────┤
│       train/episode/min command yaw vel/mean        │       -1.048       │
├─────────────────────────────────────────────────────┼────────────────────┤
│       train/episode/max command yaw vel/mean        │       1.048        │
├─────────────────────────────────────────────────────┼────────────────────┤
│     train/episode/min command swing height/mean     │        0.03        │
├─────────────────────────────────────────────────────┼────────────────────┤
│     train/episode/max command swing height/mean     │        0.35        │
├─────────────────────────────────────────────────────┼────────────────────┤
│        train/episode/command area trot/mean         │       0.274        │
├─────────────────────────────────────────────────────┼────────────────────┤
│            train/episode/min action/mean            │       -8.553       │
├─────────────────────────────────────────────────────┼────────────────────┤
│            train/episode/max action/mean            │       6.097        │
├─────────────────────────────────────────────────────┼────────────────────┤
│                  time elapsed/mean                  │      1854.762      │
├─────────────────────────────────────────────────────┼────────────────────┤
│                   time iter/mean                    │       2.102        │
├─────────────────────────────────────────────────────┼────────────────────┤
│                mean value loss/mean                 │       0.001        │
├─────────────────────────────────────────────────────┼────────────────────┤
│              mean surrogate loss/mean               │       -0.008       │
├─────────────────────────────────────────────────────┼────────────────────┤
│               mean decoder loss/mean                │         0.         │
├─────────────────────────────────────────────────────┼────────────────────┤
│           mean decoder loss student/mean            │         0.         │
├─────────────────────────────────────────────────────┼────────────────────┤
│             mean decoder test loss/mean             │         0.         │
├─────────────────────────────────────────────────────┼────────────────────┤
│         mean decoder test loss student/mean         │         0.         │
├─────────────────────────────────────────────────────┼────────────────────┤
│                      timesteps                      │      85622784      │
├─────────────────────────────────────────────────────┼────────────────────┤
│                     iterations                      │        870         │
╘═════════════════════════════════════════════════════╧════════════════════╛

══════════════════════════════════════════
[33m        job         [0m
────────────────────┬─────────────────────
       status       │ running             
      runTime       │ 2025-07-07 12:05:51.142490
════════════════════╧═════════════════════
╒═════════════════════════════════════════════════════╤════════════════════╕
│       train/episode/rew tracking lin vel/mean       │       17.268       │
├─────────────────────────────────────────────────────┼────────────────────┤
│       train/episode/rew tracking ang vel/mean       │       7.925        │
├─────────────────────────────────────────────────────┼────────────────────┤
│          train/episode/rew lin vel z/mean           │       -0.034       │
├─────────────────────────────────────────────────────┼────────────────────┤
│          train/episode/rew ang vel xy/mean          │       -0.022       │
├─────────────────────────────────────────────────────┼────────────────────┤
│           train/episode/rew torques/mean            │       -2.731       │
├─────────────────────────────────────────────────────┼────────────────────┤
│           train/episode/rew dof vel/mean            │       -0.239       │
├─────────────────────────────────────────────────────┼────────────────────┤
│           train/episode/rew dof acc/mean            │       -1.121       │
├─────────────────────────────────────────────────────┼────────────────────┤
│          train/episode/rew collision/mean           │       -0.174       │
├─────────────────────────────────────────────────────┼────────────────────┤
│         train/episode/rew action rate/mean          │       -1.382       │
├─────────────────────────────────────────────────────┼────────────────────┤
│train/episode/rew tracking contacts shaped force/mean│       -3.451       │
├─────────────────────────────────────────────────────┼────────────────────┤
│ train/episode/rew tracking contacts shaped vel/mean │       -1.996       │
├─────────────────────────────────────────────────────┼────────────────────┤
│             train/episode/rew jump/mean             │       -1.369       │
├─────────────────────────────────────────────────────┼────────────────────┤
│        train/episode/rew dof pos limits/mean        │       -0.363       │
├─────────────────────────────────────────────────────┼────────────────────┤
│          train/episode/rew feet slip/mean           │       -0.209       │
├─────────────────────────────────────────────────────┼────────────────────┤
│  train/episode/rew feet clearance cmd linear/mean   │       -2.463       │
├─────────────────────────────────────────────────────┼────────────────────┤
│     train/episode/rew action smoothness 1/mean      │       -0.619       │
├─────────────────────────────────────────────────────┼────────────────────┤
│     train/episode/rew action smoothness 2/mean      │       -0.833       │
├─────────────────────────────────────────────────────┼────────────────────┤
│      train/episode/rew raibert heuristic/mean       │       -1.691       │
├─────────────────────────────────────────────────────┼────────────────────┤
│     train/episode/rew orientation control/mean      │         0.         │
├─────────────────────────────────────────────────────┼────────────────────┤
│            train/episode/rew total/mean             │       11.653       │
├─────────────────────────────────────────────────────┼────────────────────┤
│       train/episode/min command duration/mean       │        0.5         │
├─────────────────────────────────────────────────────┼────────────────────┤
│       train/episode/max command duration/mean       │        0.5         │
├─────────────────────────────────────────────────────┼────────────────────┤
│        train/episode/min command bound/mean         │         0.         │
├─────────────────────────────────────────────────────┼────────────────────┤
│        train/episode/max command bound/mean         │         0.         │
├─────────────────────────────────────────────────────┼────────────────────┤
│        train/episode/min command offset/mean        │         0.         │
├─────────────────────────────────────────────────────┼────────────────────┤
│        train/episode/max command offset/mean        │         0.         │
├─────────────────────────────────────────────────────┼────────────────────┤
│        train/episode/min command phase/mean         │        0.5         │
├─────────────────────────────────────────────────────┼────────────────────┤
│        train/episode/max command phase/mean         │        0.5         │
├─────────────────────────────────────────────────────┼────────────────────┤
│         train/episode/min command freq/mean         │         2.         │
├─────────────────────────────────────────────────────┼────────────────────┤
│         train/episode/max command freq/mean         │       3.999        │
├─────────────────────────────────────────────────────┼────────────────────┤
│        train/episode/min command x vel/mean         │       -1.047       │
├─────────────────────────────────────────────────────┼────────────────────┤
│        train/episode/max command x vel/mean         │       1.048        │
├─────────────────────────────────────────────────────┼────────────────────┤
│        train/episode/min command y vel/mean         │        -0.2        │
├─────────────────────────────────────────────────────┼────────────────────┤
│        train/episode/max command y vel/mean         │        0.2         │
├─────────────────────────────────────────────────────┼────────────────────┤
│       train/episode/min command yaw vel/mean        │       -1.048       │
├─────────────────────────────────────────────────────┼────────────────────┤
│       train/episode/max command yaw vel/mean        │       1.048        │
├─────────────────────────────────────────────────────┼────────────────────┤
│     train/episode/min command swing height/mean     │        0.03        │
├─────────────────────────────────────────────────────┼────────────────────┤
│     train/episode/max command swing height/mean     │        0.35        │
├─────────────────────────────────────────────────────┼────────────────────┤
│        train/episode/command area trot/mean         │       0.274        │
├─────────────────────────────────────────────────────┼────────────────────┤
│            train/episode/min action/mean            │       -8.586       │
├─────────────────────────────────────────────────────┼────────────────────┤
│            train/episode/max action/mean            │       6.169        │
├─────────────────────────────────────────────────────┼────────────────────┤
│                  time elapsed/mean                  │      1876.17       │
├─────────────────────────────────────────────────────┼────────────────────┤
│                   time iter/mean                    │       2.252        │
├─────────────────────────────────────────────────────┼────────────────────┤
│                mean value loss/mean                 │       0.004        │
├─────────────────────────────────────────────────────┼────────────────────┤
│              mean surrogate loss/mean               │       -0.008       │
├─────────────────────────────────────────────────────┼────────────────────┤
│               mean decoder loss/mean                │         0.         │
├─────────────────────────────────────────────────────┼────────────────────┤
│           mean decoder loss student/mean            │         0.         │
├─────────────────────────────────────────────────────┼────────────────────┤
│             mean decoder test loss/mean             │         0.         │
├─────────────────────────────────────────────────────┼────────────────────┤
│         mean decoder test loss student/mean         │         0.         │
├─────────────────────────────────────────────────────┼────────────────────┤
│                      timesteps                      │      86605824      │
├─────────────────────────────────────────────────────┼────────────────────┤
│                     iterations                      │        880         │
╘═════════════════════════════════════════════════════╧════════════════════╛

══════════════════════════════════════════
[33m        job         [0m
────────────────────┬─────────────────────
       status       │ running             
      runTime       │ 2025-07-07 12:06:13.662085
════════════════════╧═════════════════════
╒═════════════════════════════════════════════════════╤════════════════════╕
│       train/episode/rew tracking lin vel/mean       │       17.645       │
├─────────────────────────────────────────────────────┼────────────────────┤
│       train/episode/rew tracking ang vel/mean       │       8.065        │
├─────────────────────────────────────────────────────┼────────────────────┤
│          train/episode/rew lin vel z/mean           │       -0.035       │
├─────────────────────────────────────────────────────┼────────────────────┤
│          train/episode/rew ang vel xy/mean          │       -0.022       │
├─────────────────────────────────────────────────────┼────────────────────┤
│           train/episode/rew torques/mean            │       -2.771       │
├─────────────────────────────────────────────────────┼────────────────────┤
│           train/episode/rew dof vel/mean            │       -0.238       │
├─────────────────────────────────────────────────────┼────────────────────┤
│           train/episode/rew dof acc/mean            │       -1.114       │
├─────────────────────────────────────────────────────┼────────────────────┤
│          train/episode/rew collision/mean           │       -0.167       │
├─────────────────────────────────────────────────────┼────────────────────┤
│         train/episode/rew action rate/mean          │       -1.384       │
├─────────────────────────────────────────────────────┼────────────────────┤
│train/episode/rew tracking contacts shaped force/mean│       -3.494       │
├─────────────────────────────────────────────────────┼────────────────────┤
│ train/episode/rew tracking contacts shaped vel/mean │       -2.019       │
├─────────────────────────────────────────────────────┼────────────────────┤
│             train/episode/rew jump/mean             │       -1.305       │
├─────────────────────────────────────────────────────┼────────────────────┤
│        train/episode/rew dof pos limits/mean        │       -0.383       │
├─────────────────────────────────────────────────────┼────────────────────┤
│          train/episode/rew feet slip/mean           │       -0.214       │
├─────────────────────────────────────────────────────┼────────────────────┤
│  train/episode/rew feet clearance cmd linear/mean   │       -2.595       │
├─────────────────────────────────────────────────────┼────────────────────┤
│     train/episode/rew action smoothness 1/mean      │       -0.618       │
├─────────────────────────────────────────────────────┼────────────────────┤
│     train/episode/rew action smoothness 2/mean      │       -0.838       │
├─────────────────────────────────────────────────────┼────────────────────┤
│      train/episode/rew raibert heuristic/mean       │       -1.694       │
├─────────────────────────────────────────────────────┼────────────────────┤
│     train/episode/rew orientation control/mean      │         0.         │
├─────────────────────────────────────────────────────┼────────────────────┤
│            train/episode/rew total/mean             │       11.99        │
├─────────────────────────────────────────────────────┼────────────────────┤
│       train/episode/min command duration/mean       │        0.5         │
├─────────────────────────────────────────────────────┼────────────────────┤
│       train/episode/max command duration/mean       │        0.5         │
├─────────────────────────────────────────────────────┼────────────────────┤
│        train/episode/min command bound/mean         │         0.         │
├─────────────────────────────────────────────────────┼────────────────────┤
│        train/episode/max command bound/mean         │         0.         │
├─────────────────────────────────────────────────────┼────────────────────┤
│        train/episode/min command offset/mean        │         0.         │
├─────────────────────────────────────────────────────┼────────────────────┤
│        train/episode/max command offset/mean        │         0.         │
├─────────────────────────────────────────────────────┼────────────────────┤
│        train/episode/min command phase/mean         │        0.5         │
├─────────────────────────────────────────────────────┼────────────────────┤
│        train/episode/max command phase/mean         │        0.5         │
├─────────────────────────────────────────────────────┼────────────────────┤
│         train/episode/min command freq/mean         │         2.         │
├─────────────────────────────────────────────────────┼────────────────────┤
│         train/episode/max command freq/mean         │       3.999        │
├─────────────────────────────────────────────────────┼────────────────────┤
│        train/episode/min command x vel/mean         │       -1.046       │
├─────────────────────────────────────────────────────┼────────────────────┤
│        train/episode/max command x vel/mean         │       1.048        │
├─────────────────────────────────────────────────────┼────────────────────┤
│        train/episode/min command y vel/mean         │        -0.2        │
├─────────────────────────────────────────────────────┼────────────────────┤
│        train/episode/max command y vel/mean         │        0.2         │
├─────────────────────────────────────────────────────┼────────────────────┤
│       train/episode/min command yaw vel/mean        │       -1.046       │
├─────────────────────────────────────────────────────┼────────────────────┤
│       train/episode/max command yaw vel/mean        │       1.047        │
├─────────────────────────────────────────────────────┼────────────────────┤
│     train/episode/min command swing height/mean     │        0.03        │
├─────────────────────────────────────────────────────┼────────────────────┤
│     train/episode/max command swing height/mean     │        0.35        │
├─────────────────────────────────────────────────────┼────────────────────┤
│        train/episode/command area trot/mean         │       0.274        │
├─────────────────────────────────────────────────────┼────────────────────┤
│            train/episode/min action/mean            │       -8.748       │
├─────────────────────────────────────────────────────┼────────────────────┤
│            train/episode/max action/mean            │       6.153        │
├─────────────────────────────────────────────────────┼────────────────────┤
│                  time elapsed/mean                  │      1898.662      │
├─────────────────────────────────────────────────────┼────────────────────┤
│                   time iter/mean                    │       2.158        │
├─────────────────────────────────────────────────────┼────────────────────┤
│                mean value loss/mean                 │       0.001        │
├─────────────────────────────────────────────────────┼────────────────────┤
│              mean surrogate loss/mean               │       -0.009       │
├─────────────────────────────────────────────────────┼────────────────────┤
│               mean decoder loss/mean                │         0.         │
├─────────────────────────────────────────────────────┼────────────────────┤
│           mean decoder loss student/mean            │         0.         │
├─────────────────────────────────────────────────────┼────────────────────┤
│             mean decoder test loss/mean             │         0.         │
├─────────────────────────────────────────────────────┼────────────────────┤
│         mean decoder test loss student/mean         │         0.         │
├─────────────────────────────────────────────────────┼────────────────────┤
│                      timesteps                      │      87588864      │
├─────────────────────────────────────────────────────┼────────────────────┤
│                     iterations                      │        890         │
╘═════════════════════════════════════════════════════╧════════════════════╛

══════════════════════════════════════════
[33m        job         [0m
────────────────────┬─────────────────────
       status       │ running             
      runTime       │ 2025-07-07 12:06:35.248575
════════════════════╧═════════════════════
╒═════════════════════════════════════════════════════╤════════════════════╕
│       train/episode/rew tracking lin vel/mean       │       17.634       │
├─────────────────────────────────────────────────────┼────────────────────┤
│       train/episode/rew tracking ang vel/mean       │        8.05        │
├─────────────────────────────────────────────────────┼────────────────────┤
│          train/episode/rew lin vel z/mean           │       -0.034       │
├─────────────────────────────────────────────────────┼────────────────────┤
│          train/episode/rew ang vel xy/mean          │       -0.022       │
├─────────────────────────────────────────────────────┼────────────────────┤
│           train/episode/rew torques/mean            │       -2.806       │
├─────────────────────────────────────────────────────┼────────────────────┤
│           train/episode/rew dof vel/mean            │       -0.24        │
├─────────────────────────────────────────────────────┼────────────────────┤
│           train/episode/rew dof acc/mean            │       -1.128       │
├─────────────────────────────────────────────────────┼────────────────────┤
│          train/episode/rew collision/mean           │       -0.156       │
├─────────────────────────────────────────────────────┼────────────────────┤
│         train/episode/rew action rate/mean          │       -1.408       │
├─────────────────────────────────────────────────────┼────────────────────┤
│train/episode/rew tracking contacts shaped force/mean│       -3.52        │
├─────────────────────────────────────────────────────┼────────────────────┤
│ train/episode/rew tracking contacts shaped vel/mean │       -2.016       │
├─────────────────────────────────────────────────────┼────────────────────┤
│             train/episode/rew jump/mean             │       -1.228       │
├─────────────────────────────────────────────────────┼────────────────────┤
│        train/episode/rew dof pos limits/mean        │       -0.328       │
├─────────────────────────────────────────────────────┼────────────────────┤
│          train/episode/rew feet slip/mean           │       -0.212       │
├─────────────────────────────────────────────────────┼────────────────────┤
│  train/episode/rew feet clearance cmd linear/mean   │       -2.516       │
├─────────────────────────────────────────────────────┼────────────────────┤
│     train/episode/rew action smoothness 1/mean      │       -0.625       │
├─────────────────────────────────────────────────────┼────────────────────┤
│     train/episode/rew action smoothness 2/mean      │       -0.843       │
├─────────────────────────────────────────────────────┼────────────────────┤
│      train/episode/rew raibert heuristic/mean       │       -1.625       │
├─────────────────────────────────────────────────────┼────────────────────┤
│     train/episode/rew orientation control/mean      │         0.         │
├─────────────────────────────────────────────────────┼────────────────────┤
│            train/episode/rew total/mean             │       12.002       │
├─────────────────────────────────────────────────────┼────────────────────┤
│       train/episode/min command duration/mean       │        0.5         │
├─────────────────────────────────────────────────────┼────────────────────┤
│       train/episode/max command duration/mean       │        0.5         │
├─────────────────────────────────────────────────────┼────────────────────┤
│        train/episode/min command bound/mean         │         0.         │
├─────────────────────────────────────────────────────┼────────────────────┤
│        train/episode/max command bound/mean         │         0.         │
├─────────────────────────────────────────────────────┼────────────────────┤
│        train/episode/min command offset/mean        │         0.         │
├─────────────────────────────────────────────────────┼────────────────────┤
│        train/episode/max command offset/mean        │         0.         │
├─────────────────────────────────────────────────────┼────────────────────┤
│        train/episode/min command phase/mean         │        0.5         │
├─────────────────────────────────────────────────────┼────────────────────┤
│        train/episode/max command phase/mean         │        0.5         │
├─────────────────────────────────────────────────────┼────────────────────┤
│         train/episode/min command freq/mean         │         2.         │
├─────────────────────────────────────────────────────┼────────────────────┤
│         train/episode/max command freq/mean         │         4.         │
├─────────────────────────────────────────────────────┼────────────────────┤
│        train/episode/min command x vel/mean         │       -1.046       │
├─────────────────────────────────────────────────────┼────────────────────┤
│        train/episode/max command x vel/mean         │       1.047        │
├─────────────────────────────────────────────────────┼────────────────────┤
│        train/episode/min command y vel/mean         │        -0.2        │
├─────────────────────────────────────────────────────┼────────────────────┤
│        train/episode/max command y vel/mean         │        0.2         │
├─────────────────────────────────────────────────────┼────────────────────┤
│       train/episode/min command yaw vel/mean        │       -1.046       │
├─────────────────────────────────────────────────────┼────────────────────┤
│       train/episode/max command yaw vel/mean        │       1.047        │
├─────────────────────────────────────────────────────┼────────────────────┤
│     train/episode/min command swing height/mean     │        0.03        │
├─────────────────────────────────────────────────────┼────────────────────┤
│     train/episode/max command swing height/mean     │        0.35        │
├─────────────────────────────────────────────────────┼────────────────────┤
│        train/episode/command area trot/mean         │       0.274        │
├─────────────────────────────────────────────────────┼────────────────────┤
│            train/episode/min action/mean            │       -8.943       │
├─────────────────────────────────────────────────────┼────────────────────┤
│            train/episode/max action/mean            │       6.156        │
├─────────────────────────────────────────────────────┼────────────────────┤
│                  time elapsed/mean                  │      1920.032      │
├─────────────────────────────────────────────────────┼────────────────────┤
│                   time iter/mean                    │       2.137        │
├─────────────────────────────────────────────────────┼────────────────────┤
│                mean value loss/mean                 │       0.002        │
├─────────────────────────────────────────────────────┼────────────────────┤
│              mean surrogate loss/mean               │       -0.008       │
├─────────────────────────────────────────────────────┼────────────────────┤
│               mean decoder loss/mean                │         0.         │
├─────────────────────────────────────────────────────┼────────────────────┤
│           mean decoder loss student/mean            │         0.         │
├─────────────────────────────────────────────────────┼────────────────────┤
│             mean decoder test loss/mean             │         0.         │
├─────────────────────────────────────────────────────┼────────────────────┤
│         mean decoder test loss student/mean         │         0.         │
├─────────────────────────────────────────────────────┼────────────────────┤
│                      timesteps                      │      88571904      │
├─────────────────────────────────────────────────────┼────────────────────┤
│                     iterations                      │        900         │
╘═════════════════════════════════════════════════════╧════════════════════╛

══════════════════════════════════════════
[33m        job         [0m
────────────────────┬─────────────────────
       status       │ running             
      runTime       │ 2025-07-07 12:06:56.618991
════════════════════╧═════════════════════
╒═════════════════════════════════════════════════════╤════════════════════╕
│       train/episode/rew tracking lin vel/mean       │       17.026       │
├─────────────────────────────────────────────────────┼────────────────────┤
│       train/episode/rew tracking ang vel/mean       │       7.797        │
├─────────────────────────────────────────────────────┼────────────────────┤
│          train/episode/rew lin vel z/mean           │       -0.034       │
├─────────────────────────────────────────────────────┼────────────────────┤
│          train/episode/rew ang vel xy/mean          │       -0.022       │
├─────────────────────────────────────────────────────┼────────────────────┤
│           train/episode/rew torques/mean            │       -2.679       │
├─────────────────────────────────────────────────────┼────────────────────┤
│           train/episode/rew dof vel/mean            │       -0.218       │
├─────────────────────────────────────────────────────┼────────────────────┤
│           train/episode/rew dof acc/mean            │       -1.022       │
├─────────────────────────────────────────────────────┼────────────────────┤
│          train/episode/rew collision/mean           │       -0.181       │
├─────────────────────────────────────────────────────┼────────────────────┤
│         train/episode/rew action rate/mean          │       -1.318       │
├─────────────────────────────────────────────────────┼────────────────────┤
│train/episode/rew tracking contacts shaped force/mean│       -3.452       │
├─────────────────────────────────────────────────────┼────────────────────┤
│ train/episode/rew tracking contacts shaped vel/mean │       -1.872       │
├─────────────────────────────────────────────────────┼────────────────────┤
│             train/episode/rew jump/mean             │       -1.31        │
├─────────────────────────────────────────────────────┼────────────────────┤
│        train/episode/rew dof pos limits/mean        │       -0.346       │
├─────────────────────────────────────────────────────┼────────────────────┤
│          train/episode/rew feet slip/mean           │       -0.195       │
├─────────────────────────────────────────────────────┼────────────────────┤
│  train/episode/rew feet clearance cmd linear/mean   │       -2.617       │
├─────────────────────────────────────────────────────┼────────────────────┤
│     train/episode/rew action smoothness 1/mean      │       -0.579       │
├─────────────────────────────────────────────────────┼────────────────────┤
│     train/episode/rew action smoothness 2/mean      │       -0.801       │
├─────────────────────────────────────────────────────┼────────────────────┤
│      train/episode/rew raibert heuristic/mean       │       -1.641       │
├─────────────────────────────────────────────────────┼────────────────────┤
│     train/episode/rew orientation control/mean      │         0.         │
├─────────────────────────────────────────────────────┼────────────────────┤
│            train/episode/rew total/mean             │       11.564       │
├─────────────────────────────────────────────────────┼────────────────────┤
│       train/episode/min command duration/mean       │        0.5         │
├─────────────────────────────────────────────────────┼────────────────────┤
│       train/episode/max command duration/mean       │        0.5         │
├─────────────────────────────────────────────────────┼────────────────────┤
│        train/episode/min command bound/mean         │         0.         │
├─────────────────────────────────────────────────────┼────────────────────┤
│        train/episode/max command bound/mean         │         0.         │
├─────────────────────────────────────────────────────┼────────────────────┤
│        train/episode/min command offset/mean        │         0.         │
├─────────────────────────────────────────────────────┼────────────────────┤
│        train/episode/max command offset/mean        │         0.         │
├─────────────────────────────────────────────────────┼────────────────────┤
│        train/episode/min command phase/mean         │        0.5         │
├─────────────────────────────────────────────────────┼────────────────────┤
│        train/episode/max command phase/mean         │        0.5         │
├─────────────────────────────────────────────────────┼────────────────────┤
│         train/episode/min command freq/mean         │         2.         │
├─────────────────────────────────────────────────────┼────────────────────┤
│         train/episode/max command freq/mean         │         4.         │
├─────────────────────────────────────────────────────┼────────────────────┤
│        train/episode/min command x vel/mean         │       -1.047       │
├─────────────────────────────────────────────────────┼────────────────────┤
│        train/episode/max command x vel/mean         │       1.047        │
├─────────────────────────────────────────────────────┼────────────────────┤
│        train/episode/min command y vel/mean         │        -0.2        │
├─────────────────────────────────────────────────────┼────────────────────┤
│        train/episode/max command y vel/mean         │        0.2         │
├─────────────────────────────────────────────────────┼────────────────────┤
│       train/episode/min command yaw vel/mean        │       -1.046       │
├─────────────────────────────────────────────────────┼────────────────────┤
│       train/episode/max command yaw vel/mean        │       1.047        │
├─────────────────────────────────────────────────────┼────────────────────┤
│     train/episode/min command swing height/mean     │        0.03        │
├─────────────────────────────────────────────────────┼────────────────────┤
│     train/episode/max command swing height/mean     │        0.35        │
├─────────────────────────────────────────────────────┼────────────────────┤
│        train/episode/command area trot/mean         │       0.274        │
├─────────────────────────────────────────────────────┼────────────────────┤
│            train/episode/min action/mean            │       -9.123       │
├─────────────────────────────────────────────────────┼────────────────────┤
│            train/episode/max action/mean            │       6.216        │
├─────────────────────────────────────────────────────┼────────────────────┤
│                  time elapsed/mean                  │      1941.373      │
├─────────────────────────────────────────────────────┼────────────────────┤
│                   time iter/mean                    │       2.118        │
├─────────────────────────────────────────────────────┼────────────────────┤
│                mean value loss/mean                 │       0.001        │
├─────────────────────────────────────────────────────┼────────────────────┤
│              mean surrogate loss/mean               │       -0.008       │
├─────────────────────────────────────────────────────┼────────────────────┤
│               mean decoder loss/mean                │         0.         │
├─────────────────────────────────────────────────────┼────────────────────┤
│           mean decoder loss student/mean            │         0.         │
├─────────────────────────────────────────────────────┼────────────────────┤
│             mean decoder test loss/mean             │         0.         │
├─────────────────────────────────────────────────────┼────────────────────┤
│         mean decoder test loss student/mean         │         0.         │
├─────────────────────────────────────────────────────┼────────────────────┤
│                      timesteps                      │      89554944      │
├─────────────────────────────────────────────────────┼────────────────────┤
│                     iterations                      │        910         │
╘═════════════════════════════════════════════════════╧════════════════════╛

══════════════════════════════════════════
[33m        job         [0m
────────────────────┬─────────────────────
       status       │ running             
      runTime       │ 2025-07-07 12:07:17.798981
════════════════════╧═════════════════════
╒═════════════════════════════════════════════════════╤════════════════════╕
│       train/episode/rew tracking lin vel/mean       │       17.086       │
├─────────────────────────────────────────────────────┼────────────────────┤
│       train/episode/rew tracking ang vel/mean       │       7.815        │
├─────────────────────────────────────────────────────┼────────────────────┤
│          train/episode/rew lin vel z/mean           │       -0.033       │
├─────────────────────────────────────────────────────┼────────────────────┤
│          train/episode/rew ang vel xy/mean          │       -0.021       │
├─────────────────────────────────────────────────────┼────────────────────┤
│           train/episode/rew torques/mean            │       -2.713       │
├─────────────────────────────────────────────────────┼────────────────────┤
│           train/episode/rew dof vel/mean            │       -0.235       │
├─────────────────────────────────────────────────────┼────────────────────┤
│           train/episode/rew dof acc/mean            │       -1.119       │
├─────────────────────────────────────────────────────┼────────────────────┤
│          train/episode/rew collision/mean           │       -0.152       │
├─────────────────────────────────────────────────────┼────────────────────┤
│         train/episode/rew action rate/mean          │       -1.389       │
├─────────────────────────────────────────────────────┼────────────────────┤
│train/episode/rew tracking contacts shaped force/mean│       -3.395       │
├─────────────────────────────────────────────────────┼────────────────────┤
│ train/episode/rew tracking contacts shaped vel/mean │       -1.976       │
├─────────────────────────────────────────────────────┼────────────────────┤
│             train/episode/rew jump/mean             │       -1.182       │
├─────────────────────────────────────────────────────┼────────────────────┤
│        train/episode/rew dof pos limits/mean        │       -0.252       │
├─────────────────────────────────────────────────────┼────────────────────┤
│          train/episode/rew feet slip/mean           │       -0.201       │
├─────────────────────────────────────────────────────┼────────────────────┤
│  train/episode/rew feet clearance cmd linear/mean   │       -2.542       │
├─────────────────────────────────────────────────────┼────────────────────┤
│     train/episode/rew action smoothness 1/mean      │       -0.618       │
├─────────────────────────────────────────────────────┼────────────────────┤
│     train/episode/rew action smoothness 2/mean      │       -0.831       │
├─────────────────────────────────────────────────────┼────────────────────┤
│      train/episode/rew raibert heuristic/mean       │       -1.586       │
├─────────────────────────────────────────────────────┼────────────────────┤
│     train/episode/rew orientation control/mean      │         0.         │
├─────────────────────────────────────────────────────┼────────────────────┤
│            train/episode/rew total/mean             │       11.564       │
├─────────────────────────────────────────────────────┼────────────────────┤
│       train/episode/min command duration/mean       │        0.5         │
├─────────────────────────────────────────────────────┼────────────────────┤
│       train/episode/max command duration/mean       │        0.5         │
├─────────────────────────────────────────────────────┼────────────────────┤
│        train/episode/min command bound/mean         │         0.         │
├─────────────────────────────────────────────────────┼────────────────────┤
│        train/episode/max command bound/mean         │         0.         │
├─────────────────────────────────────────────────────┼────────────────────┤
│        train/episode/min command offset/mean        │         0.         │
├─────────────────────────────────────────────────────┼────────────────────┤
│        train/episode/max command offset/mean        │         0.         │
├─────────────────────────────────────────────────────┼────────────────────┤
│        train/episode/min command phase/mean         │        0.5         │
├─────────────────────────────────────────────────────┼────────────────────┤
│        train/episode/max command phase/mean         │        0.5         │
├─────────────────────────────────────────────────────┼────────────────────┤
│         train/episode/min command freq/mean         │         2.         │
├─────────────────────────────────────────────────────┼────────────────────┤
│         train/episode/max command freq/mean         │         4.         │
├─────────────────────────────────────────────────────┼────────────────────┤
│        train/episode/min command x vel/mean         │       -1.047       │
├─────────────────────────────────────────────────────┼────────────────────┤
│        train/episode/max command x vel/mean         │       1.047        │
├─────────────────────────────────────────────────────┼────────────────────┤
│        train/episode/min command y vel/mean         │        -0.2        │
├─────────────────────────────────────────────────────┼────────────────────┤
│        train/episode/max command y vel/mean         │        0.2         │
├─────────────────────────────────────────────────────┼────────────────────┤
│       train/episode/min command yaw vel/mean        │       -1.046       │
├─────────────────────────────────────────────────────┼────────────────────┤
│       train/episode/max command yaw vel/mean        │       1.047        │
├─────────────────────────────────────────────────────┼────────────────────┤
│     train/episode/min command swing height/mean     │       0.031        │
├─────────────────────────────────────────────────────┼────────────────────┤
│     train/episode/max command swing height/mean     │        0.35        │
├─────────────────────────────────────────────────────┼────────────────────┤
│        train/episode/command area trot/mean         │       0.274        │
├─────────────────────────────────────────────────────┼────────────────────┤
│            train/episode/min action/mean            │       -8.797       │
├─────────────────────────────────────────────────────┼────────────────────┤
│            train/episode/max action/mean            │       6.121        │
├─────────────────────────────────────────────────────┼────────────────────┤
│                  time elapsed/mean                  │      1962.531      │
├─────────────────────────────────────────────────────┼────────────────────┤
│                   time iter/mean                    │       2.206        │
├─────────────────────────────────────────────────────┼────────────────────┤
│                mean value loss/mean                 │       0.004        │
├─────────────────────────────────────────────────────┼────────────────────┤
│              mean surrogate loss/mean               │       -0.008       │
├─────────────────────────────────────────────────────┼────────────────────┤
│               mean decoder loss/mean                │         0.         │
├─────────────────────────────────────────────────────┼────────────────────┤
│           mean decoder loss student/mean            │         0.         │
├─────────────────────────────────────────────────────┼────────────────────┤
│             mean decoder test loss/mean             │         0.         │
├─────────────────────────────────────────────────────┼────────────────────┤
│         mean decoder test loss student/mean         │         0.         │
├─────────────────────────────────────────────────────┼────────────────────┤
│                      timesteps                      │      90537984      │
├─────────────────────────────────────────────────────┼────────────────────┤
│                     iterations                      │        920         │
╘═════════════════════════════════════════════════════╧════════════════════╛

══════════════════════════════════════════
[33m        job         [0m
────────────────────┬─────────────────────
       status       │ running             
      runTime       │ 2025-07-07 12:07:39.859010
════════════════════╧═════════════════════
╒═════════════════════════════════════════════════════╤════════════════════╕
│       train/episode/rew tracking lin vel/mean       │       17.241       │
├─────────────────────────────────────────────────────┼────────────────────┤
│       train/episode/rew tracking ang vel/mean       │       7.849        │
├─────────────────────────────────────────────────────┼────────────────────┤
│          train/episode/rew lin vel z/mean           │       -0.034       │
├─────────────────────────────────────────────────────┼────────────────────┤
│          train/episode/rew ang vel xy/mean          │       -0.021       │
├─────────────────────────────────────────────────────┼────────────────────┤
│           train/episode/rew torques/mean            │       -2.679       │
├─────────────────────────────────────────────────────┼────────────────────┤
│           train/episode/rew dof vel/mean            │       -0.225       │
├─────────────────────────────────────────────────────┼────────────────────┤
│           train/episode/rew dof acc/mean            │       -1.061       │
├─────────────────────────────────────────────────────┼────────────────────┤
│          train/episode/rew collision/mean           │       -0.199       │
├─────────────────────────────────────────────────────┼────────────────────┤
│         train/episode/rew action rate/mean          │       -1.351       │
├─────────────────────────────────────────────────────┼────────────────────┤
│train/episode/rew tracking contacts shaped force/mean│       -3.488       │
├─────────────────────────────────────────────────────┼────────────────────┤
│ train/episode/rew tracking contacts shaped vel/mean │       -1.923       │
├─────────────────────────────────────────────────────┼────────────────────┤
│             train/episode/rew jump/mean             │       -1.295       │
├─────────────────────────────────────────────────────┼────────────────────┤
│        train/episode/rew dof pos limits/mean        │       -0.267       │
├─────────────────────────────────────────────────────┼────────────────────┤
│          train/episode/rew feet slip/mean           │       -0.201       │
├─────────────────────────────────────────────────────┼────────────────────┤
│  train/episode/rew feet clearance cmd linear/mean   │       -2.523       │
├─────────────────────────────────────────────────────┼────────────────────┤
│     train/episode/rew action smoothness 1/mean      │       -0.597       │
├─────────────────────────────────────────────────────┼────────────────────┤
│     train/episode/rew action smoothness 2/mean      │       -0.824       │
├─────────────────────────────────────────────────────┼────────────────────┤
│      train/episode/rew raibert heuristic/mean       │       -1.667       │
├─────────────────────────────────────────────────────┼────────────────────┤
│     train/episode/rew orientation control/mean      │         0.         │
├─────────────────────────────────────────────────────┼────────────────────┤
│            train/episode/rew total/mean             │       11.785       │
├─────────────────────────────────────────────────────┼────────────────────┤
│       train/episode/min command duration/mean       │        0.5         │
├─────────────────────────────────────────────────────┼────────────────────┤
│       train/episode/max command duration/mean       │        0.5         │
├─────────────────────────────────────────────────────┼────────────────────┤
│        train/episode/min command bound/mean         │         0.         │
├─────────────────────────────────────────────────────┼────────────────────┤
│        train/episode/max command bound/mean         │         0.         │
├─────────────────────────────────────────────────────┼────────────────────┤
│        train/episode/min command offset/mean        │         0.         │
├─────────────────────────────────────────────────────┼────────────────────┤
│        train/episode/max command offset/mean        │         0.         │
├─────────────────────────────────────────────────────┼────────────────────┤
│        train/episode/min command phase/mean         │        0.5         │
├─────────────────────────────────────────────────────┼────────────────────┤
│        train/episode/max command phase/mean         │        0.5         │
├─────────────────────────────────────────────────────┼────────────────────┤
│         train/episode/min command freq/mean         │       2.001        │
├─────────────────────────────────────────────────────┼────────────────────┤
│         train/episode/max command freq/mean         │         4.         │
├─────────────────────────────────────────────────────┼────────────────────┤
│        train/episode/min command x vel/mean         │       -1.046       │
├─────────────────────────────────────────────────────┼────────────────────┤
│        train/episode/max command x vel/mean         │       1.047        │
├─────────────────────────────────────────────────────┼────────────────────┤
│        train/episode/min command y vel/mean         │        -0.2        │
├─────────────────────────────────────────────────────┼────────────────────┤
│        train/episode/max command y vel/mean         │        0.2         │
├─────────────────────────────────────────────────────┼────────────────────┤
│       train/episode/min command yaw vel/mean        │       -1.047       │
├─────────────────────────────────────────────────────┼────────────────────┤
│       train/episode/max command yaw vel/mean        │       1.047        │
├─────────────────────────────────────────────────────┼────────────────────┤
│     train/episode/min command swing height/mean     │        0.03        │
├─────────────────────────────────────────────────────┼────────────────────┤
│     train/episode/max command swing height/mean     │        0.35        │
├─────────────────────────────────────────────────────┼────────────────────┤
│        train/episode/command area trot/mean         │       0.274        │
├─────────────────────────────────────────────────────┼────────────────────┤
│            train/episode/min action/mean            │       -9.093       │
├─────────────────────────────────────────────────────┼────────────────────┤
│            train/episode/max action/mean            │       6.056        │
├─────────────────────────────────────────────────────┼────────────────────┤
│                  time elapsed/mean                  │      1985.157      │
├─────────────────────────────────────────────────────┼────────────────────┤
│                   time iter/mean                    │       2.191        │
├─────────────────────────────────────────────────────┼────────────────────┤
│                mean value loss/mean                 │       0.001        │
├─────────────────────────────────────────────────────┼────────────────────┤
│              mean surrogate loss/mean               │       -0.009       │
├─────────────────────────────────────────────────────┼────────────────────┤
│               mean decoder loss/mean                │         0.         │
├─────────────────────────────────────────────────────┼────────────────────┤
│           mean decoder loss student/mean            │         0.         │
├─────────────────────────────────────────────────────┼────────────────────┤
│             mean decoder test loss/mean             │         0.         │
├─────────────────────────────────────────────────────┼────────────────────┤
│         mean decoder test loss student/mean         │         0.         │
├─────────────────────────────────────────────────────┼────────────────────┤
│                      timesteps                      │      91521024      │
├─────────────────────────────────────────────────────┼────────────────────┤
│                     iterations                      │        930         │
╘═════════════════════════════════════════════════════╧════════════════════╛

══════════════════════════════════════════
[33m        job         [0m
────────────────────┬─────────────────────
       status       │ running             
      runTime       │ 2025-07-07 12:08:01.774526
════════════════════╧═════════════════════
╒═════════════════════════════════════════════════════╤════════════════════╕
│       train/episode/rew tracking lin vel/mean       │       17.471       │
├─────────────────────────────────────────────────────┼────────────────────┤
│       train/episode/rew tracking ang vel/mean       │       7.959        │
├─────────────────────────────────────────────────────┼────────────────────┤
│          train/episode/rew lin vel z/mean           │       -0.034       │
├─────────────────────────────────────────────────────┼────────────────────┤
│          train/episode/rew ang vel xy/mean          │       -0.021       │
├─────────────────────────────────────────────────────┼────────────────────┤
│           train/episode/rew torques/mean            │       -2.767       │
├─────────────────────────────────────────────────────┼────────────────────┤
│           train/episode/rew dof vel/mean            │       -0.228       │
├─────────────────────────────────────────────────────┼────────────────────┤
│           train/episode/rew dof acc/mean            │       -1.071       │
├─────────────────────────────────────────────────────┼────────────────────┤
│          train/episode/rew collision/mean           │       -0.143       │
├─────────────────────────────────────────────────────┼────────────────────┤
│         train/episode/rew action rate/mean          │       -1.381       │
├─────────────────────────────────────────────────────┼────────────────────┤
│train/episode/rew tracking contacts shaped force/mean│       -3.529       │
├─────────────────────────────────────────────────────┼────────────────────┤
│ train/episode/rew tracking contacts shaped vel/mean │       -1.901       │
├─────────────────────────────────────────────────────┼────────────────────┤
│             train/episode/rew jump/mean             │       -1.284       │
├─────────────────────────────────────────────────────┼────────────────────┤
│        train/episode/rew dof pos limits/mean        │       -0.307       │
├─────────────────────────────────────────────────────┼────────────────────┤
│          train/episode/rew feet slip/mean           │       -0.197       │
├─────────────────────────────────────────────────────┼────────────────────┤
│  train/episode/rew feet clearance cmd linear/mean   │       -2.656       │
├─────────────────────────────────────────────────────┼────────────────────┤
│     train/episode/rew action smoothness 1/mean      │       -0.609       │
├─────────────────────────────────────────────────────┼────────────────────┤
│     train/episode/rew action smoothness 2/mean      │       -0.837       │
├─────────────────────────────────────────────────────┼────────────────────┤
│      train/episode/rew raibert heuristic/mean       │       -1.605       │
├─────────────────────────────────────────────────────┼────────────────────┤
│     train/episode/rew orientation control/mean      │         0.         │
├─────────────────────────────────────────────────────┼────────────────────┤
│            train/episode/rew total/mean             │       11.853       │
├─────────────────────────────────────────────────────┼────────────────────┤
│       train/episode/min command duration/mean       │        0.5         │
├─────────────────────────────────────────────────────┼────────────────────┤
│       train/episode/max command duration/mean       │        0.5         │
├─────────────────────────────────────────────────────┼────────────────────┤
│        train/episode/min command bound/mean         │         0.         │
├─────────────────────────────────────────────────────┼────────────────────┤
│        train/episode/max command bound/mean         │         0.         │
├─────────────────────────────────────────────────────┼────────────────────┤
│        train/episode/min command offset/mean        │         0.         │
├─────────────────────────────────────────────────────┼────────────────────┤
│        train/episode/max command offset/mean        │         0.         │
├─────────────────────────────────────────────────────┼────────────────────┤
│        train/episode/min command phase/mean         │        0.5         │
├─────────────────────────────────────────────────────┼────────────────────┤
│        train/episode/max command phase/mean         │        0.5         │
├─────────────────────────────────────────────────────┼────────────────────┤
│         train/episode/min command freq/mean         │       2.001        │
├─────────────────────────────────────────────────────┼────────────────────┤
│         train/episode/max command freq/mean         │         4.         │
├─────────────────────────────────────────────────────┼────────────────────┤
│        train/episode/min command x vel/mean         │       -1.047       │
├─────────────────────────────────────────────────────┼────────────────────┤
│        train/episode/max command x vel/mean         │       1.048        │
├─────────────────────────────────────────────────────┼────────────────────┤
│        train/episode/min command y vel/mean         │        -0.2        │
├─────────────────────────────────────────────────────┼────────────────────┤
│        train/episode/max command y vel/mean         │        0.2         │
├─────────────────────────────────────────────────────┼────────────────────┤
│       train/episode/min command yaw vel/mean        │       -1.047       │
├─────────────────────────────────────────────────────┼────────────────────┤
│       train/episode/max command yaw vel/mean        │       1.047        │
├─────────────────────────────────────────────────────┼────────────────────┤
│     train/episode/min command swing height/mean     │        0.03        │
├─────────────────────────────────────────────────────┼────────────────────┤
│     train/episode/max command swing height/mean     │        0.35        │
├─────────────────────────────────────────────────────┼────────────────────┤
│        train/episode/command area trot/mean         │       0.274        │
├─────────────────────────────────────────────────────┼────────────────────┤
│            train/episode/min action/mean            │       -9.245       │
├─────────────────────────────────────────────────────┼────────────────────┤
│            train/episode/max action/mean            │       5.987        │
├─────────────────────────────────────────────────────┼────────────────────┤
│                  time elapsed/mean                  │      2006.562      │
├─────────────────────────────────────────────────────┼────────────────────┤
│                   time iter/mean                    │       2.137        │
├─────────────────────────────────────────────────────┼────────────────────┤
│                mean value loss/mean                 │       0.002        │
├─────────────────────────────────────────────────────┼────────────────────┤
│              mean surrogate loss/mean               │       -0.007       │
├─────────────────────────────────────────────────────┼────────────────────┤
│               mean decoder loss/mean                │         0.         │
├─────────────────────────────────────────────────────┼────────────────────┤
│           mean decoder loss student/mean            │         0.         │
├─────────────────────────────────────────────────────┼────────────────────┤
│             mean decoder test loss/mean             │         0.         │
├─────────────────────────────────────────────────────┼────────────────────┤
│         mean decoder test loss student/mean         │         0.         │
├─────────────────────────────────────────────────────┼────────────────────┤
│                      timesteps                      │      92504064      │
├─────────────────────────────────────────────────────┼────────────────────┤
│                     iterations                      │        940         │
╘═════════════════════════════════════════════════════╧════════════════════╛

══════════════════════════════════════════
[33m        job         [0m
────────────────────┬─────────────────────
       status       │ running             
      runTime       │ 2025-07-07 12:08:23.143680
════════════════════╧═════════════════════
╒═════════════════════════════════════════════════════╤════════════════════╕
│       train/episode/rew tracking lin vel/mean       │       17.435       │
├─────────────────────────────────────────────────────┼────────────────────┤
│       train/episode/rew tracking ang vel/mean       │        7.95        │
├─────────────────────────────────────────────────────┼────────────────────┤
│          train/episode/rew lin vel z/mean           │       -0.034       │
├─────────────────────────────────────────────────────┼────────────────────┤
│          train/episode/rew ang vel xy/mean          │       -0.021       │
├─────────────────────────────────────────────────────┼────────────────────┤
│           train/episode/rew torques/mean            │       -2.744       │
├─────────────────────────────────────────────────────┼────────────────────┤
│           train/episode/rew dof vel/mean            │       -0.235       │
├─────────────────────────────────────────────────────┼────────────────────┤
│           train/episode/rew dof acc/mean            │       -1.103       │
├─────────────────────────────────────────────────────┼────────────────────┤
│          train/episode/rew collision/mean           │       -0.176       │
├─────────────────────────────────────────────────────┼────────────────────┤
│         train/episode/rew action rate/mean          │       -1.405       │
├─────────────────────────────────────────────────────┼────────────────────┤
│train/episode/rew tracking contacts shaped force/mean│       -3.553       │
├─────────────────────────────────────────────────────┼────────────────────┤
│ train/episode/rew tracking contacts shaped vel/mean │       -1.932       │
├─────────────────────────────────────────────────────┼────────────────────┤
│             train/episode/rew jump/mean             │       -1.187       │
├─────────────────────────────────────────────────────┼────────────────────┤
│        train/episode/rew dof pos limits/mean        │       -0.231       │
├─────────────────────────────────────────────────────┼────────────────────┤
│          train/episode/rew feet slip/mean           │       -0.202       │
├─────────────────────────────────────────────────────┼────────────────────┤
│  train/episode/rew feet clearance cmd linear/mean   │       -2.405       │
├─────────────────────────────────────────────────────┼────────────────────┤
│     train/episode/rew action smoothness 1/mean      │       -0.625       │
├─────────────────────────────────────────────────────┼────────────────────┤
│     train/episode/rew action smoothness 2/mean      │       -0.852       │
├─────────────────────────────────────────────────────┼────────────────────┤
│      train/episode/rew raibert heuristic/mean       │       -1.628       │
├─────────────────────────────────────────────────────┼────────────────────┤
│     train/episode/rew orientation control/mean      │         0.         │
├─────────────────────────────────────────────────────┼────────────────────┤
│            train/episode/rew total/mean             │       12.005       │
├─────────────────────────────────────────────────────┼────────────────────┤
│       train/episode/min command duration/mean       │        0.5         │
├─────────────────────────────────────────────────────┼────────────────────┤
│       train/episode/max command duration/mean       │        0.5         │
├─────────────────────────────────────────────────────┼────────────────────┤
│        train/episode/min command bound/mean         │         0.         │
├─────────────────────────────────────────────────────┼────────────────────┤
│        train/episode/max command bound/mean         │         0.         │
├─────────────────────────────────────────────────────┼────────────────────┤
│        train/episode/min command offset/mean        │         0.         │
├─────────────────────────────────────────────────────┼────────────────────┤
│        train/episode/max command offset/mean        │         0.         │
├─────────────────────────────────────────────────────┼────────────────────┤
│        train/episode/min command phase/mean         │        0.5         │
├─────────────────────────────────────────────────────┼────────────────────┤
│        train/episode/max command phase/mean         │        0.5         │
├─────────────────────────────────────────────────────┼────────────────────┤
│         train/episode/min command freq/mean         │       2.001        │
├─────────────────────────────────────────────────────┼────────────────────┤
│         train/episode/max command freq/mean         │         4.         │
├─────────────────────────────────────────────────────┼────────────────────┤
│        train/episode/min command x vel/mean         │       -1.047       │
├─────────────────────────────────────────────────────┼────────────────────┤
│        train/episode/max command x vel/mean         │       1.047        │
├─────────────────────────────────────────────────────┼────────────────────┤
│        train/episode/min command y vel/mean         │        -0.2        │
├─────────────────────────────────────────────────────┼────────────────────┤
│        train/episode/max command y vel/mean         │        0.2         │
├─────────────────────────────────────────────────────┼────────────────────┤
│       train/episode/min command yaw vel/mean        │       -1.047       │
├─────────────────────────────────────────────────────┼────────────────────┤
│       train/episode/max command yaw vel/mean        │       1.047        │
├─────────────────────────────────────────────────────┼────────────────────┤
│     train/episode/min command swing height/mean     │        0.03        │
├─────────────────────────────────────────────────────┼────────────────────┤
│     train/episode/max command swing height/mean     │        0.35        │
├─────────────────────────────────────────────────────┼────────────────────┤
│        train/episode/command area trot/mean         │       0.274        │
├─────────────────────────────────────────────────────┼────────────────────┤
│            train/episode/min action/mean            │       -9.141       │
├─────────────────────────────────────────────────────┼────────────────────┤
│            train/episode/max action/mean            │       6.061        │
├─────────────────────────────────────────────────────┼────────────────────┤
│                  time elapsed/mean                  │      2027.881      │
├─────────────────────────────────────────────────────┼────────────────────┤
│                   time iter/mean                    │       2.121        │
├─────────────────────────────────────────────────────┼────────────────────┤
│                mean value loss/mean                 │       0.001        │
├─────────────────────────────────────────────────────┼────────────────────┤
│              mean surrogate loss/mean               │       -0.008       │
├─────────────────────────────────────────────────────┼────────────────────┤
│               mean decoder loss/mean                │         0.         │
├─────────────────────────────────────────────────────┼────────────────────┤
│           mean decoder loss student/mean            │         0.         │
├─────────────────────────────────────────────────────┼────────────────────┤
│             mean decoder test loss/mean             │         0.         │
├─────────────────────────────────────────────────────┼────────────────────┤
│         mean decoder test loss student/mean         │         0.         │
├─────────────────────────────────────────────────────┼────────────────────┤
│                      timesteps                      │      93487104      │
├─────────────────────────────────────────────────────┼────────────────────┤
│                     iterations                      │        950         │
╘═════════════════════════════════════════════════════╧════════════════════╛

══════════════════════════════════════════
[33m        job         [0m
────────────────────┬─────────────────────
       status       │ running             
      runTime       │ 2025-07-07 12:08:44.356473
════════════════════╧═════════════════════
╒═════════════════════════════════════════════════════╤════════════════════╕
│       train/episode/rew tracking lin vel/mean       │       17.362       │
├─────────────────────────────────────────────────────┼────────────────────┤
│       train/episode/rew tracking ang vel/mean       │       7.836        │
├─────────────────────────────────────────────────────┼────────────────────┤
│          train/episode/rew lin vel z/mean           │       -0.033       │
├─────────────────────────────────────────────────────┼────────────────────┤
│          train/episode/rew ang vel xy/mean          │       -0.022       │
├─────────────────────────────────────────────────────┼────────────────────┤
│           train/episode/rew torques/mean            │       -2.735       │
├─────────────────────────────────────────────────────┼────────────────────┤
│           train/episode/rew dof vel/mean            │       -0.239       │
├─────────────────────────────────────────────────────┼────────────────────┤
│           train/episode/rew dof acc/mean            │       -1.129       │
├─────────────────────────────────────────────────────┼────────────────────┤
│          train/episode/rew collision/mean           │       -0.167       │
├─────────────────────────────────────────────────────┼────────────────────┤
│         train/episode/rew action rate/mean          │       -1.406       │
├─────────────────────────────────────────────────────┼────────────────────┤
│train/episode/rew tracking contacts shaped force/mean│       -3.475       │
├─────────────────────────────────────────────────────┼────────────────────┤
│ train/episode/rew tracking contacts shaped vel/mean │       -1.993       │
├─────────────────────────────────────────────────────┼────────────────────┤
│             train/episode/rew jump/mean             │       -1.301       │
├─────────────────────────────────────────────────────┼────────────────────┤
│        train/episode/rew dof pos limits/mean        │       -0.313       │
├─────────────────────────────────────────────────────┼────────────────────┤
│          train/episode/rew feet slip/mean           │       -0.204       │
├─────────────────────────────────────────────────────┼────────────────────┤
│  train/episode/rew feet clearance cmd linear/mean   │       -2.58        │
├─────────────────────────────────────────────────────┼────────────────────┤
│     train/episode/rew action smoothness 1/mean      │       -0.624       │
├─────────────────────────────────────────────────────┼────────────────────┤
│     train/episode/rew action smoothness 2/mean      │       -0.85        │
├─────────────────────────────────────────────────────┼────────────────────┤
│      train/episode/rew raibert heuristic/mean       │       -1.563       │
├─────────────────────────────────────────────────────┼────────────────────┤
│     train/episode/rew orientation control/mean      │         0.         │
├─────────────────────────────────────────────────────┼────────────────────┤
│            train/episode/rew total/mean             │       11.681       │
├─────────────────────────────────────────────────────┼────────────────────┤
│       train/episode/min command duration/mean       │        0.5         │
├─────────────────────────────────────────────────────┼────────────────────┤
│       train/episode/max command duration/mean       │        0.5         │
├─────────────────────────────────────────────────────┼────────────────────┤
│        train/episode/min command bound/mean         │         0.         │
├─────────────────────────────────────────────────────┼────────────────────┤
│        train/episode/max command bound/mean         │         0.         │
├─────────────────────────────────────────────────────┼────────────────────┤
│        train/episode/min command offset/mean        │         0.         │
├─────────────────────────────────────────────────────┼────────────────────┤
│        train/episode/max command offset/mean        │         0.         │
├─────────────────────────────────────────────────────┼────────────────────┤
│        train/episode/min command phase/mean         │        0.5         │
├─────────────────────────────────────────────────────┼────────────────────┤
│        train/episode/max command phase/mean         │        0.5         │
├─────────────────────────────────────────────────────┼────────────────────┤
│         train/episode/min command freq/mean         │       2.001        │
├─────────────────────────────────────────────────────┼────────────────────┤
│         train/episode/max command freq/mean         │         4.         │
├─────────────────────────────────────────────────────┼────────────────────┤
│        train/episode/min command x vel/mean         │       -1.047       │
├─────────────────────────────────────────────────────┼────────────────────┤
│        train/episode/max command x vel/mean         │       1.047        │
├─────────────────────────────────────────────────────┼────────────────────┤
│        train/episode/min command y vel/mean         │        -0.2        │
├─────────────────────────────────────────────────────┼────────────────────┤
│        train/episode/max command y vel/mean         │        0.2         │
├─────────────────────────────────────────────────────┼────────────────────┤
│       train/episode/min command yaw vel/mean        │       -1.047       │
├─────────────────────────────────────────────────────┼────────────────────┤
│       train/episode/max command yaw vel/mean        │       1.047        │
├─────────────────────────────────────────────────────┼────────────────────┤
│     train/episode/min command swing height/mean     │        0.03        │
├─────────────────────────────────────────────────────┼────────────────────┤
│     train/episode/max command swing height/mean     │        0.35        │
├─────────────────────────────────────────────────────┼────────────────────┤
│        train/episode/command area trot/mean         │       0.274        │
├─────────────────────────────────────────────────────┼────────────────────┤
│            train/episode/min action/mean            │       -8.868       │
├─────────────────────────────────────────────────────┼────────────────────┤
│            train/episode/max action/mean            │       6.087        │
├─────────────────────────────────────────────────────┼────────────────────┤
│                  time elapsed/mean                  │      2048.88       │
├─────────────────────────────────────────────────────┼────────────────────┤
│                   time iter/mean                    │       2.126        │
├─────────────────────────────────────────────────────┼────────────────────┤
│                mean value loss/mean                 │       0.002        │
├─────────────────────────────────────────────────────┼────────────────────┤
│              mean surrogate loss/mean               │       -0.007       │
├─────────────────────────────────────────────────────┼────────────────────┤
│               mean decoder loss/mean                │         0.         │
├─────────────────────────────────────────────────────┼────────────────────┤
│           mean decoder loss student/mean            │         0.         │
├─────────────────────────────────────────────────────┼────────────────────┤
│             mean decoder test loss/mean             │         0.         │
├─────────────────────────────────────────────────────┼────────────────────┤
│         mean decoder test loss student/mean         │         0.         │
├─────────────────────────────────────────────────────┼────────────────────┤
│                      timesteps                      │      94470144      │
├─────────────────────────────────────────────────────┼────────────────────┤
│                     iterations                      │        960         │
╘═════════════════════════════════════════════════════╧════════════════════╛

══════════════════════════════════════════
[33m        job         [0m
────────────────────┬─────────────────────
       status       │ running             
      runTime       │ 2025-07-07 12:09:05.617024
════════════════════╧═════════════════════
╒═════════════════════════════════════════════════════╤════════════════════╕
│       train/episode/rew tracking lin vel/mean       │       17.201       │
├─────────────────────────────────────────────────────┼────────────────────┤
│       train/episode/rew tracking ang vel/mean       │       7.817        │
├─────────────────────────────────────────────────────┼────────────────────┤
│          train/episode/rew lin vel z/mean           │       -0.034       │
├─────────────────────────────────────────────────────┼────────────────────┤
│          train/episode/rew ang vel xy/mean          │       -0.022       │
├─────────────────────────────────────────────────────┼────────────────────┤
│           train/episode/rew torques/mean            │       -2.711       │
├─────────────────────────────────────────────────────┼────────────────────┤
│           train/episode/rew dof vel/mean            │       -0.246       │
├─────────────────────────────────────────────────────┼────────────────────┤
│           train/episode/rew dof acc/mean            │       -1.163       │
├─────────────────────────────────────────────────────┼────────────────────┤
│          train/episode/rew collision/mean           │       -0.169       │
├─────────────────────────────────────────────────────┼────────────────────┤
│         train/episode/rew action rate/mean          │       -1.421       │
├─────────────────────────────────────────────────────┼────────────────────┤
│train/episode/rew tracking contacts shaped force/mean│       -3.359       │
├─────────────────────────────────────────────────────┼────────────────────┤
│ train/episode/rew tracking contacts shaped vel/mean │       -2.063       │
├─────────────────────────────────────────────────────┼────────────────────┤
│             train/episode/rew jump/mean             │       -1.297       │
├─────────────────────────────────────────────────────┼────────────────────┤
│        train/episode/rew dof pos limits/mean        │       -0.327       │
├─────────────────────────────────────────────────────┼────────────────────┤
│          train/episode/rew feet slip/mean           │       -0.207       │
├─────────────────────────────────────────────────────┼────────────────────┤
│  train/episode/rew feet clearance cmd linear/mean   │       -2.411       │
├─────────────────────────────────────────────────────┼────────────────────┤
│     train/episode/rew action smoothness 1/mean      │       -0.633       │
├─────────────────────────────────────────────────────┼────────────────────┤
│     train/episode/rew action smoothness 2/mean      │       -0.854       │
├─────────────────────────────────────────────────────┼────────────────────┤
│      train/episode/rew raibert heuristic/mean       │       -1.628       │
├─────────────────────────────────────────────────────┼────────────────────┤
│     train/episode/rew orientation control/mean      │         0.         │
├─────────────────────────────────────────────────────┼────────────────────┤
│            train/episode/rew total/mean             │       11.62        │
├─────────────────────────────────────────────────────┼────────────────────┤
│       train/episode/min command duration/mean       │        0.5         │
├─────────────────────────────────────────────────────┼────────────────────┤
│       train/episode/max command duration/mean       │        0.5         │
├─────────────────────────────────────────────────────┼────────────────────┤
│        train/episode/min command bound/mean         │         0.         │
├─────────────────────────────────────────────────────┼────────────────────┤
│        train/episode/max command bound/mean         │         0.         │
├─────────────────────────────────────────────────────┼────────────────────┤
│        train/episode/min command offset/mean        │         0.         │
├─────────────────────────────────────────────────────┼────────────────────┤
│        train/episode/max command offset/mean        │         0.         │
├─────────────────────────────────────────────────────┼────────────────────┤
│        train/episode/min command phase/mean         │        0.5         │
├─────────────────────────────────────────────────────┼────────────────────┤
│        train/episode/max command phase/mean         │        0.5         │
├─────────────────────────────────────────────────────┼────────────────────┤
│         train/episode/min command freq/mean         │       2.001        │
├─────────────────────────────────────────────────────┼────────────────────┤
│         train/episode/max command freq/mean         │         4.         │
├─────────────────────────────────────────────────────┼────────────────────┤
│        train/episode/min command x vel/mean         │       -1.047       │
├─────────────────────────────────────────────────────┼────────────────────┤
│        train/episode/max command x vel/mean         │       1.047        │
├─────────────────────────────────────────────────────┼────────────────────┤
│        train/episode/min command y vel/mean         │        -0.2        │
├─────────────────────────────────────────────────────┼────────────────────┤
│        train/episode/max command y vel/mean         │        0.2         │
├─────────────────────────────────────────────────────┼────────────────────┤
│       train/episode/min command yaw vel/mean        │       -1.047       │
├─────────────────────────────────────────────────────┼────────────────────┤
│       train/episode/max command yaw vel/mean        │       1.047        │
├─────────────────────────────────────────────────────┼────────────────────┤
│     train/episode/min command swing height/mean     │        0.03        │
├─────────────────────────────────────────────────────┼────────────────────┤
│     train/episode/max command swing height/mean     │        0.35        │
├─────────────────────────────────────────────────────┼────────────────────┤
│        train/episode/command area trot/mean         │       0.274        │
├─────────────────────────────────────────────────────┼────────────────────┤
│            train/episode/min action/mean            │       -8.892       │
├─────────────────────────────────────────────────────┼────────────────────┤
│            train/episode/max action/mean            │       6.124        │
├─────────────────────────────────────────────────────┼────────────────────┤
│                  time elapsed/mean                  │      2071.445      │
├─────────────────────────────────────────────────────┼────────────────────┤
│                   time iter/mean                    │       2.254        │
├─────────────────────────────────────────────────────┼────────────────────┤
│                mean value loss/mean                 │       0.002        │
├─────────────────────────────────────────────────────┼────────────────────┤
│              mean surrogate loss/mean               │       -0.009       │
├─────────────────────────────────────────────────────┼────────────────────┤
│               mean decoder loss/mean                │         0.         │
├─────────────────────────────────────────────────────┼────────────────────┤
│           mean decoder loss student/mean            │         0.         │
├─────────────────────────────────────────────────────┼────────────────────┤
│             mean decoder test loss/mean             │         0.         │
├─────────────────────────────────────────────────────┼────────────────────┤
│         mean decoder test loss student/mean         │         0.         │
├─────────────────────────────────────────────────────┼────────────────────┤
│                      timesteps                      │      95453184      │
├─────────────────────────────────────────────────────┼────────────────────┤
│                     iterations                      │        970         │
╘═════════════════════════════════════════════════════╧════════════════════╛

══════════════════════════════════════════
[33m        job         [0m
────────────────────┬─────────────────────
       status       │ running             
      runTime       │ 2025-07-07 12:09:28.162517
════════════════════╧═════════════════════
╒═════════════════════════════════════════════════════╤════════════════════╕
│       train/episode/rew tracking lin vel/mean       │       17.235       │
├─────────────────────────────────────────────────────┼────────────────────┤
│       train/episode/rew tracking ang vel/mean       │       7.853        │
├─────────────────────────────────────────────────────┼────────────────────┤
│          train/episode/rew lin vel z/mean           │       -0.033       │
├─────────────────────────────────────────────────────┼────────────────────┤
│          train/episode/rew ang vel xy/mean          │       -0.022       │
├─────────────────────────────────────────────────────┼────────────────────┤
│           train/episode/rew torques/mean            │       -2.761       │
├─────────────────────────────────────────────────────┼────────────────────┤
│           train/episode/rew dof vel/mean            │       -0.242       │
├─────────────────────────────────────────────────────┼────────────────────┤
│           train/episode/rew dof acc/mean            │       -1.148       │
├─────────────────────────────────────────────────────┼────────────────────┤
│          train/episode/rew collision/mean           │       -0.175       │
├─────────────────────────────────────────────────────┼────────────────────┤
│         train/episode/rew action rate/mean          │       -1.435       │
├─────────────────────────────────────────────────────┼────────────────────┤
│train/episode/rew tracking contacts shaped force/mean│       -3.449       │
├─────────────────────────────────────────────────────┼────────────────────┤
│ train/episode/rew tracking contacts shaped vel/mean │       -1.999       │
├─────────────────────────────────────────────────────┼────────────────────┤
│             train/episode/rew jump/mean             │       -1.351       │
├─────────────────────────────────────────────────────┼────────────────────┤
│        train/episode/rew dof pos limits/mean        │       -0.377       │
├─────────────────────────────────────────────────────┼────────────────────┤
│          train/episode/rew feet slip/mean           │       -0.204       │
├─────────────────────────────────────────────────────┼────────────────────┤
│  train/episode/rew feet clearance cmd linear/mean   │       -2.514       │
├─────────────────────────────────────────────────────┼────────────────────┤
│     train/episode/rew action smoothness 1/mean      │       -0.638       │
├─────────────────────────────────────────────────────┼────────────────────┤
│     train/episode/rew action smoothness 2/mean      │       -0.859       │
├─────────────────────────────────────────────────────┼────────────────────┤
│      train/episode/rew raibert heuristic/mean       │       -1.61        │
├─────────────────────────────────────────────────────┼────────────────────┤
│     train/episode/rew orientation control/mean      │         0.         │
├─────────────────────────────────────────────────────┼────────────────────┤
│            train/episode/rew total/mean             │       11.561       │
├─────────────────────────────────────────────────────┼────────────────────┤
│       train/episode/min command duration/mean       │        0.5         │
├─────────────────────────────────────────────────────┼────────────────────┤
│       train/episode/max command duration/mean       │        0.5         │
├─────────────────────────────────────────────────────┼────────────────────┤
│        train/episode/min command bound/mean         │         0.         │
├─────────────────────────────────────────────────────┼────────────────────┤
│        train/episode/max command bound/mean         │         0.         │
├─────────────────────────────────────────────────────┼────────────────────┤
│        train/episode/min command offset/mean        │         0.         │
├─────────────────────────────────────────────────────┼────────────────────┤
│        train/episode/max command offset/mean        │         0.         │
├─────────────────────────────────────────────────────┼────────────────────┤
│        train/episode/min command phase/mean         │        0.5         │
├─────────────────────────────────────────────────────┼────────────────────┤
│        train/episode/max command phase/mean         │        0.5         │
├─────────────────────────────────────────────────────┼────────────────────┤
│         train/episode/min command freq/mean         │       2.001        │
├─────────────────────────────────────────────────────┼────────────────────┤
│         train/episode/max command freq/mean         │         4.         │
├─────────────────────────────────────────────────────┼────────────────────┤
│        train/episode/min command x vel/mean         │       -1.047       │
├─────────────────────────────────────────────────────┼────────────────────┤
│        train/episode/max command x vel/mean         │       1.047        │
├─────────────────────────────────────────────────────┼────────────────────┤
│        train/episode/min command y vel/mean         │        -0.2        │
├─────────────────────────────────────────────────────┼────────────────────┤
│        train/episode/max command y vel/mean         │        0.2         │
├─────────────────────────────────────────────────────┼────────────────────┤
│       train/episode/min command yaw vel/mean        │       -1.046       │
├─────────────────────────────────────────────────────┼────────────────────┤
│       train/episode/max command yaw vel/mean        │       1.047        │
├─────────────────────────────────────────────────────┼────────────────────┤
│     train/episode/min command swing height/mean     │        0.03        │
├─────────────────────────────────────────────────────┼────────────────────┤
│     train/episode/max command swing height/mean     │        0.35        │
├─────────────────────────────────────────────────────┼────────────────────┤
│        train/episode/command area trot/mean         │       0.274        │
├─────────────────────────────────────────────────────┼────────────────────┤
│            train/episode/min action/mean            │       -8.993       │
├─────────────────────────────────────────────────────┼────────────────────┤
│            train/episode/max action/mean            │       6.101        │
├─────────────────────────────────────────────────────┼────────────────────┤
│                  time elapsed/mean                  │      2092.879      │
├─────────────────────────────────────────────────────┼────────────────────┤
│                   time iter/mean                    │       2.122        │
├─────────────────────────────────────────────────────┼────────────────────┤
│                mean value loss/mean                 │       0.001        │
├─────────────────────────────────────────────────────┼────────────────────┤
│              mean surrogate loss/mean               │       -0.008       │
├─────────────────────────────────────────────────────┼────────────────────┤
│               mean decoder loss/mean                │         0.         │
├─────────────────────────────────────────────────────┼────────────────────┤
│           mean decoder loss student/mean            │         0.         │
├─────────────────────────────────────────────────────┼────────────────────┤
│             mean decoder test loss/mean             │         0.         │
├─────────────────────────────────────────────────────┼────────────────────┤
│         mean decoder test loss student/mean         │         0.         │
├─────────────────────────────────────────────────────┼────────────────────┤
│                      timesteps                      │      96436224      │
├─────────────────────────────────────────────────────┼────────────────────┤
│                     iterations                      │        980         │
╘═════════════════════════════════════════════════════╧════════════════════╛

══════════════════════════════════════════
[33m        job         [0m
────────────────────┬─────────────────────
       status       │ running             
      runTime       │ 2025-07-07 12:09:49.387299
════════════════════╧═════════════════════
╒═════════════════════════════════════════════════════╤════════════════════╕
│       train/episode/rew tracking lin vel/mean       │       17.591       │
├─────────────────────────────────────────────────────┼────────────────────┤
│       train/episode/rew tracking ang vel/mean       │       7.996        │
├─────────────────────────────────────────────────────┼────────────────────┤
│          train/episode/rew lin vel z/mean           │       -0.034       │
├─────────────────────────────────────────────────────┼────────────────────┤
│          train/episode/rew ang vel xy/mean          │       -0.021       │
├─────────────────────────────────────────────────────┼────────────────────┤
│           train/episode/rew torques/mean            │       -2.766       │
├─────────────────────────────────────────────────────┼────────────────────┤
│           train/episode/rew dof vel/mean            │       -0.245       │
├─────────────────────────────────────────────────────┼────────────────────┤
│           train/episode/rew dof acc/mean            │       -1.157       │
├─────────────────────────────────────────────────────┼────────────────────┤
│          train/episode/rew collision/mean           │       -0.154       │
├─────────────────────────────────────────────────────┼────────────────────┤
│         train/episode/rew action rate/mean          │       -1.449       │
├─────────────────────────────────────────────────────┼────────────────────┤
│train/episode/rew tracking contacts shaped force/mean│       -3.47        │
├─────────────────────────────────────────────────────┼────────────────────┤
│ train/episode/rew tracking contacts shaped vel/mean │       -2.019       │
├─────────────────────────────────────────────────────┼────────────────────┤
│             train/episode/rew jump/mean             │       -1.267       │
├─────────────────────────────────────────────────────┼────────────────────┤
│        train/episode/rew dof pos limits/mean        │       -0.372       │
├─────────────────────────────────────────────────────┼────────────────────┤
│          train/episode/rew feet slip/mean           │       -0.208       │
├─────────────────────────────────────────────────────┼────────────────────┤
│  train/episode/rew feet clearance cmd linear/mean   │       -2.546       │
├─────────────────────────────────────────────────────┼────────────────────┤
│     train/episode/rew action smoothness 1/mean      │       -0.645       │
├─────────────────────────────────────────────────────┼────────────────────┤
│     train/episode/rew action smoothness 2/mean      │       -0.871       │
├─────────────────────────────────────────────────────┼────────────────────┤
│      train/episode/rew raibert heuristic/mean       │       -1.587       │
├─────────────────────────────────────────────────────┼────────────────────┤
│     train/episode/rew orientation control/mean      │         0.         │
├─────────────────────────────────────────────────────┼────────────────────┤
│            train/episode/rew total/mean             │       11.954       │
├─────────────────────────────────────────────────────┼────────────────────┤
│       train/episode/min command duration/mean       │        0.5         │
├─────────────────────────────────────────────────────┼────────────────────┤
│       train/episode/max command duration/mean       │        0.5         │
├─────────────────────────────────────────────────────┼────────────────────┤
│        train/episode/min command bound/mean         │         0.         │
├─────────────────────────────────────────────────────┼────────────────────┤
│        train/episode/max command bound/mean         │         0.         │
├─────────────────────────────────────────────────────┼────────────────────┤
│        train/episode/min command offset/mean        │         0.         │
├─────────────────────────────────────────────────────┼────────────────────┤
│        train/episode/max command offset/mean        │         0.         │
├─────────────────────────────────────────────────────┼────────────────────┤
│        train/episode/min command phase/mean         │        0.5         │
├─────────────────────────────────────────────────────┼────────────────────┤
│        train/episode/max command phase/mean         │        0.5         │
├─────────────────────────────────────────────────────┼────────────────────┤
│         train/episode/min command freq/mean         │       2.001        │
├─────────────────────────────────────────────────────┼────────────────────┤
│         train/episode/max command freq/mean         │         4.         │
├─────────────────────────────────────────────────────┼────────────────────┤
│        train/episode/min command x vel/mean         │       -1.048       │
├─────────────────────────────────────────────────────┼────────────────────┤
│        train/episode/max command x vel/mean         │       1.047        │
├─────────────────────────────────────────────────────┼────────────────────┤
│        train/episode/min command y vel/mean         │        -0.2        │
├─────────────────────────────────────────────────────┼────────────────────┤
│        train/episode/max command y vel/mean         │        0.2         │
├─────────────────────────────────────────────────────┼────────────────────┤
│       train/episode/min command yaw vel/mean        │       -1.047       │
├─────────────────────────────────────────────────────┼────────────────────┤
│       train/episode/max command yaw vel/mean        │       1.046        │
├─────────────────────────────────────────────────────┼────────────────────┤
│     train/episode/min command swing height/mean     │        0.03        │
├─────────────────────────────────────────────────────┼────────────────────┤
│     train/episode/max command swing height/mean     │        0.35        │
├─────────────────────────────────────────────────────┼────────────────────┤
│        train/episode/command area trot/mean         │       0.274        │
├─────────────────────────────────────────────────────┼────────────────────┤
│            train/episode/min action/mean            │       -8.929       │
├─────────────────────────────────────────────────────┼────────────────────┤
│            train/episode/max action/mean            │       6.137        │
├─────────────────────────────────────────────────────┼────────────────────┤
│                  time elapsed/mean                  │      2114.159      │
├─────────────────────────────────────────────────────┼────────────────────┤
│                   time iter/mean                    │       2.134        │
├─────────────────────────────────────────────────────┼────────────────────┤
│                mean value loss/mean                 │       0.002        │
├─────────────────────────────────────────────────────┼────────────────────┤
│              mean surrogate loss/mean               │       -0.008       │
├─────────────────────────────────────────────────────┼────────────────────┤
│               mean decoder loss/mean                │         0.         │
├─────────────────────────────────────────────────────┼────────────────────┤
│           mean decoder loss student/mean            │         0.         │
├─────────────────────────────────────────────────────┼────────────────────┤
│             mean decoder test loss/mean             │         0.         │
├─────────────────────────────────────────────────────┼────────────────────┤
│         mean decoder test loss student/mean         │         0.         │
├─────────────────────────────────────────────────────┼────────────────────┤
│                      timesteps                      │      97419264      │
├─────────────────────────────────────────────────────┼────────────────────┤
│                     iterations                      │        990         │
╘═════════════════════════════════════════════════════╧════════════════════╛

══════════════════════════════════════════
[33m        job         [0m
────────────────────┬─────────────────────
       status       │ running             
      runTime       │ 2025-07-07 12:10:10.724894
════════════════════╧═════════════════════
╒═════════════════════════════════════════════════════╤════════════════════╕
│       train/episode/rew tracking lin vel/mean       │       17.165       │
├─────────────────────────────────────────────────────┼────────────────────┤
│       train/episode/rew tracking ang vel/mean       │       7.831        │
├─────────────────────────────────────────────────────┼────────────────────┤
│          train/episode/rew lin vel z/mean           │       -0.033       │
├─────────────────────────────────────────────────────┼────────────────────┤
│          train/episode/rew ang vel xy/mean          │       -0.022       │
├─────────────────────────────────────────────────────┼────────────────────┤
│           train/episode/rew torques/mean            │       -2.711       │
├─────────────────────────────────────────────────────┼────────────────────┤
│           train/episode/rew dof vel/mean            │       -0.256       │
├─────────────────────────────────────────────────────┼────────────────────┤
│           train/episode/rew dof acc/mean            │       -1.21        │
├─────────────────────────────────────────────────────┼────────────────────┤
│          train/episode/rew collision/mean           │       -0.139       │
├─────────────────────────────────────────────────────┼────────────────────┤
│         train/episode/rew action rate/mean          │       -1.467       │
├─────────────────────────────────────────────────────┼────────────────────┤
│train/episode/rew tracking contacts shaped force/mean│       -3.309       │
├─────────────────────────────────────────────────────┼────────────────────┤
│ train/episode/rew tracking contacts shaped vel/mean │       -2.122       │
├─────────────────────────────────────────────────────┼────────────────────┤
│             train/episode/rew jump/mean             │       -1.298       │
├─────────────────────────────────────────────────────┼────────────────────┤
│        train/episode/rew dof pos limits/mean        │       -0.396       │
├─────────────────────────────────────────────────────┼────────────────────┤
│          train/episode/rew feet slip/mean           │       -0.214       │
├─────────────────────────────────────────────────────┼────────────────────┤
│  train/episode/rew feet clearance cmd linear/mean   │       -2.508       │
├─────────────────────────────────────────────────────┼────────────────────┤
│     train/episode/rew action smoothness 1/mean      │       -0.658       │
├─────────────────────────────────────────────────────┼────────────────────┤
│     train/episode/rew action smoothness 2/mean      │       -0.869       │
├─────────────────────────────────────────────────────┼────────────────────┤
│      train/episode/rew raibert heuristic/mean       │       -1.612       │
├─────────────────────────────────────────────────────┼────────────────────┤
│     train/episode/rew orientation control/mean      │         0.         │
├─────────────────────────────────────────────────────┼────────────────────┤
│            train/episode/rew total/mean             │       11.485       │
├─────────────────────────────────────────────────────┼────────────────────┤
│       train/episode/min command duration/mean       │        0.5         │
├─────────────────────────────────────────────────────┼────────────────────┤
│       train/episode/max command duration/mean       │        0.5         │
├─────────────────────────────────────────────────────┼────────────────────┤
│        train/episode/min command bound/mean         │         0.         │
├─────────────────────────────────────────────────────┼────────────────────┤
│        train/episode/max command bound/mean         │         0.         │
├─────────────────────────────────────────────────────┼────────────────────┤
│        train/episode/min command offset/mean        │         0.         │
├─────────────────────────────────────────────────────┼────────────────────┤
│        train/episode/max command offset/mean        │         0.         │
├─────────────────────────────────────────────────────┼────────────────────┤
│        train/episode/min command phase/mean         │        0.5         │
├─────────────────────────────────────────────────────┼────────────────────┤
│        train/episode/max command phase/mean         │        0.5         │
├─────────────────────────────────────────────────────┼────────────────────┤
│         train/episode/min command freq/mean         │         2.         │
├─────────────────────────────────────────────────────┼────────────────────┤
│         train/episode/max command freq/mean         │         4.         │
├─────────────────────────────────────────────────────┼────────────────────┤
│        train/episode/min command x vel/mean         │       -1.048       │
├─────────────────────────────────────────────────────┼────────────────────┤
│        train/episode/max command x vel/mean         │       1.047        │
├─────────────────────────────────────────────────────┼────────────────────┤
│        train/episode/min command y vel/mean         │        -0.2        │
├─────────────────────────────────────────────────────┼────────────────────┤
│        train/episode/max command y vel/mean         │        0.2         │
├─────────────────────────────────────────────────────┼────────────────────┤
│       train/episode/min command yaw vel/mean        │       -1.047       │
├─────────────────────────────────────────────────────┼────────────────────┤
│       train/episode/max command yaw vel/mean        │       1.047        │
├─────────────────────────────────────────────────────┼────────────────────┤
│     train/episode/min command swing height/mean     │        0.03        │
├─────────────────────────────────────────────────────┼────────────────────┤
│     train/episode/max command swing height/mean     │        0.35        │
├─────────────────────────────────────────────────────┼────────────────────┤
│        train/episode/command area trot/mean         │       0.274        │
├─────────────────────────────────────────────────────┼────────────────────┤
│            train/episode/min action/mean            │       -8.957       │
├─────────────────────────────────────────────────────┼────────────────────┤
│            train/episode/max action/mean            │       6.111        │
├─────────────────────────────────────────────────────┼────────────────────┤
│                  time elapsed/mean                  │      2135.233      │
├─────────────────────────────────────────────────────┼────────────────────┤
│                   time iter/mean                    │       2.081        │
├─────────────────────────────────────────────────────┼────────────────────┤
│                mean value loss/mean                 │       0.001        │
├─────────────────────────────────────────────────────┼────────────────────┤
│              mean surrogate loss/mean               │       -0.007       │
├─────────────────────────────────────────────────────┼────────────────────┤
│               mean decoder loss/mean                │         0.         │
├─────────────────────────────────────────────────────┼────────────────────┤
│           mean decoder loss student/mean            │         0.         │
├─────────────────────────────────────────────────────┼────────────────────┤
│             mean decoder test loss/mean             │         0.         │
├─────────────────────────────────────────────────────┼────────────────────┤
│         mean decoder test loss student/mean         │         0.         │
├─────────────────────────────────────────────────────┼────────────────────┤
│                      timesteps                      │      98402304      │
├─────────────────────────────────────────────────────┼────────────────────┤
│                     iterations                      │        1000        │
╘═════════════════════════════════════════════════════╧════════════════════╛

══════════════════════════════════════════
[33m        job         [0m
────────────────────┬─────────────────────
       status       │ running             
      runTime       │ 2025-07-07 12:10:31.530452
════════════════════╧═════════════════════
╒═════════════════════════════════════════════════════╤════════════════════╕
│       train/episode/rew tracking lin vel/mean       │       17.015       │
├─────────────────────────────────────────────────────┼────────────────────┤
│       train/episode/rew tracking ang vel/mean       │       7.744        │
├─────────────────────────────────────────────────────┼────────────────────┤
│          train/episode/rew lin vel z/mean           │       -0.034       │
├─────────────────────────────────────────────────────┼────────────────────┤
│          train/episode/rew ang vel xy/mean          │       -0.022       │
├─────────────────────────────────────────────────────┼────────────────────┤
│           train/episode/rew torques/mean            │       -2.683       │
├─────────────────────────────────────────────────────┼────────────────────┤
│           train/episode/rew dof vel/mean            │       -0.238       │
├─────────────────────────────────────────────────────┼────────────────────┤
│           train/episode/rew dof acc/mean            │       -1.12        │
├─────────────────────────────────────────────────────┼────────────────────┤
│          train/episode/rew collision/mean           │       -0.183       │
├─────────────────────────────────────────────────────┼────────────────────┤
│         train/episode/rew action rate/mean          │       -1.391       │
├─────────────────────────────────────────────────────┼────────────────────┤
│train/episode/rew tracking contacts shaped force/mean│       -3.355       │
├─────────────────────────────────────────────────────┼────────────────────┤
│ train/episode/rew tracking contacts shaped vel/mean │       -1.993       │
├─────────────────────────────────────────────────────┼────────────────────┤
│             train/episode/rew jump/mean             │       -1.25        │
├─────────────────────────────────────────────────────┼────────────────────┤
│        train/episode/rew dof pos limits/mean        │       -0.34        │
├─────────────────────────────────────────────────────┼────────────────────┤
│          train/episode/rew feet slip/mean           │       -0.202       │
├─────────────────────────────────────────────────────┼────────────────────┤
│  train/episode/rew feet clearance cmd linear/mean   │       -2.308       │
├─────────────────────────────────────────────────────┼────────────────────┤
│     train/episode/rew action smoothness 1/mean      │       -0.617       │
├─────────────────────────────────────────────────────┼────────────────────┤
│     train/episode/rew action smoothness 2/mean      │       -0.837       │
├─────────────────────────────────────────────────────┼────────────────────┤
│      train/episode/rew raibert heuristic/mean       │       -1.602       │
├─────────────────────────────────────────────────────┼────────────────────┤
│     train/episode/rew orientation control/mean      │         0.         │
├─────────────────────────────────────────────────────┼────────────────────┤
│            train/episode/rew total/mean             │       11.605       │
├─────────────────────────────────────────────────────┼────────────────────┤
│       train/episode/min command duration/mean       │        0.5         │
├─────────────────────────────────────────────────────┼────────────────────┤
│       train/episode/max command duration/mean       │        0.5         │
├─────────────────────────────────────────────────────┼────────────────────┤
│        train/episode/min command bound/mean         │         0.         │
├─────────────────────────────────────────────────────┼────────────────────┤
│        train/episode/max command bound/mean         │         0.         │
├─────────────────────────────────────────────────────┼────────────────────┤
│        train/episode/min command offset/mean        │         0.         │
├─────────────────────────────────────────────────────┼────────────────────┤
│        train/episode/max command offset/mean        │         0.         │
├─────────────────────────────────────────────────────┼────────────────────┤
│        train/episode/min command phase/mean         │        0.5         │
├─────────────────────────────────────────────────────┼────────────────────┤
│        train/episode/max command phase/mean         │        0.5         │
├─────────────────────────────────────────────────────┼────────────────────┤
│         train/episode/min command freq/mean         │         2.         │
├─────────────────────────────────────────────────────┼────────────────────┤
│         train/episode/max command freq/mean         │         4.         │
├─────────────────────────────────────────────────────┼────────────────────┤
│        train/episode/min command x vel/mean         │       -1.047       │
├─────────────────────────────────────────────────────┼────────────────────┤
│        train/episode/max command x vel/mean         │       1.047        │
├─────────────────────────────────────────────────────┼────────────────────┤
│        train/episode/min command y vel/mean         │        -0.2        │
├─────────────────────────────────────────────────────┼────────────────────┤
│        train/episode/max command y vel/mean         │        0.2         │
├─────────────────────────────────────────────────────┼────────────────────┤
│       train/episode/min command yaw vel/mean        │       -1.047       │
├─────────────────────────────────────────────────────┼────────────────────┤
│       train/episode/max command yaw vel/mean        │       1.047        │
├─────────────────────────────────────────────────────┼────────────────────┤
│     train/episode/min command swing height/mean     │        0.03        │
├─────────────────────────────────────────────────────┼────────────────────┤
│     train/episode/max command swing height/mean     │        0.35        │
├─────────────────────────────────────────────────────┼────────────────────┤
│        train/episode/command area trot/mean         │       0.274        │
├─────────────────────────────────────────────────────┼────────────────────┤
│            train/episode/min action/mean            │       -9.181       │
├─────────────────────────────────────────────────────┼────────────────────┤
│            train/episode/max action/mean            │       6.198        │
├─────────────────────────────────────────────────────┼────────────────────┤
│                  time elapsed/mean                  │      2157.491      │
├─────────────────────────────────────────────────────┼────────────────────┤
│                   time iter/mean                    │       2.296        │
├─────────────────────────────────────────────────────┼────────────────────┤
│                mean value loss/mean                 │       0.003        │
├─────────────────────────────────────────────────────┼────────────────────┤
│              mean surrogate loss/mean               │       -0.009       │
├─────────────────────────────────────────────────────┼────────────────────┤
│               mean decoder loss/mean                │         0.         │
├─────────────────────────────────────────────────────┼────────────────────┤
│           mean decoder loss student/mean            │         0.         │
├─────────────────────────────────────────────────────┼────────────────────┤
│             mean decoder test loss/mean             │         0.         │
├─────────────────────────────────────────────────────┼────────────────────┤
│         mean decoder test loss student/mean         │         0.         │
├─────────────────────────────────────────────────────┼────────────────────┤
│                      timesteps                      │      99385344      │
├─────────────────────────────────────────────────────┼────────────────────┤
│                     iterations                      │        1010        │
╘═════════════════════════════════════════════════════╧════════════════════╛

══════════════════════════════════════════
[33m        job         [0m
────────────────────┬─────────────────────
       status       │ running             
      runTime       │ 2025-07-07 12:10:54.490999
════════════════════╧═════════════════════
